patient	age	gender	ajcc_stage
TCGA-05-4244	70	male	Stage IV
TCGA-05-4245	81	male	Stage IIIA
TCGA-05-4249	67	male	Stage IB
TCGA-05-4250	79	female	Stage IIIA
TCGA-05-4382	68	male	Stage IB
TCGA-05-4384	66	male	Stage IIIA
TCGA-05-4389	70	male	Stage IA
TCGA-05-4390	58	female	Stage IB
TCGA-05-4395	76	male	Stage IIIB
TCGA-05-4396	76	male	Stage IIIB
TCGA-05-4397	65	male	Stage IIB
TCGA-05-4398	47	female	Stage IIIB
TCGA-05-4402	56	female	Stage IV
TCGA-05-4403	76	male	Stage IB
TCGA-05-4405	74	female	Stage IB
TCGA-05-4410	62	male	Stage IB
TCGA-05-4415	57	male	Stage IIIB
TCGA-05-4417	51	female	Stage IB
TCGA-05-4418	69	male	Stage IIIA
TCGA-05-4420	41	male	Stage IB
TCGA-05-4422	68	male	Stage IB
TCGA-05-4424	70	male	Stage IIB
TCGA-05-4425	70	female	Stage IV
TCGA-05-4426	71	male	Stage IB
TCGA-05-4427	65	female	Stage IIB
TCGA-05-4430	59	female	Stage IB
TCGA-05-4432	66	male	Stage IIB
TCGA-05-4433	82	male	Stage IB
TCGA-05-4434	67	female	Stage IV
TCGA-05-5420	67	male	Stage IIIA
TCGA-05-5423	65	male	Stage IIB
TCGA-05-5425	68	male	Stage IIB
TCGA-05-5428	57	male	Stage IIA
TCGA-05-5429	60	male	Stage IIIA
TCGA-05-5715	69	female	Stage IB
TCGA-17-Z000			
TCGA-17-Z001			
TCGA-17-Z002			
TCGA-17-Z003			
TCGA-17-Z004			
TCGA-17-Z005			
TCGA-17-Z006			
TCGA-17-Z007			
TCGA-17-Z008			
TCGA-17-Z009			
TCGA-17-Z010			
TCGA-17-Z011			
TCGA-17-Z012			
TCGA-17-Z013			
TCGA-17-Z014			
TCGA-17-Z015			
TCGA-17-Z016			
TCGA-17-Z017			
TCGA-17-Z018			
TCGA-17-Z019			
TCGA-17-Z020			
TCGA-17-Z021			
TCGA-17-Z022			
TCGA-17-Z023			
TCGA-17-Z024			
TCGA-17-Z025			
TCGA-17-Z026			
TCGA-17-Z027			
TCGA-17-Z028			
TCGA-17-Z029			
TCGA-17-Z030			
TCGA-17-Z031			
TCGA-17-Z032			
TCGA-17-Z033			
TCGA-17-Z034			
TCGA-17-Z035			
TCGA-17-Z036			
TCGA-17-Z037			
TCGA-17-Z038			
TCGA-17-Z039			
TCGA-17-Z040			
TCGA-17-Z041			
TCGA-17-Z042			
TCGA-17-Z043			
TCGA-17-Z044			
TCGA-17-Z045			
TCGA-17-Z046			
TCGA-17-Z047			
TCGA-17-Z048			
TCGA-17-Z049			
TCGA-17-Z050			
TCGA-17-Z051			
TCGA-17-Z052			
TCGA-17-Z053			
TCGA-17-Z054			
TCGA-17-Z055			
TCGA-17-Z056			
TCGA-17-Z057			
TCGA-17-Z058			
TCGA-17-Z059			
TCGA-17-Z060			
TCGA-17-Z061			
TCGA-17-Z062			
TCGA-35-3615	57	male	Stage IB
TCGA-35-4122	69	male	Stage IA
TCGA-35-4123	38	male	Stage IA
TCGA-35-5375	61	male	Stage IIIA
TCGA-38-4625	66	female	Stage IB
TCGA-38-4626	57	female	
TCGA-38-4627	64	female	Stage IIA
TCGA-38-4628	65	female	Stage IIB
TCGA-38-4629	68	male	Stage IIB
TCGA-38-4630	75	female	Stage IB
TCGA-38-4631	72	female	Stage IB
TCGA-38-4632	42	male	Stage IV
TCGA-38-6178	70	female	Stage IIIA
TCGA-38-7271	72	female	Stage IIA
TCGA-38-A44F	80	male	Stage IB
TCGA-44-2655	65	female	Stage IA
TCGA-44-2656	59	male	Stage IB
TCGA-44-2657	74	female	Stage IB
TCGA-44-2659	65	female	Stage IIB
TCGA-44-2661	69	female	Stage IA
TCGA-44-2662	65	male	Stage IB
TCGA-44-2664	66	female	Stage IA
TCGA-44-2665	55	female	Stage IIB
TCGA-44-2666	43	male	Stage IB
TCGA-44-2668	51	male	Stage IB
TCGA-44-3396	74	female	Stage IIIA
TCGA-44-3398	77	female	Stage IA
TCGA-44-3917	33	female	Stage IB
TCGA-44-3918	60	female	Stage IA
TCGA-44-3919	71	female	Stage IA
TCGA-44-4112	60	female	Stage IB
TCGA-44-5643	53	male	Stage IIIA
TCGA-44-5644	51	female	Stage IB
TCGA-44-5645	61	female	Stage IA
TCGA-44-6144	58	male	Stage IA
TCGA-44-6145	62	female	Stage IA
TCGA-44-6146	64	male	Stage IIB
TCGA-44-6147	67	female	Stage IA
TCGA-44-6148	60	male	Stage IA
TCGA-44-6774	56	female	Stage IIIA
TCGA-44-6775	72	female	Stage IB
TCGA-44-6776	60	female	Stage IA
TCGA-44-6777	85	female	Stage IB
TCGA-44-6778	59	male	Stage IA
TCGA-44-6779	50	female	Stage IIB
TCGA-44-7659	70	male	Stage IA
TCGA-44-7660	72	male	Stage IB
TCGA-44-7661	69	female	Stage I
TCGA-44-7662	61	male	Stage IB
TCGA-44-7667	49	female	Stage IIB
TCGA-44-7669	59	male	Stage IIA
TCGA-44-7670	47	female	Stage IIA
TCGA-44-7671	64	male	Stage IB
TCGA-44-7672	52	female	Stage IA
TCGA-44-8117	54	female	Stage IB
TCGA-44-8119	73	male	Stage IIB
TCGA-44-8120	58	male	Stage IB
TCGA-44-A479	73	female	Stage IB
TCGA-44-A47A	78	female	Stage IB
TCGA-44-A47B	79	male	Stage IB
TCGA-44-A47F	74	male	Stage IIB
TCGA-44-A47G	73	female	Stage IA
TCGA-44-A4SS	73	male	Stage IA
TCGA-44-A4SU	67	female	Stage IA
TCGA-49-4486	72	male	Stage IA
TCGA-49-4487	72	female	Stage IA
TCGA-49-4488	74	female	Stage IA
TCGA-49-4490	45	female	Stage IIIA
TCGA-49-4494	77	male	Stage IIIA
TCGA-49-4501	67	female	Stage IB
TCGA-49-4505	61	female	Stage IIB
TCGA-49-4506	68	female	Stage IIB
TCGA-49-4507	73	female	Stage IIIA
TCGA-49-4510	51	female	Stage IIB
TCGA-49-4512	69	female	Stage IIIA
TCGA-49-4514	79	female	Stage IA
TCGA-49-6742	70	male	Stage IIA
TCGA-49-6743	81	female	Stage IIIA
TCGA-49-6744	64	female	Stage IIA
TCGA-49-6745	82	male	Stage IIIA
TCGA-49-6761	68	female	Stage IIIA
TCGA-49-6767	46	female	Stage IIB
TCGA-49-AAQV	63	female	Stage II
TCGA-49-AAR0	57	male	Stage IA
TCGA-49-AAR2	64	male	Stage IB
TCGA-49-AAR3	69	male	Stage IIB
TCGA-49-AAR4	51	male	Stage IIIA
TCGA-49-AAR9	61	male	Stage IIB
TCGA-49-AARE	51	female	Stage IA
TCGA-49-AARN	56	female	Stage IA
TCGA-49-AARO	39	female	Stage IA
TCGA-49-AARQ	41	female	Stage I
TCGA-49-AARR	68	male	Stage IA
TCGA-4B-A93V	52	female	Stage IA
TCGA-50-5044	72	female	Stage IIIB
TCGA-50-5045	57	female	
TCGA-50-5049	70	male	Stage IA
TCGA-50-5051	42	female	Stage IIIA
TCGA-50-5055	79	female	Stage IIA
TCGA-50-5066	72	male	Stage IB
TCGA-50-5068	59	female	Stage IIB
TCGA-50-5072	74	male	Stage IIIA
TCGA-50-5930	47	male	Stage IIIA
TCGA-50-5931	75	female	Stage IB
TCGA-50-5932	75	male	Stage IA
TCGA-50-5933	72	male	Stage IIIB
TCGA-50-5935	86	female	Stage IA
TCGA-50-5936	58	male	Stage IIIA
TCGA-50-5939	85	male	Stage IB
TCGA-50-5941	55	female	Stage IIIA
TCGA-50-5942	67	female	Stage IA
TCGA-50-5944	69	female	Stage IA
TCGA-50-5946	62	male	Stage IA
TCGA-50-6590	72	female	Stage IB
TCGA-50-6591	63	female	Stage IV
TCGA-50-6592	71	female	Stage IB
TCGA-50-6593	49	female	Stage IIIA
TCGA-50-6594	79	female	Stage IIIA
TCGA-50-6595	74	female	Stage IIIA
TCGA-50-6597	79	female	Stage IB
TCGA-50-6673	84	female	Stage I
TCGA-50-7109	60	male	Stage IA
TCGA-50-8457	63	female	Stage IA
TCGA-50-8459	68	male	Stage IIB
TCGA-50-8460	74	male	Stage IA
TCGA-53-7624	40	female	Stage IV
TCGA-53-7626	76	female	Stage IIA
TCGA-53-7813	51	female	Stage IIIB
TCGA-53-A4EZ	63	male	Stage IIA
TCGA-55-1592	65	male	Stage IA
TCGA-55-1594	68	male	Stage IIIA
TCGA-55-1595	74	female	Stage IA
TCGA-55-1596	55	male	Stage IIB
TCGA-55-5899	58	male	
TCGA-55-6543	60	female	Stage IA
TCGA-55-6642	63	male	Stage IB
TCGA-55-6712	71	male	Stage IIA
TCGA-55-6968	61	male	Stage IV
TCGA-55-6969	52	male	Stage IB
TCGA-55-6970	67	female	Stage IIIA
TCGA-55-6971	59	female	Stage IB
TCGA-55-6972	72	male	Stage IB
TCGA-55-6975	61	male	Stage IIB
TCGA-55-6978	81	male	Stage IIA
TCGA-55-6979	59	female	Stage IIB
TCGA-55-6980	56	male	Stage IA
TCGA-55-6981	53	female	Stage IIIA
TCGA-55-6982	79	female	Stage IIB
TCGA-55-6983	81	male	Stage IIB
TCGA-55-6984	71	female	Stage IIB
TCGA-55-6985	58	female	Stage IB
TCGA-55-6986	74	female	Stage IB
TCGA-55-6987	77	male	Stage IA
TCGA-55-7227	77	male	Stage IIIA
TCGA-55-7281	70	female	Stage IA
TCGA-55-7283	76	female	Stage IIIA
TCGA-55-7284	74	male	Stage IIB
TCGA-55-7570	60	male	Stage IA
TCGA-55-7573	72	female	Stage IA
TCGA-55-7574	64	female	Stage IB
TCGA-55-7576	54	male	Stage IB
TCGA-55-7724	76	female	Stage IB
TCGA-55-7725	68	female	Stage IA
TCGA-55-7726	72	female	Stage IA
TCGA-55-7727	70	male	Stage IIIA
TCGA-55-7728	64	female	Stage IB
TCGA-55-7815	76	male	Stage IB
TCGA-55-7816	49	female	Stage IV
TCGA-55-7903	64	male	Stage IA
TCGA-55-7907	77	male	Stage IIA
TCGA-55-7910	50	female	Stage IIA
TCGA-55-7911	70	female	Stage IA
TCGA-55-7913	61	female	Stage IA
TCGA-55-7914	71	female	Stage IIA
TCGA-55-7994	81	male	Stage IIB
TCGA-55-7995	73	female	Stage IA
TCGA-55-8085	64	male	Stage IA
TCGA-55-8087	59	female	Stage IB
TCGA-55-8089	56	male	Stage IA
TCGA-55-8090	80	male	Stage IB
TCGA-55-8091	74	male	Stage IB
TCGA-55-8092	75	male	Stage IIB
TCGA-55-8094	51	male	Stage IV
TCGA-55-8096	67	female	Stage IB
TCGA-55-8097	60	female	Stage IA
TCGA-55-8203	69	female	Stage IA
TCGA-55-8204	87	female	Stage IB
TCGA-55-8205	76	female	Stage IIA
TCGA-55-8206	56	male	Stage IA
TCGA-55-8207	73	male	Stage IB
TCGA-55-8208	73	female	Stage IA
TCGA-55-8299	61	female	Stage IA
TCGA-55-8301	58	male	Stage IB
TCGA-55-8302	54	male	Stage IB
TCGA-55-8505	62	male	Stage IIIA
TCGA-55-8506	62	female	Stage IIB
TCGA-55-8507	53	male	Stage IA
TCGA-55-8508	60	female	Stage IIA
TCGA-55-8510	55	female	Stage IB
TCGA-55-8511	73	female	Stage IB
TCGA-55-8512	41	male	Stage IV
TCGA-55-8513	77	female	Stage IIB
TCGA-55-8514	70	female	Stage IB
TCGA-55-8614	76	male	Stage IB
TCGA-55-8615	67	male	Stage IIIA
TCGA-55-8616	58	female	Stage IB
TCGA-55-8619	72	female	Stage IIB
TCGA-55-8620	60	male	Stage IV
TCGA-55-8621	75	female	Stage IA
TCGA-55-A48X	63	female	Stage IIA
TCGA-55-A48Y	69	male	Stage IIA
TCGA-55-A48Z	60	female	Stage IIIB
TCGA-55-A490	78	male	Stage IIA
TCGA-55-A491	81	female	Stage IA
TCGA-55-A492	70	female	Stage IIA
TCGA-55-A493	54	female	Stage IB
TCGA-55-A494	61	female	Stage IB
TCGA-55-A4DF	88	male	Stage IA
TCGA-55-A4DG	71	male	Stage IA
TCGA-55-A57B	80	female	Stage IA
TCGA-62-8394	65	female	Stage IIIB
TCGA-62-8395	80	female	Stage IIB
TCGA-62-8397	70	female	Stage IIB
TCGA-62-8398	55	male	Stage IIIA
TCGA-62-8399	62	male	Stage IIIA
TCGA-62-8402	73	female	Stage IIIA
TCGA-62-A46O	65	female	Stage IB
TCGA-62-A46P	65	male	Stage IB
TCGA-62-A46R	54	female	Stage IB
TCGA-62-A46S	73	male	Stage IB
TCGA-62-A46U	71	female	Stage IIB
TCGA-62-A46V	78	female	Stage IB
TCGA-62-A46Y	70	female	Stage IIIA
TCGA-62-A470	84	male	Stage IB
TCGA-62-A471	64	male	Stage IIB
TCGA-62-A472	70	male	Stage IIB
TCGA-64-1676	58	male	Stage IA
TCGA-64-1677	77	female	Stage IIIA
TCGA-64-1678	70	female	
TCGA-64-1679	58	female	Stage IIIA
TCGA-64-1680	63	male	Stage IV
TCGA-64-1681	61	female	Stage IA
TCGA-64-5774	60	male	Stage IB
TCGA-64-5775	71	male	Stage IIIA
TCGA-64-5778	60	male	Stage IB
TCGA-64-5779	61	male	Stage IIIA
TCGA-64-5781	55	female	Stage IB
TCGA-64-5815	74	male	Stage IIB
TCGA-67-3770	70	female	Stage IA
TCGA-67-3771	77	female	Stage IA
TCGA-67-3772	82	female	Stage IB
TCGA-67-3773	84	female	Stage IB
TCGA-67-3774	73	female	Stage IB
TCGA-67-3776	57	female	Stage IIB
TCGA-67-4679	68	male	
TCGA-67-6215	52	female	Stage IB
TCGA-67-6216	57	female	Stage IA
TCGA-67-6217	73	female	Stage IIA
TCGA-69-7760	73	male	Stage IIB
TCGA-69-7761	84	male	Stage IB
TCGA-69-7763	69	male	Stage IA
TCGA-69-7764	75	male	Stage IA
TCGA-69-7765	56	male	
TCGA-69-7973	42	female	Stage IB
TCGA-69-7974	54	female	Stage IIIA
TCGA-69-7978	59	male	Stage IIB
TCGA-69-7979	71	female	Stage IB
TCGA-69-7980	70	female	Stage I
TCGA-69-8253	59	female	Stage IIA
TCGA-69-8254	85	male	
TCGA-69-8255	71	male	Stage IA
TCGA-69-8453	77	male	Stage IIB
TCGA-69-A59K	60	female	Stage IIB
TCGA-71-6725	48	female	Stage IB
TCGA-71-8520	60	female	Stage IB
TCGA-73-4658	80	female	Stage IB
TCGA-73-4659	66	male	Stage IIIA
TCGA-73-4662	65	female	Stage I
TCGA-73-4666	52	female	Stage IV
TCGA-73-4668	66	female	Stage IIB
TCGA-73-4670	69	female	Stage IV
TCGA-73-4675	59	male	Stage IIIA
TCGA-73-4676	45	male	Stage IIA
TCGA-73-4677	74	male	
TCGA-73-7498	58	female	Stage IA
TCGA-73-7499	81	female	Stage IB
TCGA-73-A9RS	41	male	Stage IIB
TCGA-75-5122		male	Stage IB
TCGA-75-5125		male	Stage IIB
TCGA-75-5126		female	Stage IIIA
TCGA-75-5146		male	Stage IB
TCGA-75-5147		female	Stage IB
TCGA-75-6203		female	Stage IIIA
TCGA-75-6205		female	Stage IB
TCGA-75-6206		male	Stage IB
TCGA-75-6207		male	Stage IIIA
TCGA-75-6211		female	Stage IB
TCGA-75-6212		female	Stage IIB
TCGA-75-6214		female	Stage IIIA
TCGA-75-7025		male	Stage IB
TCGA-75-7027		male	Stage IB
TCGA-75-7030		male	Stage IIB
TCGA-75-7031		female	Stage IB
TCGA-78-7143	62	female	Stage IB
TCGA-78-7145	52	female	Stage IV
TCGA-78-7146	71	female	Stage IIIA
TCGA-78-7147	67	female	Stage IIB
TCGA-78-7148	71	male	Stage IIB
TCGA-78-7149	71	male	Stage IIIB
TCGA-78-7150	59	male	Stage IIB
TCGA-78-7152	65	male	Stage IB
TCGA-78-7153	65	female	Stage IB
TCGA-78-7154	72	male	Stage IIIA
TCGA-78-7155	68	male	Stage IB
TCGA-78-7156	62	male	Stage IV
TCGA-78-7158	59	female	Stage IIIB
TCGA-78-7159	60	female	Stage IA
TCGA-78-7160	61	male	Stage IV
TCGA-78-7161	69	female	Stage IIB
TCGA-78-7162	75	male	Stage IA
TCGA-78-7163	60	male	Stage IB
TCGA-78-7166	84	male	Stage IIB
TCGA-78-7167	77	male	Stage IV
TCGA-78-7220	53	female	Stage IIIA
TCGA-78-7535	45	male	Stage IB
TCGA-78-7536	69	male	Stage IIIA
TCGA-78-7537	72	male	Stage IB
TCGA-78-7539	75	female	Stage IIA
TCGA-78-7540	66	female	Stage IB
TCGA-78-7542	56	male	Stage IB
TCGA-78-7633	67	male	Stage IB
TCGA-78-8640	59	male	Stage IIA
TCGA-78-8648	58	female	Stage IIB
TCGA-78-8655	77	female	Stage IA
TCGA-78-8660	69	male	Stage IIB
TCGA-78-8662	53	female	Stage IB
TCGA-80-5607		female	Stage IIB
TCGA-80-5608		female	Stage IA
TCGA-80-5611		male	Stage IB
TCGA-83-5908	59	female	Stage IA
TCGA-86-6562	52	male	Stage IIA
TCGA-86-6851	73	female	Stage IIA
TCGA-86-7701	66	male	Stage IV
TCGA-86-7711	70	male	Stage IIA
TCGA-86-7713	70	male	Stage IIA
TCGA-86-7714	61	female	Stage IIIA
TCGA-86-7953	69	female	Stage IA
TCGA-86-7954	68	female	Stage IB
TCGA-86-7955	62	male	Stage IB
TCGA-86-8054	61	male	Stage IIB
TCGA-86-8055	79	male	Stage IIA
TCGA-86-8056	63	female	Stage IIIA
TCGA-86-8073	58	male	Stage IB
TCGA-86-8074	62	female	Stage IIA
TCGA-86-8075	66	female	Stage IB
TCGA-86-8076	42	male	Stage IA
TCGA-86-8278	63	female	Stage IIB
TCGA-86-8279	46	male	Stage IIA
TCGA-86-8280	54	female	Stage IIA
TCGA-86-8281	75	male	Stage IA
TCGA-86-8358	44	male	Stage IB
TCGA-86-8359	52	male	Stage IIIA
TCGA-86-8585	57	male	Stage IB
TCGA-86-8668	61	female	Stage IA
TCGA-86-8669	64	male	Stage IA
TCGA-86-8671	72	female	Stage IIB
TCGA-86-8672	59	male	Stage IIB
TCGA-86-8673	61	male	Stage IB
TCGA-86-8674	50	male	Stage IIA
TCGA-86-A456	78	female	Stage IA
TCGA-86-A4D0	48	male	Stage IIA
TCGA-86-A4JF	56	male	Stage IIB
TCGA-86-A4P7	63	female	Stage IB
TCGA-86-A4P8	59	female	Stage IIIA
TCGA-91-6828	70	male	Stage IA
TCGA-91-6829	78	male	Stage IB
TCGA-91-6830	65	female	Stage IIA
TCGA-91-6831	66	male	Stage IB
TCGA-91-6835	81	female	Stage IA
TCGA-91-6836	52	female	Stage IB
TCGA-91-6840	59	female	Stage IA
TCGA-91-6847	62	female	Stage IB
TCGA-91-6848	59	male	Stage IIIA
TCGA-91-6849	75	female	Stage IIIA
TCGA-91-7771	62	male	Stage IIB
TCGA-91-8496	63	female	Stage IB
TCGA-91-8497	75	female	Stage IA
TCGA-91-8499	76	female	Stage IA
TCGA-91-A4BC	59	male	Stage IIA
TCGA-91-A4BD	78	male	Stage IIA
TCGA-93-7347	76	female	Stage IA
TCGA-93-7348	75	female	Stage IA
TCGA-93-8067	77	male	Stage IB
TCGA-93-A4JN	71	male	Stage IV
TCGA-93-A4JO	70	male	Stage IA
TCGA-93-A4JP	64	male	Stage IV
TCGA-93-A4JQ	49	male	Stage IA
TCGA-95-7039	54	female	Stage IIB
TCGA-95-7043	63	female	Stage IA
TCGA-95-7562	71	male	Stage IIA
TCGA-95-7567	61	male	Stage IIB
TCGA-95-7944	71	male	Stage IA
TCGA-95-7947	67	male	Stage IA
TCGA-95-7948	42	female	Stage I
TCGA-95-8039	72	male	Stage IA
TCGA-95-8494	67	male	Stage IIA
TCGA-95-A4VK	74	female	Stage IIIA
TCGA-95-A4VN	62	female	Stage IIA
TCGA-95-A4VP	66	female	Stage IIIA
TCGA-97-7546	76	female	Stage IA
TCGA-97-7547	67	female	Stage IB
TCGA-97-7552	70	male	Stage IB
TCGA-97-7553	58	female	Stage IA
TCGA-97-7554	83	female	Stage IIIA
TCGA-97-7937	65	male	Stage IB
TCGA-97-7938	76	female	Stage IA
TCGA-97-7941	72	female	Stage IA
TCGA-97-8171	81	male	Stage IV
TCGA-97-8172	75	female	Stage IB
TCGA-97-8174	67	male	Stage IIA
TCGA-97-8175	55	female	Stage IB
TCGA-97-8176	63	male	Stage IIIA
TCGA-97-8177	59	female	Stage IB
TCGA-97-8179	72	male	Stage IA
TCGA-97-8547	78	female	Stage IIIA
TCGA-97-8552	55	female	Stage I
TCGA-97-A4LX	81	male	Stage IB
TCGA-97-A4M0	60	female	Stage IB
TCGA-97-A4M1	52	female	Stage IA
TCGA-97-A4M2	66	male	Stage IA
TCGA-97-A4M3	69	female	Stage IA
TCGA-97-A4M5	83	male	Stage IA
TCGA-97-A4M6	45	female	Stage IA
TCGA-97-A4M7	74	male	Stage IA
TCGA-99-7458	74	female	Stage IIIA
TCGA-99-8025	72	female	Stage IIIA
TCGA-99-8028	50	female	Stage IA
TCGA-99-8032	61	male	Stage IA
TCGA-99-8033	74	female	Stage IV
TCGA-99-AA5R	70	female	Stage IA
TCGA-J2-8192	65	female	Stage IIA
TCGA-J2-8194	69	female	Stage IIB
TCGA-J2-A4AD	61	female	Stage IA
TCGA-J2-A4AE	77	female	Stage IA
TCGA-J2-A4AG	66	female	Stage IA
TCGA-L4-A4E5	48	female	Stage I
TCGA-L4-A4E6	67	male	Stage IA
TCGA-L9-A443	63	female	Stage IA
TCGA-L9-A444	60	female	Stage IB
TCGA-L9-A50W	75	male	Stage IIA
TCGA-L9-A5IP	40	female	Stage IV
TCGA-L9-A743	56	male	Stage IIA
TCGA-L9-A7SV	69	male	Stage IIA
TCGA-L9-A8F4	64	female	Stage IB
TCGA-MN-A4N1	60	male	Stage II
TCGA-MN-A4N4	57	male	Stage IA
TCGA-MN-A4N5	63	male	Stage IA
TCGA-MP-A4SV	67	male	Stage IB
TCGA-MP-A4SW	53	male	Stage IIB
TCGA-MP-A4SY	61	male	Stage IIB
TCGA-MP-A4T2	71	male	Stage IA
TCGA-MP-A4T4	68	female	Stage IIB
TCGA-MP-A4T6	76	female	Stage IIIA
TCGA-MP-A4T7	75	female	Stage IV
TCGA-MP-A4T8	68	male	Stage IIIA
TCGA-MP-A4T9	54	female	Stage IIIA
TCGA-MP-A4TA	75	female	Stage IA
TCGA-MP-A4TC	77	male	Stage IIIA
TCGA-MP-A4TD	71	male	Stage IIIA
TCGA-MP-A4TE	56	male	Stage IIA
TCGA-MP-A4TF	58	female	Stage IIA
TCGA-MP-A4TH	70	female	Stage IA
TCGA-MP-A4TI	72	male	Stage IIA
TCGA-MP-A4TJ	62	female	Stage IA
TCGA-MP-A4TK	56	female	Stage IIB
TCGA-MP-A5C7	76	female	Stage IB
TCGA-NJ-A4YF	50	female	Stage IA
TCGA-NJ-A4YG	65	male	Stage IB
TCGA-NJ-A4YI	87	female	Stage IIIA
TCGA-NJ-A4YP	52	male	Stage IB
TCGA-NJ-A4YQ	69	female	Stage IA
TCGA-NJ-A55A	76	female	Stage IB
TCGA-NJ-A55O	56	female	Stage IIA
TCGA-NJ-A55R	67	male	Stage IA
TCGA-NJ-A7XG	49	male	Stage IIIA
TCGA-O1-A52J	74	female	Stage IA
TCGA-S2-AA1A	68	female	Stage IA
