gene,distance,Z,FC,p.value,p.adj,rnk
ENSG00000136231,2.7201195204571e-05,4.9163410849444,725.642776413979,7.936981359980169e-160,6.54007264062366e-157,1
ENSG00000198886,7.42334115508645e-06,4.09054977945026,54.0437830574781,1.9607150779664498e-13,8.078146121221789e-11,2
ENSG00000198712,3.2693572288206e-06,3.60026889955119,10.482663756326,0.0012049989455227,0.330973043703576,3
ENSG00000198938,3.18161945423534e-06,3.58440142533097,9.927579398871,0.0016282051550994,0.335410261950483,4
ENSG00000198763,2.80861750897718e-06,3.51198533311249,7.73627857755538,0.0054122226577597,0.891934293998804,5
ENSG00000198727,2.38322034415155e-06,3.41740258160157,5.57025782263409,0.018268070712089,0.99999999994425,6
ENSG00000198888,1.60653771556923e-06,3.19394021302107,2.53121335611419,0.111614360063547,0.99999999994425,7
ENSG00000198840,1.35264020289283e-06,3.09805816460777,1.79436787232109,0.180394885731812,0.99999999994425,8
ENSG00000256618,1.2643045862047e-06,3.06067591415032,1.56765441094296,0.210547977315143,0.99999999994425,9
ENSG00000198899,1.11525322369578e-06,2.9916303833392,1.21981473910838,0.26939701260208,0.99999999994425,10
ENSG00000270672,9.37793977334624e-07,2.89706193786868,0.862505316468124,0.353038545047292,0.99999999994425,11
ENSG00000282017,9.37793977150995e-07,2.89706193776237,0.86250531613035,0.35303854514156,0.99999999994425,12
ENSG00000269028,7.10076154430111e-07,2.74725417955004,0.494489141347245,0.48193160600336,0.99999999994425,13
ENSG00000198804,6.88680743986443e-07,2.73092412046529,0.465139029146622,0.495231983723079,0.99999999994425,14
ENSG00000248527,6.65031237922528e-07,2.71230799662192,0.433741516090748,0.510158731114703,0.99999999994425,15
ENSG00000198786,3.06378954994605e-07,2.30898533339068,0.0920586841976185,0.761576099598302,0.99999999994425,16
ENSG00000255823,2.87446767961758e-07,2.27659224308334,0.0810329709193241,0.775902410871511,0.99999999994425,17
ENSG00000212907,1.37632118810373e-07,1.91114662559356,0.0185774667932373,0.891584771159459,0.99999999994425,18
ENSG00000205542,1.20162467193802e-07,1.84547825413356,0.0141606952216389,0.905276370334539,0.99999999994425,19
ENSG00000075624,9.36005131507785e-08,1.72596955276599,0.0085921798995571,0.926146654095702,0.99999999994425,20
ENSG00000019582,8.94317977666134e-08,1.70436009567226,0.0078438778922986,0.929427092251102,0.99999999994425,21
ENSG00000234794,7.79528019473084e-08,1.63954746420068,0.0059595073870552,0.938466155384053,0.99999999994425,22
ENSG00000226260,7.78740135275926e-08,1.63907227836714,0.0059474666939467,0.938528225580411,0.99999999994425,23
ENSG00000228987,7.09453421209563e-08,1.5954045196204,0.0049362219268278,0.943988110700835,0.99999999994425,24
ENSG00000229685,7.0479069569545e-08,1.59232335511272,0.0048715506950336,0.944355637070721,0.99999999994425,25
ENSG00000034510,6.18751868242575e-08,1.53172737926141,0.0037547406856383,0.951139452777856,0.99999999994425,26
ENSG00000230463,5.79375477945255e-08,1.50129803808965,0.0032920552981045,0.954245334184152,0.99999999994425,27
ENSG00000229074,5.70791801518692e-08,1.49440665814175,0.0031952316931175,0.95492248051327,0.99999999994425,28
ENSG00000026025,5.67338096000628e-08,1.49160628499079,0.0031566817236359,0.955194944540178,0.99999999994425,29
ENSG00000230708,5.4199150534356e-08,1.47054896767185,0.002880924400175,0.957194704034032,0.99999999994425,30
ENSG00000224608,5.0299219071903e-08,1.43626427444853,0.00248124350305,0.960272138673777,0.99999999994425,31
ENSG00000196126,4.8306389133273e-08,1.41776615940843,0.0022885270661887,0.961844911588728,0.99999999994425,32
ENSG00000142669,4.74746613579011e-08,1.40983231740492,0.0022103988870108,0.962501368579129,0.99999999994425,33
ENSG00000231389,4.62717963916928e-08,1.39812346348478,0.002099808177346,0.963450797518625,0.99999999994425,34
ENSG00000224103,4.62717963396295e-08,1.39812346297181,0.0020998081726207,0.96345079755972,0.99999999994425,35
ENSG00000164587,4.53832820215268e-08,1.38928896150355,0.0020199410817158,0.964152140896417,0.99999999994425,36
ENSG00000228964,4.48746402229126e-08,1.38415792258246,0.0019749170605234,0.964553646704281,0.99999999994425,37
ENSG00000090382,4.35308607930616e-08,1.37033401540246,0.0018584094807647,0.965614426812728,0.99999999994425,38
ENSG00000108107,4.33028264038421e-08,1.3679483353449,0.0018389900948886,0.965794443357243,0.99999999994425,39
ENSG00000011600,4.31477538407919e-08,1.36631920748364,0.001825842395078,0.965916862849603,0.99999999994425,40
ENSG00000223865,4.2960043222508e-08,1.36433980318999,0.0018099906083397,0.966065048994004,0.99999999994425,41
ENSG00000227715,4.26494200528892e-08,1.36104632352894,0.0017839109124203,0.966310269712194,0.99999999994425,42
ENSG00000235657,4.26494200256626e-08,1.36104632323927,0.0017839109101426,0.966310269733688,0.99999999994425,43
ENSG00000133112,4.03841257137834e-08,1.33632108573994,0.0015994411766239,0.968098695781283,0.99999999994425,44
ENSG00000196154,4.02321357591897e-08,1.33461571578438,0.0015874244981365,0.968218696097116,0.99999999994425,45
ENSG00000206450,3.97445325697469e-08,1.32910341110848,0.0015491793147113,0.968603677283273,0.99999999994425,46
ENSG00000134419,3.8927686126321e-08,1.31972468796396,0.0014861549142797,0.969248624839461,0.99999999994425,47
ENSG00000216490,3.8848257786831e-08,1.31880285582534,0.0014800963785135,0.9693113391915,0.99999999994425,48
ENSG00000133639,3.80222174039302e-08,1.3091092969981,0.0014178222372888,0.969963568302196,0.99999999994425,49
ENSG00000177600,3.78497534851755e-08,1.30706042819308,0.001404989286827,0.970099745778292,0.99999999994425,50
ENSG00000231500,3.77439987557938e-08,1.30579970974842,0.0013971489882257,0.970183250123117,0.99999999994425,51
ENSG00000206452,3.73094209803281e-08,1.30058386635067,0.0013651611493436,0.97052639784322,0.99999999994425,52
ENSG00000223367,3.70785664465037e-08,1.2977898084493,0.0013483193643267,0.970708685520118,0.99999999994425,53
ENSG00000206435,3.68011519221074e-08,1.29441047158475,0.0013282191203579,0.970927739984784,0.99999999994425,54
ENSG00000161016,3.61064686775088e-08,1.28584171891722,0.0012785476917392,0.971476291384572,0.99999999994425,55
ENSG00000096150,3.61040328797886e-08,1.28581140163305,0.0012783751919839,0.971478214817815,0.99999999994425,56
ENSG00000144713,3.60010800181955e-08,1.28452822854895,0.0012710948566123,0.971559511932092,0.99999999994425,57
ENSG00000173369,3.5793249589175e-08,1.28192732769596,0.0012564614250496,0.971723626911375,0.99999999994425,58
ENSG00000122026,3.46863976596277e-08,1.26783131889167,0.0011799546051432,0.972597681489799,0.99999999994425,59
ENSG00000142541,3.4078608238029e-08,1.25990972283164,0.0011389655862019,0.973077652369545,0.99999999994425,60
ENSG00000166441,3.36031459195937e-08,1.25361948064097,0.001107405759342,0.973453131434458,0.99999999994425,61
ENSG00000101439,3.33723972841247e-08,1.25053646073757,0.001092249141926,0.973635358898531,0.99999999994425,62
ENSG00000198918,3.20492407164194e-08,1.23246039300975,0.0010073546423651,0.974680312121876,0.99999999994425,63
ENSG00000197746,3.20425754291162e-08,1.23236756939965,0.001006935686423,0.974685576095299,0.99999999994425,64
ENSG00000268173,3.1729176114667e-08,1.2279823753078,0.0009873349093336,0.974933087396312,0.99999999994425,65
ENSG00000100097,3.15984045964696e-08,1.22614049872294,0.0009792130967252,0.975036366667279,0.99999999994425,66
ENSG00000169442,3.08492583594631e-08,1.21544856249371,0.000933332432731,0.975628027040132,0.99999999994425,67
ENSG00000167526,3.07470242397737e-08,1.21397053507212,0.0009271565752302,0.975708770503642,0.99999999994425,68
ENSG00000110077,2.96971299028739e-08,1.19851813583144,0.0008649198404233,0.976537980583302,0.99999999994425,69
ENSG00000173372,2.96206684846432e-08,1.19737276021504,0.0008604717431618,0.976598371070036,0.99999999994425,70
ENSG00000197958,2.91511625984603e-08,1.19027800350321,0.0008334099129309,0.976969197475052,0.99999999994425,71
ENSG00000273673,2.89125070504535e-08,1.18663028875549,0.0008198198046537,0.977157694956666,0.99999999994425,72
ENSG00000237550,2.85594428648585e-08,1.18118154940176,0.0007999196477883,0.977436558230399,0.99999999994425,73
ENSG00000206240,2.85359127026612e-08,1.18081616357239,0.0007986020811038,0.977455143329282,0.99999999994425,74
ENSG00000228299,2.67228723577812e-08,1.15177246786101,0.0007003468452099,0.978887193888931,0.99999999994425,75
ENSG00000166927,2.65673170922683e-08,1.14919479929067,0.0006922170635348,0.979010064221616,0.99999999994425,76
ENSG00000137818,2.63790236334219e-08,1.14605554689767,0.0006824397827937,0.979158794535881,0.99999999994425,77
ENSG00000140988,2.62764369534799e-08,1.14433631511249,0.0006771421568179,0.979239826594626,0.99999999994425,78
ENSG00000051523,2.59422155001704e-08,1.13869097102519,0.0006600259752125,0.979503825823712,0.99999999994425,79
ENSG00000166710,2.58723147488134e-08,1.13750161751985,0.0006564739150638,0.979559040231641,0.99999999994425,80
ENSG00000162511,2.58658436104853e-08,1.13739135879514,0.0006561455639064,0.979564151770658,0.99999999994425,81
ENSG00000130208,2.57900439026007e-08,1.13609790443705,0.0006523055370499,0.979624025868326,0.99999999994425,82
ENSG00000235588,2.5443607947598e-08,1.13014032460659,0.0006348984871605,0.979897676666701,0.99999999994425,83
ENSG00000129226,2.54000595568104e-08,1.12938603374435,0.0006327270069113,0.979932075839043,0.99999999994425,84
ENSG00000233927,2.53459694182314e-08,1.12844745390345,0.0006300350564759,0.979974802062166,0.99999999994425,85
ENSG00000104904,2.51028828278614e-08,1.12420595134046,0.0006180080043194,0.980166818766828,0.99999999994425,86
ENSG00000186468,2.47490058539998e-08,1.11796164549606,0.0006007066211874,0.980446352034629,0.99999999994425,87
ENSG00000087086,2.43741680753341e-08,1.11125508017139,0.0005826483289393,0.980742445206222,0.99999999994425,88
ENSG00000236693,2.41215215207551e-08,1.10667972098711,0.0005706322320532,0.980942018157165,0.99999999994425,89
ENSG00000092841,2.3919575386543e-08,1.1029899547075,0.0005611175263208,0.981101542211895,0.99999999994425,90
ENSG00000233209,2.35841875682283e-08,1.09679673977448,0.0005454924481157,0.981366478015037,0.99999999994425,91
ENSG00000273686,2.30376472725309e-08,1.08652441388521,0.0005205028972254,0.981798215713084,0.99999999994425,92
ENSG00000008517,2.3029391410787e-08,1.08636749036598,0.0005201299051464,0.981804737444942,0.99999999994425,93
ENSG00000158869,2.2686013836396e-08,1.07979334137283,0.0005047348444833,0.982075990208746,0.99999999994425,94
ENSG00000196735,2.25364129663188e-08,1.07689979102645,0.000498099936778,0.982194168784396,0.99999999994425,95
ENSG00000172725,2.24707135154427e-08,1.07562332357444,0.0004951999906659,0.982246068790177,0.99999999994425,96
ENSG00000174748,2.24065015191454e-08,1.07437235422407,0.0004923738812502,0.982296793837423,0.99999999994425,97
ENSG00000187514,2.20914556863168e-08,1.0681853211903,0.0004786252103754,0.982545669156985,0.99999999994425,98
ENSG00000089157,2.20143440452773e-08,1.06665830520057,0.000475289698057,0.982606584948042,0.99999999994425,99
ENSG00000163466,2.19735684525402e-08,1.0658488021382,0.0004735306385252,0.982638796435395,0.99999999994425,100
ENSG00000229117,2.16043475465729e-08,1.05845369165287,0.0004577509057922,0.982930471087399,0.99999999994425,101
ENSG00000130203,2.14658427476201e-08,1.0556488442439,0.0004519004660051,0.983039886769047,0.99999999994425,102
ENSG00000110700,2.13847528159502e-08,1.05399877753916,0.0004484926926808,0.983103946142746,0.99999999994425,103
ENSG00000142534,2.11764424809764e-08,1.04973278334474,0.0004397976536528,0.983268507509793,0.99999999994425,104
ENSG00000285132,2.1140881149554e-08,1.04900057426567,0.0004383218006351,0.983296600384655,0.99999999994425,105
ENSG00000188846,2.11072142735193e-08,1.04830630221491,0.0004369268563647,0.983323196689585,0.99999999994425,106
ENSG00000233276,2.10111114647034e-08,1.04631873411691,0.0004329571893168,0.983399116505694,0.99999999994425,107
ENSG00000278270,2.07379660090272e-08,1.04062250980278,0.0004217734312132,0.983614898247062,0.99999999994425,108
ENSG00000163131,2.06894760301609e-08,1.03960391050139,0.0004198033369094,0.983653204893603,0.99999999994425,109
ENSG00000179344,2.02759054800597e-08,1.03082374695347,0.000403187833209,0.983979923425602,0.99999999994425,110
ENSG00000025708,2.02207985785697e-08,1.02964110594833,0.0004009992020745,0.98402345778835,0.99999999994425,111
ENSG00000168028,1.95681858938011e-08,1.01539979030488,0.0003755329362613,0.984539024332539,0.99999999994425,112
ENSG00000108518,1.95529557841355e-08,1.01506212490654,0.0003749486018629,0.984551056256,0.99999999994425,113
ENSG00000109475,1.95303456201619e-08,1.01456037980298,0.0003740819556252,0.984568918495147,0.99999999994425,114
ENSG00000274950,1.94608082753742e-08,1.01301383129252,0.0003714228775235,0.984623853690614,0.99999999994425,115
ENSG00000114391,1.94366391109983e-08,1.01247507665099,0.0003705008802441,0.984642947588455,0.99999999994425,116
ENSG00000170889,1.93276686376895e-08,1.01003815347321,0.0003663581393429,0.984729035534612,0.99999999994425,117
ENSG00000103187,1.9010780093733e-08,1.00287727170727,0.000354443305854,0.98497938219085,0.99999999994425,118
ENSG00000019169,1.81255395734651e-08,0.982260538149497,0.000322202413885,0.985678743108897,0.99999999994425,119
ENSG00000102879,1.79327385804927e-08,0.977644733061607,0.000315384348638,0.985831061924846,0.99999999994425,120
ENSG00000117091,1.76703889331764e-08,0.971288224708668,0.0003062239254683,0.986038327181937,0.99999999994425,121
ENSG00000254772,1.76107778374966e-08,0.969831509716953,0.0003041613162914,0.986085422132504,0.99999999994425,122
ENSG00000213741,1.73670626159743e-08,0.963827126230363,0.0002958010030645,0.986277966593222,0.99999999994425,123
ENSG00000204628,1.72910231698807e-08,0.961937500554217,0.0002932164204475,0.986338040863704,0.99999999994425,124
ENSG00000111229,1.69375932958383e-08,0.953050516476273,0.0002813521919263,0.98661726592177,0.99999999994425,125
ENSG00000243678,1.68950323209778e-08,0.951968561862624,0.0002799399985439,0.98665089106462,0.99999999994425,126
ENSG00000011052,1.67827513168152e-08,0.949101866369848,0.0002762315121272,0.986739598375793,0.99999999994425,127
ENSG00000131981,1.6742979175411e-08,0.948082091937258,0.0002749238241634,0.986771020290578,0.99999999994425,128
ENSG00000149806,1.67070409592713e-08,0.947158656603758,0.0002737448621778,0.986799413236674,0.99999999994425,129
ENSG00000221983,1.66462324538519e-08,0.945591907424991,0.0002717557938827,0.986847454964112,0.99999999994425,130
ENSG00000172757,1.6584750485631e-08,0.94400231575148,0.0002697520701058,0.986896028808965,0.99999999994425,131
ENSG00000161939,1.58191427422506e-08,0.923728845132395,0.0002454216049546,0.987500901415108,0.99999999994425,132
ENSG00000156508,1.56033717083515e-08,0.917848158183627,0.0002387722276106,0.987671373819294,0.99999999994425,133
ENSG00000147403,1.5546236964452e-08,0.916278164874632,0.000237026808277,0.987716513879968,0.99999999994425,134
ENSG00000236418,1.52416839652649e-08,0.907816600623673,0.0002278309949761,0.987957130668067,0.99999999994425,135
ENSG00000168014,1.5126858619553e-08,0.904584945044085,0.0002244111327205,0.988047850486658,0.99999999994425,136
ENSG00000066336,1.5026678958506e-08,0.901746549183342,0.0002214485892579,0.988126999346339,0.99999999994425,137
ENSG00000137154,1.49090333845299e-08,0.898390444871182,0.0002179946707065,0.988219947634135,0.99999999994425,138
ENSG00000198513,1.48983861465123e-08,0.89808547866397,0.0002176834215056,0.988228359709834,0.99999999994425,139
ENSG00000280831,1.48201332177317e-08,0.89583777964416,0.0002154026873249,0.988290185132198,0.99999999994425,140
ENSG00000112306,1.48121332946654e-08,0.895607364262245,0.0002151702009082,0.988296505648767,0.99999999994425,141
ENSG00000108298,1.4621585576867e-08,0.890084235501893,0.0002096697816849,0.988447052313695,0.99999999994425,142
ENSG00000160255,1.45552473234987e-08,0.888145464356364,0.0002077715505914,0.988499464493508,0.99999999994425,143
ENSG00000105193,1.45119212700824e-08,0.886874738916219,0.0002065364601445,0.988533695341703,0.99999999994425,144
ENSG00000160213,1.45022310768725e-08,0.886590042786988,0.00020626072684,0.988541351327694,0.99999999994425,145
ENSG00000198034,1.44594186025935e-08,0.88533007149007,0.0002050447073771,0.988575176435046,0.99999999994425,146
ENSG00000159189,1.42377180205266e-08,0.87874867348625,0.0001988051712905,0.988750337065709,0.99999999994425,147
ENSG00000117984,1.4183468121385e-08,0.877123515560022,0.0001972930450977,0.988793198770616,0.99999999994425,148
ENSG00000142676,1.41661181940128e-08,0.876602529940835,0.0001968106628806,0.988806906590346,0.99999999994425,149
ENSG00000143947,1.39863712272285e-08,0.871169413618049,0.0001918478799877,0.988948921154757,0.99999999994425,150
ENSG00000173212,1.39140796454473e-08,0.868965728779652,0.0001898697908817,0.989006037419207,0.99999999994425,151
ENSG00000122862,1.37179213992906e-08,0.862931396574296,0.00018455402545,0.989161018766217,0.99999999994425,152
ENSG00000135404,1.37118400205519e-08,0.862743021639705,0.0001843904300892,0.989165823568336,0.99999999994425,153
ENSG00000104894,1.36133543422232e-08,0.859681352036399,0.0001817511636071,0.98924363561527,0.99999999994425,154
ENSG00000124614,1.34014272206562e-08,0.85302169388233,0.0001761363557123,0.989411076379102,0.99999999994425,155
ENSG00000142227,1.33856474054668e-08,0.852521864308549,0.0001757218084015,0.989423543817257,0.99999999994425,156
ENSG00000171863,1.3323540248506e-08,0.850549198382718,0.0001740949519616,0.989472613944156,0.99999999994425,157
ENSG00000206493,1.3100306527883e-08,0.843386539926058,0.0001683099602353,0.989648988582343,0.99999999994425,158
ENSG00000277734,1.30642679467293e-08,0.842219443682835,0.0001673852018829,0.989677462337702,0.99999999994425,159
ENSG00000042493,1.30212716140708e-08,0.840823049336842,0.0001662852387211,0.989711433366472,0.99999999994425,160
ENSG00000280858,1.30045120900568e-08,0.840277572611714,0.0001658574666777,0.989724674925801,0.99999999994425,161
ENSG00000100316,1.30044944047461e-08,0.840276996653499,0.0001658570155668,0.989724688898818,0.99999999994425,162
ENSG00000164733,1.29727629638943e-08,0.839242407450715,0.0001650486087032,0.989749759651797,0.99999999994425,163
ENSG00000145592,1.28496843792643e-08,0.83520680258975,0.0001619316805193,0.989847003134636,0.99999999994425,164
ENSG00000282184,1.26070176742029e-08,0.827142237782246,0.0001558732625069,0.990038732750751,0.99999999994425,165
ENSG00000136213,1.26070008711722e-08,0.827141674319927,0.0001558728470015,0.990038746026753,0.99999999994425,166
ENSG00000142937,1.25217428260478e-08,0.824273536456579,0.0001537717163933,0.9901061080719,0.99999999994425,167
ENSG00000277633,1.23900662879233e-08,0.819807501495158,0.000150554645957,0.990210145323672,0.99999999994425,168
ENSG00000105372,1.23513253247927e-08,0.818485022381232,0.0001496146165519,0.990240754478319,0.99999999994425,169
ENSG00000183735,1.22739905476872e-08,0.815833361580424,0.0001477469318985,0.99030185656828,0.99999999994425,170
ENSG00000233913,1.21106112828504e-08,0.810179265770017,0.0001438397870846,0.990430942463924,0.99999999994425,171
ENSG00000126264,1.20593565821466e-08,0.808390673887216,0.0001426248419198,0.990471438835432,0.99999999994425,172
ENSG00000115268,1.20547047308675e-08,0.808227987914862,0.0001425148291536,0.990475114267292,0.99999999994425,173
ENSG00000164687,1.20261347860843e-08,0.807227532258551,0.0001418401024064,0.990497687410673,0.99999999994425,174
ENSG00000265681,1.20068825071403e-08,0.806552097060753,0.0001413863307697,0.990512898660779,0.99999999994425,175
ENSG00000165140,1.19885977144198e-08,0.805909659363724,0.0001409560356806,0.990527345501981,0.99999999994425,176
ENSG00000131469,1.19742666043521e-08,0.805405489133329,0.0001406192408148,0.990538668534966,0.99999999994425,177
ENSG00000197747,1.1872471823112e-08,0.801807892245815,0.0001382385587315,0.990619096809137,0.99999999994425,178
ENSG00000211592,1.18158696398151e-08,0.799794887466109,0.0001369235920761,0.990663818356399,0.99999999994425,179
ENSG00000225201,1.17633252262614e-08,0.797918047207853,0.0001357085189293,0.990705333874413,0.99999999994425,180
ENSG00000063177,1.17036108329102e-08,0.79577549093504,0.000134334216492,0.990752514448145,0.99999999994425,181
ENSG00000111348,1.16057550002166e-08,0.792242053029308,0.000132097226315,0.990829830790837,0.99999999994425,182
ENSG00000204592,1.1463895546677e-08,0.787069553067101,0.0001288876611283,0.990941914749106,0.99999999994425,183
ENSG00000090104,1.14595419207435e-08,0.786909858815799,0.0001287897847804,0.99094535457647,0.99999999994425,184
ENSG00000125691,1.1414497685598e-08,0.785254239908295,0.0001277793018354,0.990980944321196,0.99999999994425,185
ENSG00000089009,1.1369411196552e-08,0.783590893639428,0.0001267718563508,0.991016567468976,0.99999999994425,186
ENSG00000102575,1.1346847825537e-08,0.782756143897928,0.0001262691808736,0.991034394951675,0.99999999994425,187
ENSG00000135821,1.13132034551927e-08,0.781508535376605,0.000125521493244,0.991060977620433,0.99999999994425,188
ENSG00000171223,1.12896810889368e-08,0.780634195838906,0.0001250000683318,0.991079562823917,0.99999999994425,189
ENSG00000101160,1.11987263890779e-08,0.777237134298528,0.0001229940691615,0.991151426881108,0.99999999994425,190
ENSG00000116251,1.11206088188389e-08,0.774298716019607,0.0001212841448642,0.991213148273825,0.99999999994425,191
ENSG00000030582,1.1080159590656e-08,0.772769556147594,0.0001204034506407,0.991245107592403,0.99999999994425,192
ENSG00000211897,1.10319886869614e-08,0.770941608076793,0.0001193588203039,0.991283167898313,0.99999999994425,193
ENSG00000181704,1.07420499724722e-08,0.759777820979676,0.0001131673741421,0.991512251750986,0.99999999994425,194
ENSG00000152518,1.04927538669829e-08,0.749949619673763,0.0001079756614635,0.991709223979488,0.99999999994425,195
ENSG00000115165,1.04015625698881e-08,0.746299486346268,0.0001061070093221,0.991781275584945,0.99999999994425,196
ENSG00000122406,1.0372066182363e-08,0.745112374471169,0.0001055060734927,0.991804581135528,0.99999999994425,197
ENSG00000167680,1.02465801892525e-08,0.740026260275734,0.000102968595383,0.991903729631444,0.99999999994425,198
ENSG00000215472,1.00777788489975e-08,0.733091175205081,9.9603947269266e-05,0.99203710247484,0.99999999994425,199
ENSG00000283391,1.00734037907564e-08,0.732909978135049,9.95174840741572e-05,0.992040559286609,0.99999999994425,200
ENSG00000123416,9.983758346384281e-09,0.729180815448616,9.77541093486921e-05,0.99211138978843,0.99999999994425,201
ENSG00000115947,9.93543096756136e-09,0.727157338511753,9.68100228173558e-05,0.992149574158344,0.99999999994425,202
ENSG00000148834,9.85730145075182e-09,0.723866346993056,9.52934341935051e-05,0.992211305795357,0.99999999994425,203
ENSG00000197956,9.749004648721011e-09,0.719263774994431,9.32110622053239e-05,0.992296873262861,0.99999999994425,204
ENSG00000128340,9.616671853940472e-09,0.713573852893048,9.06977464161909e-05,0.992401432168756,0.99999999994425,205
ENSG00000089327,9.568785304512191e-09,0.71149668406222,8.97967302184526e-05,0.992439268364169,0.99999999994425,206
ENSG00000133872,9.551800448151341e-09,0.710757581054526,8.94782298249913e-05,0.99245268846956,0.99999999994425,207
ENSG00000196531,9.51289771808331e-09,0.709060036938212,8.87508572608911e-05,0.992483426372961,0.99999999994425,208
ENSG00000277359,9.49005399408165e-09,0.708060187499387,8.83251266565347e-05,0.99250147570736,0.99999999994425,209
ENSG00000135047,9.48073264905897e-09,0.707651549135173,8.81517020071222e-05,0.99250884071048,0.99999999994425,210
ENSG00000138035,9.4577962840385e-09,0.706644428498915,8.7725694026073e-05,0.992526963248038,0.99999999994425,211
ENSG00000213145,9.232993217962982e-09,0.696649845506025,8.36049391725413e-05,0.99270458540622,0.99999999994425,212
ENSG00000167286,9.08702659074738e-09,0.690036795971773,8.09823732474027e-05,0.992819917245094,0.99999999994425,213
ENSG00000167625,8.79493815933323e-09,0.676497690955849,7.58599378133565e-05,0.993050703980078,0.99999999994425,214
ENSG00000223448,8.75970664932829e-09,0.674836079651101,7.52533827869917e-05,0.993078541360398,0.99999999994425,215
ENSG00000130429,8.68873247834408e-09,0.671469548628158,7.40388651854844e-05,0.99313462002096,0.99999999994425,216
ENSG00000231286,8.68214254971935e-09,0.671155654361965,7.39265989115728e-05,0.993139826908026,0.99999999994425,217
ENSG00000227507,8.53261820026325e-09,0.663972459637055,7.1402189358553e-05,0.993257970359976,0.99999999994425,218
ENSG00000141933,8.368659681871221e-09,0.655958258531716,6.86844961470505e-05,0.993387518830194,0.99999999994425,219
ENSG00000169213,8.3145520294818e-09,0.653281024634678,6.77992067669523e-05,0.993430270923608,0.99999999994425,220
ENSG00000135486,8.160161371284481e-09,0.645550596095491,6.53046936666832e-05,0.993552259757689,0.99999999994425,221
ENSG00000008394,8.057314653415411e-09,0.64032417396262,6.36689298271585e-05,0.993633522214171,0.99999999994425,222
ENSG00000187134,8.021949913313771e-09,0.638512495544544,6.31112517735012e-05,0.99366146503322,0.99999999994425,223
ENSG00000255508,7.98312605971191e-09,0.636514929007505,6.2501850604773e-05,0.993692141018098,0.99999999994425,224
ENSG00000140279,7.9672760136144e-09,0.635696780166803,6.2253909194634e-05,0.993704664655847,0.99999999994425,225
ENSG00000147872,7.64826956511798e-09,0.618895751022832,5.73684709650116e-05,0.993956722368262,0.99999999994425,226
ENSG00000170458,7.6067716506113e-09,0.616661853442476,5.67476211456339e-05,0.993989511309561,0.99999999994425,227
ENSG00000173762,7.57570152655397e-09,0.614981772596188,5.62849926155693e-05,0.994014060898664,0.99999999994425,228
ENSG00000137880,7.46754176570362e-09,0.609082099439975,5.46892821264064e-05,0.994099521743627,0.99999999994425,229
ENSG00000071082,7.428810500762471e-09,0.606949879041794,5.41234488076494e-05,0.994130124699737,0.99999999994425,230
ENSG00000140264,7.315305043279861e-09,0.600640359246566,5.24821699647622e-05,0.994219809466265,0.99999999994425,231
ENSG00000265972,7.3020225706272e-09,0.599895998024106,5.22917581845757e-05,0.994230304433022,0.99999999994425,232
ENSG00000118785,7.2179215275721e-09,0.595153086572873,5.10941542101901e-05,0.994296755761848,0.99999999994425,233
ENSG00000185883,7.154465554064221e-09,0.591539880129974,5.01997201711483e-05,0.994346894687749,0.99999999994425,234
ENSG00000129538,7.148214795774661e-09,0.591182328057966,5.01120408779221e-05,0.994351833645679,0.99999999994425,235
ENSG00000130755,7.1293522227767e-09,0.590101574567474,4.98479204191001e-05,0.994366737671457,0.99999999994425,236
ENSG00000260272,7.1078210005969406e-09,0.588864620796453,4.95472855479725e-05,0.99438375029936,0.99999999994425,237
ENSG00000081237,6.9445174970057405e-09,0.579366371913798,4.7296723415641e-05,0.994512782617945,0.99999999994425,238
ENSG00000121966,6.8871408992611905e-09,0.575979159217771,4.65184074325108e-05,0.994558118087598,0.99999999994425,239
ENSG00000184009,6.7450081000465805e-09,0.567472526369497,4.46181802090317e-05,0.994670422786424,0.99999999994425,240
ENSG00000101608,6.60944839717005e-09,0.559200490387321,4.28427494973657e-05,0.99477753392246,0.99999999994425,241
ENSG00000105374,6.560512650847111e-09,0.556175060006461,4.22106905132701e-05,0.994816200033539,0.99999999994425,242
ENSG00000182718,6.51981573732604e-09,0.553642757839708,4.16886225749692e-05,0.994848356319096,0.99999999994425,243
ENSG00000232126,6.506435602597341e-09,0.552806946741016,4.1517689209984e-05,0.994858928509231,0.99999999994425,244
ENSG00000145741,6.393675490193091e-09,0.545698188021473,4.00911101248082e-05,0.994948024908437,0.99999999994425,245
ENSG00000100292,6.16395095791542e-09,0.530842687838398,3.72619219248219e-05,0.995129539896693,0.99999999994425,246
ENSG00000136167,6.093445817080281e-09,0.526178673061491,3.641437074822e-05,0.995185249016643,0.99999999994425,247
ENSG00000104870,6.070980902725811e-09,0.524681904699227,3.61463654894141e-05,0.995202999508908,0.99999999994425,248
ENSG00000278167,6.0313296345452804e-09,0.52202728599717,3.56757434335779e-05,0.995234329682175,0.99999999994425,249
ENSG00000136235,5.8354262991363e-09,0.508665569680615,3.33958174788821e-05,0.99538912144452,0.99999999994425,250
ENSG00000130066,5.632652100311451e-09,0.494382613002302,3.11152115472685e-05,0.995549342358177,0.99999999994425,251
ENSG00000173812,5.6166623016586905e-09,0.493235816779444,3.09388044913515e-05,0.995561976617019,0.99999999994425,252
ENSG00000082074,5.541473692371491e-09,0.487801683831712,3.01160114606847e-05,0.995621386532682,0.99999999994425,253
ENSG00000240972,5.37039187843178e-09,0.475173569693331,2.82851741451333e-05,0.99575656608975,0.99999999994425,254
ENSG00000276701,5.208211699762e-09,0.462847642921511,2.66026046172173e-05,0.995884712170646,0.99999999994425,255
ENSG00000163041,5.1859118669896e-09,0.461124625064654,2.63752852785654e-05,0.995902332311136,0.99999999994425,256
ENSG00000282813,5.18468316048078e-09,0.461029485144465,2.63627884809546e-05,0.995903303169654,0.99999999994425,257
ENSG00000100300,5.151895708091871e-09,0.458482844655956,2.60304111486914e-05,0.995929210072534,0.99999999994425,258
ENSG00000229215,5.06687788914638e-09,0.451807606136626,2.51783796730907e-05,0.995996386655992,0.99999999994425,259
ENSG00000105373,5.0311409269957705e-09,0.448970145628633,2.48244632549937e-05,0.996024624121653,0.99999999994425,260
ENSG00000109861,5.01807794604257e-09,0.447928224664901,2.4695720884601e-05,0.996034945802579,0.99999999994425,261
ENSG00000042753,5.015160435058471e-09,0.447695171064789,2.46670130435644e-05,0.996037251066497,0.99999999994425,262
ENSG00000103490,4.9924924253029205e-09,0.445880065479139,2.44445322497635e-05,0.996055162138148,0.99999999994425,263
ENSG00000187109,4.96491277172131e-09,0.443661170334377,2.41752040121496e-05,0.996076954135658,0.99999999994425,264
ENSG00000173559,4.907109549124781e-09,0.438972750877418,2.36155687357302e-05,0.996122627223628,0.99999999994425,265
ENSG00000161970,4.861780063852871e-09,0.435259539819867,2.31812856731172e-05,0.996158444224648,0.99999999994425,266
ENSG00000244754,4.856489471371541e-09,0.434824032344159,2.3130861341237e-05,0.996162624576092,0.99999999994425,267
ENSG00000118640,4.85185111686126e-09,0.434441847557233,2.30866986181003e-05,0.996166289563048,0.99999999994425,268
ENSG00000170296,4.80828467696855e-09,0.430835226980427,2.26739532523273e-05,0.996200713506248,0.99999999994425,269
ENSG00000111796,4.756051659380721e-09,0.42647035159159,2.2184008784105e-05,0.996241985339359,0.99999999994425,270
ENSG00000198242,4.736681191991981e-09,0.424840164164197,2.20036745162479e-05,0.996257290884932,0.99999999994425,271
ENSG00000145425,4.711855538283971e-09,0.422741671129006,2.17736298591768e-05,0.996276906839757,0.99999999994425,272
ENSG00000149273,4.669757569690571e-09,0.419159242555782,2.13862959126676e-05,0.996310170494658,0.99999999994425,273
ENSG00000253755,4.59228444421096e-09,0.412486238031973,2.06825680833766e-05,0.99637138580029,0.99999999994425,274
ENSG00000282094,4.5922844347705e-09,0.412486237212395,2.06825679983415e-05,0.99637138580775,0.99999999994425,275
ENSG00000105640,4.528928867518071e-09,0.406949931563033,2.01158274346452e-05,0.996421446156032,0.99999999994425,276
ENSG00000198668,4.4855276003577105e-09,0.403115062172604,1.97321300336671e-05,0.99645573963899,0.99999999994425,277
ENSG00000110848,4.4465420561093e-09,0.399640443385869,1.93906206786758e-05,0.99648654404695,0.99999999994425,278
ENSG00000008988,4.419585563685511e-09,0.397221103252567,1.91562278816124e-05,0.996507843708795,0.99999999994425,279
ENSG00000182774,4.40799499312234e-09,0.396176575954543,1.90558834200648e-05,0.996517001994314,0.99999999994425,280
ENSG00000148908,4.378630575976841e-09,0.3935186680307,1.88028427045373e-05,0.996540204280918,0.99999999994425,281
ENSG00000138326,4.35426752439424e-09,0.391300681727967,1.85941837728608e-05,0.99655945474204,0.99999999994425,282
ENSG00000113648,4.31500377358412e-09,0.387701431314842,1.82603569101581e-05,0.996590478992366,0.99999999994425,283
ENSG00000198755,4.3125110773319706e-09,0.387471889362013,1.82392656767255e-05,0.996592448596333,0.99999999994425,284
ENSG00000147604,4.279835206021171e-09,0.384451292655507,1.79639151887395e-05,0.996618267438275,0.99999999994425,285
ENSG00000162244,4.2670549650741304e-09,0.383263958685574,1.78567893914834e-05,0.996628365747495,0.99999999994425,286
ENSG00000156482,4.25974016326832e-09,0.382582877068046,1.7795619840302e-05,0.996634145539436,0.99999999994425,287
ENSG00000083845,4.200995717631261e-09,0.377072881126216,1.73081790718413e-05,0.996680562479924,0.99999999994425,288
ENSG00000143549,4.19639909853556e-09,0.376638680213722,1.72703234842442e-05,0.99668419450029,0.99999999994425,289
ENSG00000132963,4.187396689711941e-09,0.375787004869253,1.71963039539395e-05,0.996691307757323,0.99999999994425,290
ENSG00000067560,4.18273747763162e-09,0.375345541308495,1.71580574449004e-05,0.996694989235767,0.99999999994425,291
ENSG00000084207,4.176270105314011e-09,0.374731984973864,1.71050386948531e-05,0.996700099432922,0.99999999994425,292
ENSG00000117410,4.16882032217267e-09,0.374024117601014,1.7044067938848e-05,0.996705985882601,0.99999999994425,293
ENSG00000118816,4.1680573296929705e-09,0.373951551930985,1.70378295766298e-05,0.99670658876148,0.99999999994425,294
ENSG00000278229,4.1660787903962405e-09,0.37376332134916,1.70216580071134e-05,0.996708152105278,0.99999999994425,295
ENSG00000128245,4.12936173117238e-09,0.37025483514517,1.67229449229299e-05,0.996737164109958,0.99999999994425,296
ENSG00000103363,4.05638792798224e-09,0.363193738517179,1.61371139328092e-05,0.99679482441373,0.99999999994425,297
ENSG00000149925,4.0092936689748704e-09,0.35857299421175,1.57645884864076e-05,0.996832035985713,0.99999999994425,298
ENSG00000182899,3.9899352012990405e-09,0.356658757860239,1.56127205811848e-05,0.996847332098719,0.99999999994425,299
ENSG00000144649,3.91035753879222e-09,0.348696805826136,1.49961521789056e-05,0.996910210482136,0.99999999994425,300
ENSG00000136942,3.88773254528198e-09,0.346405246294626,1.48231213001816e-05,0.99692808765083,0.99999999994425,301
ENSG00000162704,3.75738536629086e-09,0.33295326605518,1.38458104359839e-05,0.997031081677318,0.99999999994425,302
ENSG00000225890,3.74767933684533e-09,0.331934084693731,1.37743701889866e-05,0.997038750913601,0.99999999994425,303
ENSG00000143119,3.6496720861424203e-09,0.321501190896246,1.30633509376274e-05,0.997116191530791,0.99999999994425,304
ENSG00000197756,3.63674641763426e-09,0.32010560066237,1.29709845353878e-05,0.997126404774606,0.99999999994425,305
ENSG00000225691,3.6078284406891904e-09,0.316966317431309,1.27655243320278e-05,0.997149254375848,0.99999999994425,306
ENSG00000285043,3.5925347883902704e-09,0.315296471338537,1.2657527126075e-05,0.997161338688821,0.99999999994425,307
ENSG00000145649,3.5733320321539e-09,0.313190299809878,1.25225751639001e-05,0.997176511789782,0.99999999994425,308
ENSG00000262406,3.55126322071334e-09,0.310756570194849,1.2368374571092e-05,0.997193949511959,0.99999999994425,309
ENSG00000002586,3.54442195283891e-09,0.309999227975315,1.23207668014185e-05,0.997199355155795,0.99999999994425,310
ENSG00000111640,3.5411834451390705e-09,0.309640238312788,1.22982623309395e-05,0.997201914070285,0.99999999994425,311
ENSG00000102317,3.5105997392140204e-09,0.306234690774292,1.20867498681047e-05,0.997226079859004,0.99999999994425,312
ENSG00000170315,3.4885539204289e-09,0.303762474678474,1.19354220872221e-05,0.997243499417265,0.99999999994425,313
ENSG00000168685,3.4326911415733502e-09,0.297431521412767,1.15562348909787e-05,0.997287639536062,0.99999999994425,314
ENSG00000157514,3.4286756453818304e-09,0.29697271263969,1.15292141809782e-05,0.997290812391056,0.99999999994425,315
ENSG00000177606,3.3897551359857503e-09,0.29249925631279,1.12689527256773e-05,0.997321565537269,0.99999999994425,316
ENSG00000130255,3.38866501905096e-09,0.292373264878626,1.12617058890071e-05,0.997322426896183,0.99999999994425,317
ENSG00000115310,3.3356114954487504e-09,0.286194934695328,1.09118358934103e-05,0.997364347288509,0.99999999994425,318
ENSG00000132465,3.33274295580307e-09,0.285858248091027,1.08930761698213e-05,0.997366613873464,0.99999999994425,319
ENSG00000241343,3.31518595848301e-09,0.28379157834975,1.07786083234652e-05,0.997380486586489,0.99999999994425,320
ENSG00000177556,3.3099555761733402e-09,0.283173906141221,1.07446242450513e-05,0.997384619388594,0.99999999994425,321
ENSG00000115738,3.2605054704331203e-09,0.277288321426773,1.04259771440996e-05,0.99742369253986,0.99999999994425,322
ENSG00000116824,3.2002366997687702e-09,0.270000334633574,1.00441017770003e-05,0.997471314100424,0.99999999994425,323
ENSG00000174444,3.18546235637858e-09,0.268194025833916,9.95157583010234e-06,0.997482988096161,0.99999999994425,324
ENSG00000211679,3.1685969337648404e-09,0.266122391006574,9.84647760220348e-06,0.997496314365641,0.99999999994425,325
ENSG00000211675,3.1546078862864802e-09,0.264396175106521,9.75972704041617e-06,0.997507367858322,0.99999999994425,326
ENSG00000244734,3.1361435415866903e-09,0.262106645092646,9.64581140784665e-06,0.997521957522811,0.99999999994425,327
ENSG00000277016,3.1116612339148302e-09,0.25905124538348,9.49579916498612e-06,0.997541302302398,0.99999999994425,328
ENSG00000170323,3.0978296341925902e-09,0.257315032094593,9.41156751517889e-06,0.997552231389117,0.99999999994425,329
ENSG00000177954,3.04810834308263e-09,0.25101287105235,9.11187391233868e-06,0.997591518844326,0.99999999994425,330
ENSG00000276173,3.0094887454886303e-09,0.24605067073622,8.88244136347013e-06,0.997622034260909,0.99999999994425,331
ENSG00000176046,3.00668391131293e-09,0.245687947431877,8.86589226332366e-06,0.997624250511049,0.99999999994425,332
ENSG00000067082,3.0055480471254804e-09,0.245540965925506,8.8591948201584e-06,0.99762514801836,0.99999999994425,333
ENSG00000163682,2.9727114507277703e-09,0.241269110971411,8.66667307064454e-06,0.99765109397839,0.99999999994425,334
ENSG00000129235,2.95956388780767e-09,0.239546215045694,8.59018152088732e-06,0.997661482575333,0.99999999994425,335
ENSG00000274497,2.9354472448520102e-09,0.236367072580814,8.45075403850129e-06,0.997680538433694,0.99999999994425,336
ENSG00000166920,2.88731712620679e-09,0.22994816108101,8.17590574152454e-06,0.997718568636348,0.99999999994425,337
ENSG00000188536,2.8351490319408404e-09,0.222875884071011,7.8831299882145e-06,0.997759789467181,0.99999999994425,338
ENSG00000136156,2.82595739019815e-09,0.221617112819323,7.83209813851061e-06,0.997767052280729,0.99999999994425,339
ENSG00000211677,2.7974134107794604e-09,0.21768335815119,7.67467877822263e-06,0.997789606424708,0.99999999994425,340
ENSG00000163191,2.7683676947696304e-09,0.21364145337158,7.51613284338868e-06,0.997812557019752,0.99999999994425,341
ENSG00000131236,2.7658759875715504e-09,0.213292857704277,7.50260893603653e-06,0.997814525852792,0.99999999994425,342
ENSG00000113732,2.74702046026795e-09,0.210645295465745,7.40066405598261e-06,0.99782942462831,0.99999999994425,343
ENSG00000167996,2.6969977237240203e-09,0.203537616101286,7.13358863855693e-06,0.997868950311121,0.99999999994425,344
ENSG00000206172,2.6637404487685203e-09,0.198743072930333,6.95874164900637e-06,0.997895228694451,0.99999999994425,345
ENSG00000135535,2.64744799133951e-09,0.196373652867542,6.87387731498533e-06,0.997908102252795,0.99999999994425,346
ENSG00000274233,2.6420060927795603e-09,0.195579174148783,6.84564748935008e-06,0.997912402193482,0.99999999994425,347
ENSG00000271503,2.6420025170058802e-09,0.195578651604533,6.84562895913578e-06,0.997912405018895,0.99999999994425,348
ENSG00000136810,2.604196776036e-09,0.1900163396163,6.65111559678848e-06,0.997942277397272,0.99999999994425,349
ENSG00000137575,2.55239874859486e-09,0.182270568865335,6.3891627087856e-06,0.997983205849193,0.99999999994425,350
ENSG00000115091,2.5493494004437203e-09,0.181809973521184,6.37390557588297e-06,0.997985615305962,0.99999999994425,351
ENSG00000211893,2.50649916723423e-09,0.175282091929124,6.16143727270225e-06,0.998019473620991,0.99999999994425,352
ENSG00000065978,2.5004137857649e-09,0.174346521796409,6.13155561057145e-06,0.998024282014315,0.99999999994425,353
ENSG00000170476,2.47817753056314e-09,0.170909572140731,6.02298431278066e-06,0.99804185209851,0.99999999994425,354
ENSG00000131400,2.3172466148652204e-09,0.145132603321698,5.26612804777548e-06,0.998169012464787,0.99999999994425,355
ENSG00000120129,2.29128889198805e-09,0.140817653611233,5.14880686527633e-06,0.998189523093519,0.99999999994425,356
ENSG00000026508,2.2902611865797302e-09,0.140645872258709,5.14418914116554e-06,0.998190335140277,0.99999999994425,357
ENSG00000169609,2.28371754794658e-09,0.13955039455733,5.11483561015837e-06,0.998195505630324,0.99999999994425,358
ENSG00000254709,2.197798632601e-09,0.124885610663086,4.73721068109075e-06,0.99826339491441,0.99999999994425,359
ENSG00000234475,2.1845181161937103e-09,0.122570822797443,4.68013309082799e-06,0.998273888585624,0.99999999994425,360
ENSG00000128016,2.16908443727659e-09,0.119864027745827,4.61423616689365e-06,0.998286083590109,0.99999999994425,361
ENSG00000181163,2.139857219953e-09,0.114688007322715,4.49072535265509e-06,0.998309177634318,0.99999999994425,362
ENSG00000159140,2.1369283360641903e-09,0.114165648534005,4.47844059674165e-06,0.998311491907879,0.99999999994425,363
ENSG00000172809,2.12443347975784e-09,0.111929621442781,4.42622183392364e-06,0.998321364786819,0.99999999994425,364
ENSG00000156976,2.1004623010358703e-09,0.107604941000666,4.32689827049837e-06,0.9983403057453,0.99999999994425,365
ENSG00000171476,2.0577719685655604e-09,0.0997866847602045,4.15280363363834e-06,0.998374037748203,0.99999999994425,366
ENSG00000100453,2.0279157127283104e-09,0.0942275292138607,4.03317162054452e-06,0.998397628836024,0.99999999994425,367
ENSG00000169100,2.01392447754532e-09,0.0915958192737912,3.97771133554674e-06,0.998408684089374,0.99999999994425,368
ENSG00000170345,2.0044565524592502e-09,0.089805142599688,3.94039896600368e-06,0.998416165223926,0.99999999994425,369
ENSG00000104408,1.99462447682466e-09,0.0879371413763631,3.90183760827843e-06,0.998423934094241,0.99999999994425,370
ENSG00000127314,1.9751692650644103e-09,0.0842151341485186,3.82609315989599e-06,0.998439306740572,0.99999999994425,371
ENSG00000288299,1.9680760369866e-09,0.0828495219698613,3.79866197160405e-06,0.998444911495264,0.99999999994425,372
ENSG00000155368,1.9149531229156703e-09,0.072472210936424,3.59636031254121e-06,0.998486886871749,0.99999999994425,373
ENSG00000223551,1.85634559511592e-09,0.0607040906086866,3.37959427549104e-06,0.998533195952212,0.99999999994425,374
ENSG00000117450,1.75959987720522e-09,0.0404898852382945,3.03651022670841e-06,0.99860964015712,0.99999999994425,375
ENSG00000150991,1.7270279034963602e-09,0.0334480839035078,2.92513295790413e-06,0.998635377098946,0.99999999994425,376
ENSG00000144746,1.7149410310147501e-09,0.0308031348924633,2.8843322415086e-06,0.998644927614628,0.99999999994425,377
ENSG00000074800,1.7070394724891102e-09,0.0290645425565082,2.85781445961912e-06,0.99865117107918,0.99999999994425,378
ENSG00000171858,1.6817676901627802e-09,0.0234526082424884,2.77382406326932e-06,0.998671139732324,0.99999999994425,379
ENSG00000166347,1.6677467790746602e-09,0.0203047234251461,2.72776607173497e-06,0.998682218441207,0.99999999994425,380
ENSG00000273594,1.6606947400452201e-09,0.0187120109794138,2.70474621904469e-06,0.998687790653191,0.99999999994425,381
ENSG00000128524,1.6394885508786702e-09,0.0138838909474176,2.63611090986508e-06,0.998704546854288,0.99999999994425,382
ENSG00000108654,1.6347655923283202e-09,0.0128005849254964,2.62094482708959e-06,0.99870827872918,0.99999999994425,383
ENSG00000119655,1.6202850050578e-09,0.0094606971992666,2.57471834744376e-06,0.998719720654893,0.99999999994425,384
ENSG00000111669,1.59679148338254e-09,0.00398172965145,2.50059476324761e-06,0.998738284207105,0.99999999994425,385
ENSG00000165502,1.56670399528213e-09,-0.0031469998608353,2.40724783059711e-06,0.998762058023878,0.99999999994425,386
ENSG00000130811,1.5444269065181e-09,-0.0085087617865987,2.33927683644362e-06,0.998779660405509,0.99999999994425,387
ENSG00000196139,1.5375842192197101e-09,-0.0101703240395259,2.31859410951526e-06,0.998785067197983,0.99999999994425,388
ENSG00000104529,1.5124778887913301e-09,-0.0163269711185734,2.24349430173892e-06,0.998804905123604,0.99999999994425,389
ENSG00000223532,1.5098364067910202e-09,-0.0169803098815678,2.23566479894992e-06,0.998806992307339,0.99999999994425,390
ENSG00000111275,1.5096286540397202e-09,-0.0170317406826458,2.23504958851287e-06,0.998807156464492,0.99999999994425,391
ENSG00000127184,1.49092880533356e-09,-0.0216885602873323,2.18002118126513e-06,0.998821932268643,0.99999999994425,392
ENSG00000196683,1.4784162968404602e-09,-0.0248353703549359,2.14358339682038e-06,0.998831819106877,0.99999999994425,393
ENSG00000070756,1.44911886921558e-09,-0.0323027382117132,2.05946741609924e-06,0.998854968656507,0.99999999994425,394
ENSG00000123349,1.4341263296738e-09,-0.0361792378287722,2.01707348568826e-06,0.998866815107792,0.99999999994425,395
ENSG00000115875,1.4033212366525301e-09,-0.0442655239831015,1.93135050341967e-06,0.998891155950418,0.99999999994425,396
ENSG00000132965,1.3989177447752901e-09,-0.0454350673930334,1.9192487229095e-06,0.998894635397966,0.99999999994425,397
ENSG00000100906,1.3778392591682501e-09,-0.051081872719493,1.86184709836485e-06,0.998911290699803,0.99999999994425,398
ENSG00000106541,1.3722313085186202e-09,-0.0525979140956419,1.84672211438267e-06,0.998915721858387,0.99999999994425,399
ENSG00000090013,1.35192195995805e-09,-0.0581375754996859,1.79246278348233e-06,0.998931769422178,0.99999999994425,400
ENSG00000196262,1.3430972836006501e-09,-0.0605690998911146,1.76913854037339e-06,0.998938742297703,0.99999999994425,401
ENSG00000161960,1.3395474488205902e-09,-0.0615514571611216,1.75979915697452e-06,0.998941547222808,0.99999999994425,402
ENSG00000275824,1.32576014370435e-09,-0.0653902649334376,1.72376008282737e-06,0.998952441351997,0.99999999994425,403
ENSG00000168209,1.31260122839573e-09,-0.0690893444250434,1.68971132489857e-06,0.998962838955057,0.99999999994425,404
ENSG00000101182,1.3068965492700301e-09,-0.0707038421991858,1.67505597614182e-06,0.998967346544662,0.99999999994425,405
ENSG00000131143,1.29582324395536e-09,-0.0738567688964345,1.64679080681822e-06,0.998976096189534,0.99999999994425,406
ENSG00000067225,1.2886052633038902e-09,-0.0759256522989804,1.62849602904316e-06,0.998981799524386,0.99999999994425,407
ENSG00000146066,1.2458325288843802e-09,-0.0884142704410133,1.52218078186733e-06,0.999015596682673,0.99999999994425,408
ENSG00000103811,1.2088433433715401e-09,-0.0995442840137818,1.4331344929891e-06,0.999044823933061,0.99999999994425,409
ENSG00000230202,1.20755422515098e-09,-0.0999379366060888,1.43007951532725e-06,0.999045842538401,0.99999999994425,410
ENSG00000234745,1.19190763688746e-09,-0.104747690042877,1.39325980156452e-06,0.999058205794352,0.99999999994425,411
ENSG00000167658,1.19187122745432e-09,-0.104758951484517,1.39317468251129e-06,0.999058234563509,0.99999999994425,412
ENSG00000023445,1.1877987231488302e-09,-0.106020627223349,1.38367027211214e-06,0.999061452479954,0.99999999994425,413
ENSG00000167468,1.1830445522344701e-09,-0.107498650647995,1.37261614284924e-06,0.999065209019836,0.99999999994425,414
ENSG00000057608,1.17945348613048e-09,-0.108618790321069,1.36429578972924e-06,0.999068046524703,0.99999999994425,415
ENSG00000147677,1.1721777723997802e-09,-0.110898141965943,1.34751579850029e-06,0.999073795478537,0.99999999994425,416
ENSG00000171314,1.1505217274912902e-09,-0.117762330131045,1.29818489474506e-06,0.999090907147451,0.99999999994425,417
ENSG00000262526,1.12856554013487e-09,-0.124847036849071,1.24910938886662e-06,0.999108255976357,0.99999999994425,418
ENSG00000135441,1.10333048552655e-09,-0.133151914878896,1.1938730214372e-06,0.999128195624765,0.99999999994425,419
ENSG00000156467,1.1006866239378902e-09,-0.134032341259459,1.18815822745244e-06,0.999130284689843,0.99999999994425,420
ENSG00000125743,1.09481371318587e-09,-0.135995214802234,1.17551279135152e-06,0.999134925209932,0.99999999994425,421
ENSG00000154518,1.0864686008133901e-09,-0.138801487761387,1.15766062318016e-06,0.999141519156875,0.99999999994425,422
ENSG00000112335,1.0674832506776e-09,-0.145262233499089,1.11755534766858e-06,0.999156520559818,0.99999999994425,423
ENSG00000026297,1.0644635944484402e-09,-0.146299791116876,1.11124169366444e-06,0.999158906561659,0.99999999994425,424
ENSG00000169567,1.06396244734002e-09,-0.146472254072247,1.11019559970344e-06,0.999159302546444,0.99999999994425,425
ENSG00000077549,1.0585451656192902e-09,-0.148341437702226,1.09891901516636e-06,0.999163583048342,0.99999999994425,426
ENSG00000275214,1.0533285631016702e-09,-0.150149914353183,1.08811456684777e-06,0.99916770498223,0.99999999994425,427
ENSG00000135390,1.0526742329077e-09,-0.150377350839519,1.08676310805939e-06,0.999168222005675,0.99999999994425,428
ENSG00000113558,1.0253193343266801e-09,-0.160006731831766,1.03101550361109e-06,0.999189836664837,0.99999999994425,429
ENSG00000282986,1.0226805936655501e-09,-0.16094837186126,1.02571553193757e-06,0.999191921683749,0.99999999994425,430
ENSG00000189377,1.02220764993484e-09,-0.161117384616984,1.02476705679576e-06,0.999192295383461,0.99999999994425,431
ENSG00000131171,1.0155238237585802e-09,-0.163513848004396,1.01140974688683e-06,0.99919757665428,0.99999999994425,432
ENSG00000123144,1.01474492477997e-09,-0.16379408553246,1.0098588548497e-06,0.99919819210662,0.99999999994425,433
ENSG00000164111,9.9959481667672e-10,-0.169285580174931,9.79929637855399e-07,0.99921016306796,0.99999999994425,434
ENSG00000105835,9.94761305677332e-10,-0.171054098034896,9.70475709122887e-07,0.99921398229971,0.99999999994425,435
ENSG00000176340,9.77242952536658e-10,-0.1775323877041,9.3659534826967e-07,0.99922782454632,0.99999999994425,436
ENSG00000111057,9.76260055803007e-10,-0.177899095928798,9.34712267803438e-07,0.999228601188907,0.99999999994425,437
ENSG00000277377,9.7337789527849e-10,-0.17897640758271,9.29201412122442e-07,0.999230878547792,0.99999999994425,438
ENSG00000166913,9.52014393665027e-10,-0.187056770250394,8.88861163722086e-07,0.999247759065155,0.99999999994425,439
ENSG00000116459,9.49028323884097e-10,-0.188199777114488,8.83293939277167e-07,0.999250118528705,0.99999999994425,440
ENSG00000227993,9.48307986017549e-10,-0.188476014957339,8.81953560738929e-07,0.99925068770862,0.99999999994425,441
ENSG00000115523,9.3727189778678e-10,-0.19273307004385,8.61545252628514e-07,0.99925940794961,0.99999999994425,442
ENSG00000079332,9.31799696621016e-10,-0.194861454286646,8.51514468279064e-07,0.999263731847017,0.99999999994425,443
ENSG00000126756,9.23718388363498e-10,-0.19802626885618,8.36808495194904e-07,0.999270117348385,0.99999999994425,444
ENSG00000122705,9.188812118839851e-10,-0.199933112079813,8.2806732035125e-07,0.999273939476712,0.99999999994425,445
ENSG00000088832,9.18277660554857e-10,-0.200171698688654,8.26979874032789e-07,0.999274416376954,0.99999999994425,446
ENSG00000277943,9.07294492578623e-10,-0.204539395088707,8.07315798652695e-07,0.999283094802879,0.99999999994425,447
ENSG00000175390,9.05799632533148e-10,-0.205137705232469,8.04657720248075e-07,0.99928427597686,0.99999999994425,448
ENSG00000010278,9.05091734138604e-10,-0.205421362548863,8.03400503297595e-07,0.999284835327662,0.99999999994425,449
ENSG00000124172,8.94380228992328e-10,-0.209739197570902,7.84496991730072e-07,0.999293299097426,0.99999999994425,450
ENSG00000173436,8.88190303640907e-10,-0.212256632646598,7.73675701708497e-07,0.999298190109726,0.99999999994425,451
ENSG00000100650,8.77298252878225e-10,-0.216726812481128,7.54816579891726e-07,0.999306796538983,0.99999999994425,452
ENSG00000070831,8.472483887879231e-10,-0.229336123851957,7.03993104565516e-07,0.999330540647383,0.99999999994425,453
ENSG00000185885,8.4607049337401e-10,-0.229838918770734,7.02036998569917e-07,0.999331471369621,0.99999999994425,454
ENSG00000167644,8.384253206701551e-10,-0.233118445727851,6.89406975647259e-07,0.999337512255927,0.99999999994425,455
ENSG00000179218,8.22201715615983e-10,-0.240172181346811,6.62984934060085e-07,0.999350331450254,0.99999999994425,456
ENSG00000102144,8.06689293414204e-10,-0.247040403703938,6.38203950207822e-07,0.999362588698663,0.99999999994425,457
ENSG00000178741,7.97488719569582e-10,-0.251173028572902,6.23729090037406e-07,0.999369858596217,0.99999999994425,458
ENSG00000140990,7.97139795968871e-10,-0.251330637042882,6.23183411624183e-07,0.999370134300633,0.99999999994425,459
ENSG00000170540,7.95152354507111e-10,-0.25222960364073,6.20079824066717e-07,0.999371704691364,0.99999999994425,460
ENSG00000143933,7.90578542585823e-10,-0.254306513075804,6.12966793213089e-07,0.999375318720761,0.99999999994425,461
ENSG00000172531,7.85060301758051e-10,-0.256827393554083,6.04439636762757e-07,0.999379678997263,0.99999999994425,462
ENSG00000165119,7.77670939503386e-10,-0.260229319676368,5.93114638230547e-07,0.999385517753448,0.99999999994425,463
ENSG00000102760,7.74880214652435e-10,-0.261522044215173,5.88865412131639e-07,0.999387722864186,0.99999999994425,464
ENSG00000106153,7.71959021963022e-10,-0.262879910563626,5.84433896485875e-07,0.999390031065002,0.99999999994425,465
ENSG00000171530,7.66921355178575e-10,-0.265232994690344,5.76830962813408e-07,0.999394011612626,0.99999999994425,466
ENSG00000136238,7.66018855291795e-10,-0.265656087776099,5.75474152067429e-07,0.999394724729221,0.99999999994425,467
ENSG00000167815,7.61773194640804e-10,-0.267652780230645,5.69112697546841e-07,0.999398079467677,0.99999999994425,468
ENSG00000189403,7.55151451876231e-10,-0.270787941955489,5.59261631848189e-07,0.999403311684052,0.99999999994425,469
ENSG00000217555,7.54507459288381e-10,-0.271094230055939,5.58308162785925e-07,0.999403820539303,0.99999999994425,470
ENSG00000185787,7.482501147707e-10,-0.274083161633489,5.49086146289634e-07,0.99940876482388,0.99999999994425,471
ENSG00000131174,7.367172759765131e-10,-0.279654243626753,5.32290371584277e-07,0.999417877577252,0.99999999994425,472
ENSG00000005022,7.135686282928701e-10,-0.291088873910504,4.99365343564431e-07,0.999436168643625,0.99999999994425,473
ENSG00000110321,7.09551503803032e-10,-0.293108701961757,4.93758689569445e-07,0.999439342802755,0.99999999994425,474
ENSG00000175768,6.97606517349103e-10,-0.299178965407125,4.77274202647145e-07,0.999448781217748,0.99999999994425,475
ENSG00000110958,6.755591331348651e-10,-0.310644832669838,4.47583060531654e-07,0.99946620211353,0.99999999994425,476
ENSG00000090266,6.70848908717256e-10,-0.31314005345698,4.41363421238977e-07,0.999469923930532,0.99999999994425,477
ENSG00000189043,6.68791411504765e-10,-0.314235186177292,4.38660244958381e-07,0.999471549676451,0.99999999994425,478
ENSG00000154723,6.67902992742375e-10,-0.31470904125595,4.37495591410819e-07,0.999472251666797,0.99999999994425,479
ENSG00000109332,6.56428101670584e-10,-0.320883338435389,4.22591961765079e-07,0.999481318632871,0.99999999994425,480
ENSG00000213585,6.50120410397184e-10,-0.324320759286884,4.14509514667435e-07,0.999486302699627,0.99999999994425,481
ENSG00000185043,6.47811109772116e-10,-0.325587089590858,4.11569976154103e-07,0.999488127409811,0.99999999994425,482
ENSG00000143546,6.415496633847511e-10,-0.329042138269327,4.03652331222731e-07,0.99949307493587,0.99999999994425,483
ENSG00000126267,6.41306803901242e-10,-0.329176786397705,4.03346782806366e-07,0.999493266833006,0.99999999994425,484
ENSG00000080824,6.41014688884416e-10,-0.329338806823438,4.02979417865859e-07,0.999493497649749,0.99999999994425,485
ENSG00000100129,6.39213827113151e-10,-0.330339186261928,4.00718343857973e-07,0.999494920613393,0.99999999994425,486
ENSG00000109971,6.35420600141466e-10,-0.332455039559442,3.95976564120972e-07,0.999497917858473,0.99999999994425,487
ENSG00000288145,6.33410217800329e-10,-0.333581254806102,3.93474898378552e-07,0.999499506376281,0.99999999994425,488
ENSG00000175550,6.21986772703148e-10,-0.340045305077816,3.79410372901572e-07,0.999508532692152,0.99999999994425,489
ENSG00000132002,6.10333996947921e-10,-0.346755380696587,3.65327214653836e-07,0.999517740215329,0.99999999994425,490
ENSG00000254999,6.06102343110022e-10,-0.349222017365624,3.60278899931715e-07,0.999521083886553,0.99999999994425,491
ENSG00000124831,6.00866325593203e-10,-0.35229665122526,3.54081008142995e-07,0.999525221162857,0.99999999994425,492
ENSG00000102265,5.90002326051814e-10,-0.358757418719371,3.41392793881838e-07,0.999533805429036,0.99999999994425,493
ENSG00000162191,5.88359719764647e-10,-0.359744007123132,3.39494518879724e-07,0.999535103346032,0.99999999994425,494
ENSG00000169564,5.79594562936704e-10,-0.365052834779333,3.29454548382725e-07,0.999542029196822,0.99999999994425,495
ENSG00000185088,5.78133733414384e-10,-0.365944965894863,3.27795904744426e-07,0.999543183481625,0.99999999994425,496
ENSG00000112096,5.75917454777276e-10,-0.367302513761597,3.25287507385241e-07,0.999544934689905,0.99999999994425,497
ENSG00000284889,5.72074022178727e-10,-0.369668459176589,3.20960328640054e-07,0.99954797160543,0.99999999994425,498
ENSG00000167460,5.71961574890115e-10,-0.369737904826412,3.20834164646374e-07,0.999548060456453,0.99999999994425,499
ENSG00000169813,5.70724107055791e-10,-0.37050299586305,3.19447384527726e-07,0.99954903825044,0.99999999994425,500
ENSG00000169429,5.63102681909922e-10,-0.375249840767545,3.10972577763601e-07,0.999555060373593,0.99999999994425,501
ENSG00000135046,5.62011061068197e-10,-0.375934683084449,3.09768054615662e-07,0.999555922925548,0.99999999994425,502
ENSG00000154582,5.6142387355031e-10,-0.376303581125907,3.09121103238289e-07,0.999556386895933,0.99999999994425,503
ENSG00000241468,5.58610087193304e-10,-0.378076389277606,3.06030315270523e-07,0.999558610229195,0.99999999994425,504
ENSG00000124107,5.53471918416815e-10,-0.381335474379625,3.00426393275576e-07,0.999562670189734,0.99999999994425,505
ENSG00000169230,5.39360523539303e-10,-0.390435015633009,2.85302262428513e-07,0.999573820408642,0.99999999994425,506
ENSG00000189159,5.37682948150716e-10,-0.391531653510347,2.8353026869852e-07,0.999575145956758,0.99999999994425,507
ENSG00000282633,5.34147732187635e-10,-0.393853229920164,2.79814154634407e-07,0.999577939332781,0.99999999994425,508
ENSG00000134285,5.33300082098644e-10,-0.394412032629838,2.78926773551214e-07,0.999578609109525,0.99999999994425,509
ENSG00000171159,5.286890828623871e-10,-0.397466508161944,2.74124332549206e-07,0.999582252523357,0.99999999994425,510
ENSG00000113387,5.28593063129071e-10,-0.397530381083792,2.74024769475416e-07,0.999582328394032,0.99999999994425,511
ENSG00000127540,5.26630284189055e-10,-0.398838434546008,2.71993522726384e-07,0.99958387929777,0.99999999994425,512
ENSG00000084234,5.26578422712723e-10,-0.398873058789122,2.7193995462937e-07,0.999583920276484,0.99999999994425,513
ENSG00000089280,5.24106591513961e-10,-0.400527062070315,2.69392900059838e-07,0.999585873411487,0.99999999994425,514
ENSG00000182117,5.11252487068412e-10,-0.409248540281091,2.56340820195006e-07,0.999596030173581,0.99999999994425,515
ENSG00000205352,5.10367088078611e-10,-0.409856860060456,2.55453714984611e-07,0.999596729777896,0.99999999994425,516
ENSG00000106211,5.09477985415364e-10,-0.410468725604278,2.54564446266034e-07,0.999597432308694,0.99999999994425,517
ENSG00000149357,4.997684151742721e-10,-0.417216954926161,2.44953987511029e-07,0.999605104394761,0.99999999994425,518
ENSG00000241837,4.96988601949424e-10,-0.419171691104613,2.42236598463619e-07,0.999607300883982,0.99999999994425,519
ENSG00000092199,4.96528390637996e-10,-0.419496300233996,2.41788184125816e-07,0.999607664523229,0.99999999994425,520
ENSG00000211450,4.90690316898293e-10,-0.423638959272054,2.36135823598862e-07,0.999612277518791,0.99999999994425,521
ENSG00000088986,4.8906351239011e-10,-0.424801600555242,2.34572678695494e-07,0.999613562949967,0.99999999994425,522
ENSG00000122545,4.84428765268002e-10,-0.42813403681009,2.30147758358763e-07,0.999617225128441,0.99999999994425,523
ENSG00000188243,4.84154113746208e-10,-0.428332455724774,2.29886863392478e-07,0.999617442146299,0.99999999994425,524
ENSG00000228474,4.82070377439687e-10,-0.429841290558462,2.27912315361417e-07,0.999619088625397,0.99999999994425,525
ENSG00000241553,4.755547535403e-10,-0.434599215211888,2.2179306186721e-07,0.999624236992082,0.99999999994425,526
ENSG00000284916,4.7340303376226e-10,-0.436183966837677,2.19790529667842e-07,0.999625937188811,0.99999999994425,527
ENSG00000205581,4.72669418420752e-10,-0.436725829234218,2.19109854818675e-07,0.999626516860206,0.99999999994425,528
ENSG00000124593,4.72599623670658e-10,-0.436777422239611,2.1904515171796e-07,0.999626572009026,0.99999999994425,529
ENSG00000135940,4.66320769491679e-10,-0.4414484358694,2.1326344482415e-07,0.99963153329045,0.99999999994425,530
ENSG00000160888,4.65617941795747e-10,-0.441974970557992,2.12621077973144e-07,0.999632088634769,0.99999999994425,531
ENSG00000187608,4.62902680332068e-10,-0.444016210149577,2.10148499340966e-07,0.99963423411799,0.99999999994425,532
ENSG00000099341,4.6269529537718903e-10,-0.444172578233743,2.09960244330122e-07,0.999634397984692,0.99999999994425,533
ENSG00000075415,4.5838660195129803e-10,-0.447436352987159,2.06068083810027e-07,0.999637802529556,0.99999999994425,534
ENSG00000158710,4.57288030561655e-10,-0.448273128125285,2.05081540015044e-07,0.999638670573581,0.99999999994425,535
ENSG00000184076,4.5599240253156903e-10,-0.449262437013289,2.03921076768512e-07,0.999639694323318,0.99999999994425,536
ENSG00000163584,4.50071198389581e-10,-0.453817689249317,1.98659503525142e-07,0.999644373005049,0.99999999994425,537
ENSG00000111237,4.45327534331984e-10,-0.45750795841305,1.94493906038995e-07,0.999648121245083,0.99999999994425,538
ENSG00000160014,4.4432893612597005e-10,-0.458289520102515,1.93622621464204e-07,0.999648910294588,0.99999999994425,539
ENSG00000131051,4.44189448925923e-10,-0.458398822659542,1.93501073503327e-07,0.999649020511396,0.99999999994425,540
ENSG00000105669,4.42408396172042e-10,-0.459797309766508,1.91952433916062e-07,0.999650427822952,0.99999999994425,541
ENSG00000288920,4.410214996433e-10,-0.46088998188234,1.90750825240484e-07,0.999651523689152,0.99999999994425,542
ENSG00000168653,4.38602938706144e-10,-0.462803221942359,1.88664407710208e-07,0.999653434732356,0.99999999994425,543
ENSG00000087302,4.35575139236953e-10,-0.465212466565617,1.86068591608667e-07,0.999655827169742,0.99999999994425,544
ENSG00000165637,4.34659424784018e-10,-0.465944215330215,1.85287065844832e-07,0.999656550728061,0.99999999994425,545
ENSG00000100387,4.33178563271892e-10,-0.467130652519429,1.84026690193355e-07,0.999657720841368,0.99999999994425,546
ENSG00000132341,4.2443925541567803e-10,-0.474211200462864,1.76676175733985e-07,0.999664626267942,0.99999999994425,547
ENSG00000232112,4.2365054928913003e-10,-0.474856946377833,1.76020175553469e-07,0.999665249469727,0.99999999994425,548
ENSG00000132475,4.2337757566157005e-10,-0.475080704841055,1.75793416088152e-07,0.99966546516179,0.99999999994425,549
ENSG00000165629,4.1621494434365003e-10,-0.481001062577503,1.69895642989526e-07,0.999671124766148,0.99999999994425,550
ENSG00000134308,4.08380291545015e-10,-0.487587805292818,1.63559755181232e-07,0.999677315373104,0.99999999994425,551
ENSG00000116586,4.0720141464344803e-10,-0.488589196886685,1.62616817836114e-07,0.999678246871123,0.99999999994425,552
ENSG00000174021,4.07085354052637e-10,-0.488687931633801,1.6252413292086e-07,0.999678338577229,0.99999999994425,553
ENSG00000119335,4.05684018114583e-10,-0.489882169700981,1.614071243857e-07,0.999679445852848,0.99999999994425,554
ENSG00000143198,4.03442322206084e-10,-0.491800678043049,1.59628271876501e-07,0.999681217144912,0.99999999994425,555
ENSG00000120742,4.02955638215398e-10,-0.492218522684994,1.59243375889307e-07,0.99968160170175,0.99999999994425,556
ENSG00000041357,4.0071023989596005e-10,-0.494152495991643,1.57473609980741e-07,0.999683375919302,0.99999999994425,557
ENSG00000099622,3.9957891547890103e-10,-0.495130782145085,1.56585675349915e-07,0.999684269843388,0.99999999994425,558
ENSG00000167283,3.97675484329013e-10,-0.496782632190208,1.55097407845984e-07,0.999685773853136,0.99999999994425,559
ENSG00000197448,3.94319888471827e-10,-0.499712932453627,1.52491019074901e-07,0.999688425301225,0.99999999994425,560
ENSG00000147123,3.9386050707488403e-10,-0.500115917391423,1.52135922948618e-07,0.999688788284724,0.99999999994425,561
ENSG00000106803,3.9325705205327004e-10,-0.500645961915769,1.51670088707098e-07,0.99968926510903,0.99999999994425,562
ENSG00000096384,3.87858434917517e-10,-0.505422217619158,1.47534430115561e-07,0.999693530865016,0.99999999994425,563
ENSG00000173660,3.85093674013742e-10,-0.507892552053212,1.45438595214961e-07,0.999695715460645,0.99999999994425,564
ENSG00000086061,3.82505266270804e-10,-0.510220502128902,1.43490034426161e-07,0.999697760709562,0.99999999994425,565
ENSG00000107223,3.77286086413064e-10,-0.514959976930458,1.39600984559029e-07,0.999701884681915,0.99999999994425,566
ENSG00000285246,3.75232699077058e-10,-0.516841580224558,1.38085557187145e-07,0.999703507180631,0.99999999994425,567
ENSG00000115053,3.73937099838314e-10,-0.518033787865337,1.37133642894263e-07,0.999704530907653,0.99999999994425,568
ENSG00000196754,3.66079106041522e-10,-0.525349161105201,1.31430689606062e-07,0.999710739957766,0.99999999994425,569
ENSG00000051108,3.63035835801668e-10,-0.528222082464016,1.29254566704166e-07,0.99971314461956,0.99999999994425,570
ENSG00000189067,3.60369337382318e-10,-0.530758029607655,1.27362790131956e-07,0.999715251572402,0.99999999994425,571
ENSG00000197111,3.59139736429053e-10,-0.53193338935966,1.26495134543097e-07,0.999716223150411,0.99999999994425,572
ENSG00000167088,3.58897581796938e-10,-0.532165308537933,1.26324610076658e-07,0.999716414490629,0.99999999994425,573
ENSG00000164924,3.56558506176358e-10,-0.534413134967017,1.24683362310009e-07,0.999718262728002,0.99999999994425,574
ENSG00000008018,3.5650526699490703e-10,-0.534464458745828,1.24646131143404e-07,0.999718304795323,0.99999999994425,575
ENSG00000145494,3.5066370843658004e-10,-0.540140177773969,1.20594789799462e-07,0.999722920544708,0.99999999994425,576
ENSG00000112081,3.49070167043436e-10,-0.541703940835223,1.19501228454142e-07,0.999724179692869,0.99999999994425,577
ENSG00000197249,3.40458798583482e-10,-0.55027253730348,1.13677895944151e-07,0.999730984027432,0.99999999994425,578
ENSG00000147649,3.39280061626029e-10,-0.551461269473808,1.12892107022891e-07,0.999731915414896,0.99999999994425,579
ENSG00000180817,3.36906776938409e-10,-0.55386652636122,1.11318256608891e-07,0.999733790682821,0.99999999994425,580
ENSG00000140612,3.36312842505357e-10,-0.55447095866507,1.10926115682794e-07,0.999734259984375,0.99999999994425,581
ENSG00000143761,3.36047377130984e-10,-0.554741441374985,1.10751067827141e-07,0.999734469743745,0.99999999994425,582
ENSG00000147684,3.33393457512381e-10,-0.557456639613547,1.09008671820678e-07,0.999736566757377,0.99999999994425,583
ENSG00000146278,3.33351020679646e-10,-0.557500221464459,1.08980922695712e-07,0.999736600289145,0.99999999994425,584
ENSG00000164032,3.27287173890395e-10,-0.563782046640547,1.05052132832719e-07,0.999741391681207,0.99999999994425,585
ENSG00000169714,3.2386094940699303e-10,-0.567380078512333,1.0286415705633e-07,0.999744098937078,0.99999999994425,586
ENSG00000111716,3.18894785862016e-10,-0.572659437460712,9.97336558157658e-08,0.999748022986858,0.99999999994425,587
ENSG00000172428,3.17909421325515e-10,-0.573716145457627,9.9118266780379e-08,0.999748801579722,0.99999999994425,588
ENSG00000099901,3.17673393600247e-10,-0.573969720296787,9.89711432732327e-08,0.999748988078723,0.99999999994425,589
ENSG00000166595,3.15904103885215e-10,-0.575876215987389,9.78717689251478e-08,0.999750386095696,0.99999999994425,590
ENSG00000186010,3.15295367719538e-10,-0.576534484939994,9.74949413868691e-08,0.999750867092949,0.99999999994425,591
ENSG00000173726,3.13872193174366e-10,-0.57807814616075,9.66167859543382e-08,0.999751991624536,0.99999999994425,592
ENSG00000116288,3.12487779373316e-10,-0.579586104262421,9.5766359387947e-08,0.999753085529043,0.99999999994425,593
ENSG00000152082,3.10299118178801e-10,-0.581982966998022,9.44295640967681e-08,0.999754814915405,0.99999999994425,594
ENSG00000167863,3.09336318356024e-10,-0.583042402732089,9.38444788455304e-08,0.9997555756786,0.99999999994425,595
ENSG00000166136,3.0804590665197005e-10,-0.584467214318015,9.30631581694617e-08,0.999756595306677,0.99999999994425,596
ENSG00000120963,3.04265833042349e-10,-0.588673584281679,9.0793190115668e-08,0.999759582158993,0.99999999994425,597
ENSG00000100219,3.03362106725712e-10,-0.589686517054117,9.02546456508355e-08,0.999760296244834,0.99999999994425,598
ENSG00000125534,3.02576922251523e-10,-0.590568893596085,8.97880426448984e-08,0.999760916663987,0.99999999994425,599
ENSG00000168484,3.02348913435329e-10,-0.590825530013427,8.96527728987486e-08,0.999761096826791,0.99999999994425,600
ENSG00000164405,2.99787420333557e-10,-0.593721226047035,8.81401351762804e-08,0.999763120808968,0.99999999994425,601
ENSG00000156411,2.92219395872303e-10,-0.602414870972242,8.37461747988355e-08,0.999769100737877,0.99999999994425,602
ENSG00000153187,2.91696147103416e-10,-0.603023756611583,8.34465310975153e-08,0.999769514186652,0.99999999994425,603
ENSG00000168878,2.89682125816901e-10,-0.605377041422559,8.22981930459641e-08,0.999771105580046,0.99999999994425,604
ENSG00000065518,2.87122087946448e-10,-0.608390665358541,8.0850015810338e-08,0.99977312841237,0.99999999994425,605
ENSG00000089248,2.86036764902301e-10,-0.609675931654677,8.02399440375967e-08,0.999773985988174,0.99999999994425,606
ENSG00000198931,2.85098851576316e-10,-0.610790337242514,7.97145938973786e-08,0.99977472708713,0.99999999994425,607
ENSG00000111639,2.81483990017371e-10,-0.615117979000575,7.77059544393804e-08,0.999777583395976,0.99999999994425,608
ENSG00000149021,2.81389428205859e-10,-0.615231887751196,7.76537540881677e-08,0.999777658114671,0.99999999994425,609
ENSG00000125835,2.80727059085322e-10,-0.616030787065796,7.72886024079527e-08,0.999778181490394,0.99999999994425,610
ENSG00000136938,2.80402941149667e-10,-0.616422360700183,7.71102358404795e-08,0.999778437594511,0.99999999994425,611
ENSG00000124795,2.80180495394028e-10,-0.616691348841033,7.6987940112278e-08,0.999778613361624,0.99999999994425,612
ENSG00000188612,2.7920291312495e-10,-0.617875860544915,7.64516376400072e-08,0.999779385805282,0.99999999994425,613
ENSG00000106028,2.78940731810907e-10,-0.618194203360525,7.63081235233786e-08,0.999779592969732,0.99999999994425,614
ENSG00000132432,2.76782589614079e-10,-0.620825398911665,7.51319115902551e-08,0.999781298241305,0.99999999994425,615
ENSG00000178127,2.74623518329912e-10,-0.623477136159116,7.39643347928403e-08,0.999783004247004,0.99999999994425,616
ENSG00000129084,2.71863477849139e-10,-0.626895718935015,7.24850827211852e-08,0.999785185112837,0.99999999994425,617
ENSG00000129824,2.67459364426793e-10,-0.632418945790394,7.01556283291113e-08,0.999788665054729,0.99999999994425,618
ENSG00000135637,2.66742900730846e-10,-0.633325560025618,6.97802693438038e-08,0.999789231173671,0.99999999994425,619
ENSG00000085063,2.63744771313491e-10,-0.637144450473261,6.82204562070737e-08,0.999791600167193,0.99999999994425,620
ENSG00000111678,2.62476411686292e-10,-0.638772355766994,6.75658838838826e-08,0.999792602370676,0.99999999994425,621
ENSG00000178980,2.62144432783793e-10,-0.639199665200424,6.73950779598548e-08,0.999792864686194,0.99999999994425,622
ENSG00000169976,2.60639250126494e-10,-0.641143490864276,6.66233608452769e-08,0.999794054017097,0.99999999994425,623
ENSG00000278032,2.59978715321234e-10,-0.641999860243732,6.62861032342096e-08,0.999794575943425,0.99999999994425,624
ENSG00000205420,2.59783871941667e-10,-0.642252862012028,6.61867830373831e-08,0.999794729900323,0.99999999994425,625
ENSG00000164919,2.56379225731026e-10,-0.646702846272259,6.44633046421599e-08,0.999797420106019,0.99999999994425,626
ENSG00000164104,2.55503100106013e-10,-0.647856975202567,6.40234760893122e-08,0.999798112382984,0.99999999994425,627
ENSG00000177700,2.54988444335944e-10,-0.648536675592219,6.37658129455206e-08,0.999798519041944,0.99999999994425,628
ENSG00000170144,2.54747633184683e-10,-0.648855156204957,6.36454289180123e-08,0.999798709320607,0.99999999994425,629
ENSG00000197728,2.5443892873442203e-10,-0.649263842955262,6.34912706842019e-08,0.99979895324565,0.99999999994425,630
ENSG00000111775,2.53273979713518e-10,-0.650810310769605,6.29112118730037e-08,0.9997998737385,0.99999999994425,631
ENSG00000155957,2.51657269372717e-10,-0.652967629299545,6.21106196494074e-08,0.999801151193808,0.99999999994425,632
ENSG00000118680,2.50162905059566e-10,-0.654973332458635,6.13751724358955e-08,0.999802331976522,0.99999999994425,633
ENSG00000172270,2.47895824101703e-10,-0.658037811263207,6.02677980155125e-08,0.999804123326854,0.99999999994425,634
ENSG00000069275,2.47305156786139e-10,-0.658840567978198,5.99809371276059e-08,0.999804590046883,0.99999999994425,635
ENSG00000122034,2.4680275544527e-10,-0.659524787901213,5.9737481678045e-08,0.999804987022918,0.99999999994425,636
ENSG00000125868,2.44853639522671e-10,-0.662191764733744,5.87976582567758e-08,0.99980652713089,0.99999999994425,637
ENSG00000117632,2.44768592056505e-10,-0.662308590033012,5.87568197917388e-08,0.999806594331758,0.99999999994425,638
ENSG00000230989,2.42670526319635e-10,-0.66520276735868,5.77538534169978e-08,0.999808252133499,0.99999999994425,639
ENSG00000110955,2.4067951928064e-10,-0.667971141843861,5.68100501823008e-08,0.99980982534204,0.99999999994425,640
ENSG00000122565,2.37530565305279e-10,-0.672393921651626,5.53332152866879e-08,0.999812313510687,0.99999999994425,641
ENSG00000160789,2.33517530692022e-10,-0.678111060964066,5.34793205969902e-08,0.999815484438873,0.99999999994425,642
ENSG00000102007,2.30993737799971e-10,-0.68175415620685,5.23295879354704e-08,0.999817478631995,0.99999999994425,643
ENSG00000126432,2.30359860328727e-10,-0.682675048470691,5.20427833233978e-08,0.999817979494842,0.99999999994425,644
ENSG00000150459,2.30082398200696e-10,-0.683078894575919,5.19174906169642e-08,0.99981819873354,0.99999999994425,645
ENSG00000151366,2.29457371617076e-10,-0.683990303917095,5.163580252139e-08,0.999818692602795,0.99999999994425,646
ENSG00000188186,2.28798874347386e-10,-0.684953053144989,5.13398587024405e-08,0.999819212919153,0.99999999994425,647
ENSG00000164096,2.28072912553402e-10,-0.686017467659882,5.10145804655257e-08,0.999819786543091,0.99999999994425,648
ENSG00000198258,2.27541866678599e-10,-0.686798116962798,5.07772919360282e-08,0.999820206152812,0.99999999994425,649
ENSG00000122566,2.20986496794737e-10,-0.696578635522435,4.78936985857686e-08,0.999825385925525,0.99999999994425,650
ENSG00000275903,2.20908877514795e-10,-0.696696071401541,4.78600601364586e-08,0.999825447256958,0.99999999994425,651
ENSG00000074842,2.1983831683205002e-10,-0.698319778014693,4.73973087293123e-08,0.99982629316819,0.99999999994425,652
ENSG00000161547,2.13677233408186e-10,-0.707811544800231,4.47778674223706e-08,0.999831161392626,0.99999999994425,653
ENSG00000089220,2.11949900187513e-10,-0.710518953814421,4.40568390839384e-08,0.99983252625741,0.99999999994425,654
ENSG00000185651,2.10766800630132e-10,-0.712385354073163,4.35663632656454e-08,0.999833461092047,0.99999999994425,655
ENSG00000138495,2.09934685475869e-10,-0.713703978981543,4.32230390950063e-08,0.999834118593829,0.99999999994425,656
ENSG00000177156,2.09323949628696e-10,-0.714674927993431,4.29719185010075e-08,0.999834601171158,0.99999999994425,657
ENSG00000099624,2.05822298458704e-10,-0.720293906743307,4.15462423014614e-08,0.999837368026051,0.99999999994425,658
ENSG00000141552,2.04141331256002e-10,-0.723023359558326,4.0870390506177e-08,0.999838696254395,0.99999999994425,659
ENSG00000101443,1.94086021038661e-10,-0.739806604073862,3.69432769270823e-08,0.999846641530204,0.99999999994425,660
ENSG00000152795,1.94004494024286e-10,-0.739945998521051,3.69122469489855e-08,0.999846705949362,0.99999999994425,661
ENSG00000109046,1.92607010897211e-10,-0.74234402631663,3.63823782697821e-08,0.999847810180724,0.99999999994425,662
ENSG00000134248,1.92535154563192e-10,-0.74246777160321,3.63552368209742e-08,0.999847866958524,0.99999999994425,663
ENSG00000100380,1.91239376740338e-10,-0.744706755034658,3.58675358785043e-08,0.999848890826707,0.99999999994425,664
ENSG00000104763,1.91208485626124e-10,-0.744760306209065,3.5855949366574e-08,0.999848915235543,0.99999999994425,665
ENSG00000112695,1.89015038992987e-10,-0.748583735676114,3.50380253548289e-08,0.999850648403205,0.99999999994425,666
ENSG00000120533,1.86246518479153e-10,-0.753469699504454,3.40191320119977e-08,0.999852835969639,0.99999999994425,667
ENSG00000101084,1.85747174503259e-10,-0.754358231999051,3.38369597320638e-08,0.99985323052988,0.99999999994425,668
ENSG00000166598,1.85372827556794e-10,-0.755025821681735,3.37007100307134e-08,0.999853526322817,0.99999999994425,669
ENSG00000174886,1.84289600959762e-10,-0.756964766564856,3.33080004203984e-08,0.999854382242119,0.99999999994425,670
ENSG00000139343,1.83322445296618e-10,-0.758705040605306,3.2959315620603e-08,0.999855146447136,0.99999999994425,671
ENSG00000136888,1.82202202170816e-10,-0.760731618790407,3.25577321241402e-08,0.999856031615315,0.99999999994425,672
ENSG00000183648,1.82162816645554e-10,-0.760803082630192,3.25436580375268e-08,0.999856062736072,0.99999999994425,673
ENSG00000197061,1.8054344713217e-10,-0.763754053163522,3.19676243046043e-08,0.999857342292563,0.99999999994425,674
ENSG00000185201,1.80273392993357e-10,-0.764248595814867,3.18720624568435e-08,0.999857555677787,0.99999999994425,675
ENSG00000087460,1.7957871063222002e-10,-0.765523961865093,3.1626898162633e-08,0.999858104586062,0.99999999994425,676
ENSG00000186847,1.7638479098322601e-10,-0.771448129743436,3.05118943341288e-08,0.999860628284692,0.99999999994425,677
ENSG00000130303,1.7549075171736e-10,-0.773124520685669,3.02033677595661e-08,0.999861334716262,0.99999999994425,678
ENSG00000034713,1.75095314854434e-10,-0.77386856197876,3.00674053958905e-08,0.999861647173549,0.99999999994425,679
ENSG00000185825,1.7446060071349e-10,-0.775066135339212,2.98498139929037e-08,0.999862148697502,0.99999999994425,680
ENSG00000130332,1.74007251698281e-10,-0.775924025618968,2.96948815753469e-08,0.999862506914494,0.99999999994425,681
ENSG00000125356,1.7259501575658202e-10,-0.778610014880774,2.92148325836408e-08,0.999863622802903,0.99999999994425,682
ENSG00000073792,1.7225404494093801e-10,-0.779261623228733,2.90995156307953e-08,0.999863892223451,0.99999999994425,683
ENSG00000152234,1.71212117792484e-10,-0.781260341796584,2.87485470703326e-08,0.999864715509697,0.99999999994425,684
ENSG00000122133,1.69052923527431e-10,-0.785439036566227,2.80280106255732e-08,0.99986642161261,0.99999999994425,685
ENSG00000127922,1.6726879250823e-10,-0.788929978117252,2.74395348954339e-08,0.999867831356596,0.99999999994425,686
ENSG00000099860,1.67110121354459e-10,-0.789242140141897,2.73875013085491e-08,0.999867956731752,0.99999999994425,687
ENSG00000115541,1.66982487355857e-10,-0.789493443834804,2.73456816824956e-08,0.999868057582676,0.99999999994425,688
ENSG00000125148,1.63144896720121e-10,-0.797135201862979,2.61032082862635e-08,0.999871089882582,0.99999999994425,689
ENSG00000161055,1.5767368469972e-10,-0.808328024902335,2.43817759323756e-08,0.999875413000205,0.99999999994425,690
ENSG00000115414,1.56604222200606e-10,-0.810558569796864,2.40521462478849e-08,0.99987625804371,0.99999999994425,691
ENSG00000180879,1.56238181690191e-10,-0.811325306076129,2.39398405816005e-08,0.999876547273258,0.99999999994425,692
ENSG00000125971,1.49325130250084e-10,-0.826132918831685,2.18681833552407e-08,0.9998820096707,0.99999999994425,693
ENSG00000139644,1.45041544886532e-10,-0.835635776784503,2.063154426446e-08,0.999885394376565,0.99999999994425,694
ENSG00000182196,1.43684051248893e-10,-0.838702502783412,2.02471561136092e-08,0.999886467009952,0.99999999994425,695
ENSG00000140319,1.42782042587336e-10,-0.840755367020258,1.99937419781441e-08,0.999887179738601,0.99999999994425,696
ENSG00000179271,1.42757863455554e-10,-0.840810563791186,1.99869709531538e-08,0.999887198843917,0.99999999994425,697
ENSG00000042286,1.4206499998013501e-10,-0.84239600443232,1.9793431540687e-08,0.999887746314989,0.99999999994425,698
ENSG00000142864,1.41888928964687e-10,-0.842800058404027,1.97443991969129e-08,0.999887885438771,0.99999999994425,699
ENSG00000169020,1.41319363420877e-10,-0.844110360161722,1.95862028042556e-08,0.999888335485093,0.99999999994425,700
ENSG00000182004,1.40587841851604e-10,-0.84580056286708,1.93839566769426e-08,0.999888913502137,0.99999999994425,701
ENSG00000101558,1.38224700747278e-10,-0.851317848618535,1.87377835934357e-08,0.999890780755123,0.99999999994425,702
ENSG00000100632,1.35938293743e-10,-0.85674120955382,1.81230183884312e-08,0.999892587376108,0.99999999994425,703
ENSG00000110696,1.32593209383177e-10,-0.864832609347492,1.72420725268502e-08,0.999895230518642,0.99999999994425,704
ENSG00000125995,1.31958727526794e-10,-0.866389018726252,1.7077454627587e-08,0.999895731859057,0.99999999994425,705
ENSG00000164265,1.31883288962421e-10,-0.866574541201835,1.70579344270646e-08,0.999895791467383,0.99999999994425,706
ENSG00000099795,1.29772168210777e-10,-0.871807280865213,1.65161958360897e-08,0.999897459584672,0.99999999994425,707
ENSG00000163220,1.29205443148223e-10,-0.873225648082345,1.63722558215854e-08,0.999897907386568,0.99999999994425,708
ENSG00000129625,1.29112976000923e-10,-0.873457625491342,1.63488302748498e-08,0.999897980450151,0.99999999994425,709
ENSG00000084623,1.28548426396395e-10,-0.874877345671295,1.62061715374826e-08,0.999898426533094,0.99999999994425,710
ENSG00000116741,1.28453056262634e-10,-0.875117760636734,1.61821337261209e-08,0.999898501890493,0.99999999994425,711
ENSG00000143384,1.26238951196078e-10,-0.880747004031946,1.56290887591369e-08,0.999900251381582,0.99999999994425,712
ENSG00000172115,1.26166071534859e-10,-0.880933873367978,1.56110481482187e-08,0.999900308967972,0.99999999994425,713
ENSG00000044574,1.25329869386463e-10,-0.88308526989971,1.54048004258758e-08,0.999900969699131,0.99999999994425,714
ENSG00000108561,1.2450757492001801e-10,-0.885214110517295,1.52033204925261e-08,0.999901619441036,0.99999999994425,715
ENSG00000198830,1.23373461568001e-10,-0.888172052032122,1.49276142058534e-08,0.999902515568882,0.99999999994425,716
ENSG00000160200,1.20330267983666e-10,-0.896237586814249,1.42002722210673e-08,0.999904920170246,0.99999999994425,717
ENSG00000118705,1.19670411151176e-10,-0.898011765250559,1.40449587625259e-08,0.999905441560882,0.99999999994425,718
ENSG00000119705,1.19533557251262e-10,-0.89838088225117,1.40128537783315e-08,0.999905549696978,0.99999999994425,719
ENSG00000175756,1.16131777558296e-10,-0.907686334522376,1.32266252627917e-08,0.999908237637744,0.99999999994425,720
ENSG00000214253,1.15212606514849e-10,-0.910244757115424,1.30180791026132e-08,0.999908963927375,0.99999999994425,721
ENSG00000089356,1.1491767135689201e-10,-0.911069755590694,1.29515139073954e-08,0.999909196972518,0.99999999994425,722
ENSG00000111684,1.1035139077382e-10,-0.924103742256515,1.19427000318511e-08,0.999912805052064,0.99999999994425,723
ENSG00000171867,1.0896725704523002e-10,-0.9281550440927,1.16449851711132e-08,0.999913898735317,0.99999999994425,724
ENSG00000198492,1.01549370693844e-10,-0.950729239582577,1.01134975815382e-08,0.999919760031739,0.99999999994425,725
ENSG00000116030,1.00851237698869e-10,-0.952933133262477,9.97491875491667e-09,0.999920311666563,0.99999999994425,726
ENSG00000265241,9.787011118802879e-11,-0.962508729562368,9.393924503612531e-09,0.999922667225186,0.99999999994425,727
ENSG00000143222,9.72999359442956e-11,-0.964371424760508,9.28478840464491e-09,0.999923117753269,0.99999999994425,728
ENSG00000128422,9.613561881418379e-11,-0.968207262014017,9.063909371513031e-09,0.999924037746851,0.99999999994425,729
ENSG00000136240,9.536543935551401e-11,-0.970768735449127,8.91926217803512e-09,0.999924646309708,0.99999999994425,730
ENSG00000185303,9.533498704661279e-11,-0.97087041412679,8.91356684935104e-09,0.99992467037182,0.99999999994425,731
ENSG00000215845,9.3858819945443e-11,-0.975836314412826,8.6396685469724e-09,0.999925836775907,0.99999999994425,732
ENSG00000167004,9.374939395137309e-11,-0.976207351924819,8.61953504824624e-09,0.999925923239646,0.99999999994425,733
ENSG00000170348,9.086167283993759e-11,-0.986149333926781,8.096705791641661e-09,0.999928204993321,0.99999999994425,734
ENSG00000023909,8.691765715441869e-11,-1.0002200052257,7.409056815438521e-09,0.999931321385777,0.99999999994425,735
ENSG00000150779,8.2490559535457e-11,-1.01674918164624,6.673526679291251e-09,0.99993481948891,0.99999999994425,736
ENSG00000134825,8.093138300145079e-11,-1.02277014536667,6.423634559823551e-09,0.9999360514835,0.99999999994425,737
ENSG00000115128,8.01561800025022e-11,-1.02580447506585,6.30116607136837e-09,0.999936664015745,0.99999999994425,738
ENSG00000142168,7.87825106397864e-11,-1.03124987928874,6.08704532663513e-09,0.999937749430506,0.99999999994425,739
ENSG00000175334,7.77963703396231e-11,-1.03521449643885,5.9356129304691805e-09,0.999938528636381,0.99999999994425,740
ENSG00000144381,7.686920940854159e-11,-1.0389854109482,5.794977191702081e-09,0.999939261239282,0.99999999994425,741
ENSG00000168003,7.329178477656001e-11,-1.05394858541213,5.2681423000116205e-09,0.999942087967175,0.99999999994425,742
ENSG00000142089,7.20457397672554e-11,-1.05932233830073,5.090535990140211e-09,0.999943072538632,0.99999999994425,743
ENSG00000143774,7.1677927990897e-11,-1.06092532029039,5.03869171295878e-09,0.999943363167762,0.99999999994425,744
ENSG00000128272,6.953571951377001e-11,-1.07041828210917,4.742013737601461e-09,0.999945055849252,0.99999999994425,745
ENSG00000143256,6.652893669504449e-11,-1.08421802659452,4.34078291262123e-09,0.999947431680398,0.99999999994425,746
ENSG00000151012,6.626835528586189e-11,-1.0854414914445,4.30684543587045e-09,0.99994763758068,0.99999999994425,747
ENSG00000131495,6.5906275785933e-11,-1.0871490480047,4.2599102063682204e-09,0.99994792368041,0.99999999994425,748
ENSG00000239672,6.36085701867451e-11,-1.09819548481034,3.968059439980141e-09,0.999949739229074,0.99999999994425,749
ENSG00000123983,6.29884701302756e-11,-1.10124108266719,3.89106981120765e-09,0.99995022920561,0.99999999994425,750
ENSG00000163463,6.25665894348218e-11,-1.10332931926639,3.8391215789216905e-09,0.999950562557686,0.99999999994425,751
ENSG00000128228,5.934421826907189e-11,-1.11973166567844,3.4538520396772503e-09,0.999953108737522,0.99999999994425,752
ENSG00000008952,5.93432381925309e-11,-1.11973678084313,3.4537379590976503e-09,0.999953109511937,0.99999999994425,753
ENSG00000173141,5.8960871175705e-11,-1.12173850787691,3.4093743208514704e-09,0.999953411641995,0.99999999994425,754
ENSG00000072274,5.640337612348869e-11,-1.13545038886177,3.1200180217182204e-09,0.999955432465171,0.99999999994425,755
ENSG00000188229,5.4500083297381694e-11,-1.14604033114517,2.9130050279118504e-09,0.999956936365737,0.99999999994425,756
ENSG00000243147,5.4419325919373494e-11,-1.14649733084698,2.9043785326281903e-09,0.999957000176762,0.99999999994425,757
ENSG00000122852,5.3063688190732597e-11,-1.15426568568154,2.7614791389820903e-09,0.999958071343699,0.99999999994425,758
ENSG00000167642,5.1622308484863793e-11,-1.16273316718266,2.6134954336469403e-09,0.999959210260278,0.99999999994425,759
ENSG00000001084,5.1368563603954496e-11,-1.1642468228033,2.5878657687901603e-09,0.999959410758627,0.99999999994425,760
ENSG00000168899,5.05751305121069e-11,-1.16902572343786,2.5085393992381e-09,0.999960037695512,0.99999999994425,761
ENSG00000163931,4.941511131417019e-11,-1.17614125859941,2.39478460805002e-09,0.999960954293055,0.99999999994425,762
ENSG00000255302,4.60942978056137e-11,-1.19741699708585,2.08372934971777e-09,0.999963578257821,0.99999999994425,763
ENSG00000117592,4.4619835938347294e-11,-1.2073303578587,1.95255304119683e-09,0.999964743314509,0.99999999994425,764
ENSG00000282657,4.2155630563186e-11,-1.2246084127275,1.7428422591553802e-09,0.999966690424175,0.99999999994425,765
ENSG00000142507,4.13728742379416e-11,-1.23029628757004,1.6787200915052e-09,0.999967308924736,0.99999999994425,766
ENSG00000106615,3.78193917343429e-11,-1.25746321956243,1.40273612418428e-09,0.999970116734589,0.99999999994425,767
ENSG00000185728,3.70250569451652e-11,-1.26386406743018,1.3444305496264e-09,0.999970744383957,0.99999999994425,768
ENSG00000109321,3.36620104097417e-11,-1.29248149019122,1.11128896547374e-09,0.999973401719455,0.99999999994425,769
ENSG00000171222,3.1173521009258494e-11,-1.31544703609467,9.530564354365441e-10,0.999975368017319,0.99999999994425,770
ENSG00000075142,2.96510524989221e-11,-1.33036470357548,8.6223794198483e-10,0.999976571006804,0.99999999994425,771
ENSG00000266472,2.70838475189899e-11,-1.35723517322113,7.193953433080801e-10,0.999978599502352,0.99999999994425,772
ENSG00000110680,2.5626878538874397e-11,-1.37357288174232,6.440777895742571e-10,0.99997975073691,0.99999999994425,773
ENSG00000166794,2.5527277455835796e-11,-1.37472147557924,6.39080990498856e-10,0.999979829437425,0.99999999994425,774
ENSG00000114850,2.53777311779354e-11,-1.37645398646089,6.316150757626581e-10,0.999979947602496,0.99999999994425,775
ENSG00000126709,2.49042879406839e-11,-1.38200300530383,6.08268266870271e-10,0.999980321697088,0.99999999994425,776
ENSG00000110717,2.4854019937859398e-11,-1.38259799770484,6.058152296610621e-10,0.999980361416713,0.99999999994425,777
ENSG00000146701,2.34411182667456e-11,-1.39980299404921,5.38894255526986e-10,0.999981477831169,0.99999999994425,778
ENSG00000104979,2.3355042725920197e-11,-1.4008824568442,5.34943893584354e-10,0.999981545844378,0.99999999994425,779
ENSG00000183011,2.21955244256485e-11,-1.41580102354395,4.83145260625257e-10,0.999982462046135,0.99999999994425,780
ENSG00000186395,1.9840367021115098e-11,-1.44850861958519,3.8605244354027004e-10,0.99998432299076,0.99999999994425,781
ENSG00000165678,1.83697484368198e-11,-1.47084149729913,3.30943091849971e-10,0.999985485010652,0.99999999994425,782
ENSG00000118363,1.7520171023798e-11,-1.48452357021114,3.01039569742865e-10,0.999986156310378,0.99999999994425,783
ENSG00000185650,1.7189301779061e-11,-1.4900218187743,2.89776641439799e-10,0.999986417749101,0.99999999994425,784
ENSG00000185624,1.6658368449481497e-11,-1.499056519979,2.72152187403651e-10,0.999986837269904,0.99999999994425,785
ENSG00000170043,1.6250200547276e-11,-1.50618851070105,2.58978882338675e-10,0.999987159786719,0.99999999994425,786
ENSG00000285390,1.5888684357784698e-11,-1.51264769262194,2.47584115127395e-10,0.999987445441346,0.99999999994425,787
ENSG00000166295,1.58135406585815e-11,-1.51400764111631,2.45247811855499e-10,0.999987504816682,0.99999999994425,788
ENSG00000173915,1.56588849944793e-11,-1.51682585704387,2.40474245667812e-10,0.999987627018972,0.99999999994425,789
ENSG00000125991,1.5592809535666497e-11,-1.51803792005992,2.38449079515247e-10,0.999987679228973,0.99999999994425,790
ENSG00000163479,1.50172202264192e-11,-1.52880581199229,2.21169889800916e-10,0.999988134035021,0.99999999994425,791
ENSG00000173113,1.5014415609996098e-11,-1.5288592251663,2.21087286126923e-10,0.999988136251109,0.99999999994425,792
ENSG00000164266,1.47723605220077e-11,-1.533504879951,2.14016224546097e-10,0.999988327512684,0.99999999994425,793
ENSG00000125977,1.3995657133801e-11,-1.54891165771221,1.921027098998e-10,0.999988941230474,0.99999999994425,794
ENSG00000054148,1.33519359745852e-11,-1.56230365394779,1.7483782066408e-10,0.999989449871395,0.99999999994425,795
ENSG00000118418,1.3219780678869899e-11,-1.56512811639084,1.71393916276889e-10,0.999989554294856,0.99999999994425,796
ENSG00000116044,1.30556845694088e-11,-1.56867247706178,1.67165326054114e-10,0.999989683956581,0.99999999994425,797
ENSG00000068697,1.2781819243555599e-11,-1.57468231043482,1.60225724981492e-10,0.999989900353246,0.99999999994425,798
ENSG00000105404,1.2678270268261e-11,-1.57698628723228,1.57640176808087e-10,0.999989982173216,0.99999999994425,799
ENSG00000143742,1.09455312288232e-11,-1.61842439068798,1.17495326094913e-10,0.999991351309478,0.99999999994425,800
ENSG00000100138,1.08879279033027e-11,-1.61990568487887,1.1626188899762401e-10,0.999991396825161,0.99999999994425,801
ENSG00000187193,1.0789972272972e-11,-1.62244168922976,1.14179348201499e-10,0.99999147422551,0.99999999994425,802
ENSG00000102081,8.3342860121237e-12,-1.69434712956381,6.81214216322019e-11,0.999993414603738,0.99999999994425,803
ENSG00000105968,7.68050582110259e-12,-1.71687042711953,5.7853088315008296e-11,0.999993931192875,0.99999999994425,804
ENSG00000130724,7.347657985605829e-12,-1.72904075241047,5.294741572618849e-11,0.999994194194996,0.99999999994425,805
ENSG00000116209,7.215507201386e-12,-1.73401731851953,5.1059978908349296e-11,0.999994298614892,0.99999999994425,806
ENSG00000148346,6.505618989953899e-12,-1.76231547782102,4.1507268222397195e-11,0.999994859538187,0.99999999994425,807
ENSG00000143977,6.23516901228509e-12,-1.77386820229104,3.81279418197802e-11,0.99999507323619,0.99999999994425,808
ENSG00000143543,5.964441405935239e-12,-1.78591555067165,3.4888833976281695e-11,0.999995287153562,0.99999999994425,809
ENSG00000079999,4.21062751890977e-12,-1.87934736256742,1.73876364495039e-11,0.999996672942267,0.99999999994425,810
ENSG00000114902,2.78957535863682e-12,-1.9874131480305,7.63173177658296e-12,0.999997795796891,0.99999999994425,811
ENSG00000125166,2.0827512089842797e-12,-2.06255535603776,4.25423711937817e-12,0.999998354299096,0.99999999994425,812
ENSG00000166562,1.1514147674063099e-12,-2.21111405807827,1.30020099029405e-12,0.999999090201309,0.99999999994425,813
ENSG00000129562,1.05234145587506e-12,-2.23322223336132,1.0860761098834198e-12,0.999999168484801,0.99999999994425,814
ENSG00000149658,4.35991093911007e-13,-2.44374112474194,1.8642413557018899e-13,0.99999965549849,0.99999999994425,815
ENSG00000115009,4.29958873767634e-13,-2.44698400038677,1.81301223696657e-13,0.999999660264892,0.99999999994425,816
ENSG00000086598,2.11294061727581e-13,-2.6089165113054,4.37846099795508e-14,0.999999833044472,0.99999999994425,817
ENSG00000180176,8.3520829146367395e-16,-3.6655215943174,6.84126630690566e-19,0.999999999340054,0.99999999994425,818
ENSG00000172236,8.290279485193579e-16,-3.66672396145485,6.74039341968318e-19,0.999999999344938,0.99999999994425,819
ENSG00000197253,4.60492880166677e-16,-3.76027910599394,2.07966193001808e-19,0.999999999636138,0.99999999994425,820
ENSG00000161905,1.28629253048055e-16,-3.95256318876796,1.62265576662668e-20,0.999999999898363,0.99999999994425,821
ENSG00000143870,8.84951569031227e-17,-4.00630113366334,7.68043661454896e-21,0.999999999930075,0.99999999994425,822
ENSG00000144554,7.87678925640076e-17,-4.0227958791868,6.08478663663047e-21,0.999999999937761,0.99999999994425,823
ENSG00000126368,7.055596206397991e-17,-4.03828985685039,4.88218619357346e-21,0.99999999994425,0.99999999994425,824
