patient	KEAP1_mut	NFE2L2_mut	EGFR_mut	KRAS_note
TCGA-05-4382	0	0	1	EGFR
TCGA-05-4384	1	0	0	KEAP1
TCGA-05-4389	1	0	0	KEAP1
TCGA-05-4395	1	0	0	KEAP1
TCGA-05-4402	0	0	1	EGFR
TCGA-05-4410	0	0	1	EGFR
TCGA-05-4418	1	0	0	KEAP1
TCGA-05-4422	0	1	0	NFE2L2
TCGA-05-4425	0	0	1	EGFR
TCGA-05-5423	0	0	1	EGFR
TCGA-17-Z001	1	0	0	KEAP1
TCGA-17-Z011	1	0	0	KEAP1
TCGA-17-Z015	0	1	0	NFE2L2
TCGA-17-Z018	1	0	0	KEAP1
TCGA-17-Z023	0	1	0	NFE2L2
TCGA-17-Z026	1	1	1	EGFR,KEAP1,NFE2L2
TCGA-17-Z030	1	0	0	KEAP1
TCGA-17-Z032	0	0	1	EGFR
TCGA-17-Z033	0	1	0	NFE2L2
TCGA-17-Z036	1	0	0	KEAP1
TCGA-17-Z043	1	0	0	KEAP1
TCGA-17-Z047	0	0	1	EGFR
TCGA-17-Z048	0	0	1	EGFR
TCGA-35-5375	1	0	0	KEAP1
TCGA-38-4627	0	0	1	EGFR
TCGA-38-4628	0	0	1	EGFR
TCGA-38-4629	0	0	1	EGFR
TCGA-38-4631	1	0	0	KEAP1
TCGA-38-6178	0	0	1	EGFR
TCGA-44-2655	1	0	0	KEAP1
TCGA-44-2661	0	0	1	EGFR
TCGA-44-5645	0	0	1	EGFR
TCGA-44-6147	0	0	1	EGFR
TCGA-44-6776	1	0	0	KEAP1
TCGA-44-6778	1	0	0	KEAP1
TCGA-44-6779	1	0	0	KEAP1
TCGA-44-7660	1	0	0	KEAP1
TCGA-44-7667	1	0	0	KEAP1
TCGA-44-7669	1	0	0	KEAP1
TCGA-44-7671	1	0	0	KEAP1
TCGA-44-A4SS	1	0	0	KEAP1
TCGA-44-A4SU	0	0	1	EGFR
TCGA-49-4486	1	0	0	KEAP1
TCGA-49-4488	1	0	0	KEAP1
TCGA-49-4490	0	0	1	EGFR
TCGA-49-4494	0	0	1	EGFR
TCGA-49-4501	0	0	1	EGFR
TCGA-49-4506	1	0	0	KEAP1
TCGA-49-4507	1	0	0	KEAP1
TCGA-49-4514	1	0	0	KEAP1
TCGA-49-6742	1	0	0	KEAP1
TCGA-49-6743	1	0	1	EGFR,KEAP1
TCGA-49-AAR0	1	0	0	KEAP1
TCGA-49-AAR2	1	0	0	KEAP1
TCGA-49-AAR3	1	0	0	KEAP1
TCGA-49-AAR9	1	0	0	KEAP1
TCGA-49-AARE	1	0	0	KEAP1
TCGA-4B-A93V	1	0	0	KEAP1
TCGA-50-5051	1	0	0	KEAP1
TCGA-50-5066	0	0	1	EGFR
TCGA-50-5930	0	1	0	NFE2L2
TCGA-50-5933	0	0	1	EGFR
TCGA-50-5935	0	0	1	EGFR
TCGA-50-5936	1	0	0	KEAP1
TCGA-50-5939	1	0	0	KEAP1
TCGA-50-5944	0	0	1	EGFR
TCGA-50-6591	0	0	1	EGFR
TCGA-50-6595	0	0	1	EGFR
TCGA-50-6673	0	0	1	EGFR
TCGA-53-7624	1	0	0	KEAP1
TCGA-53-A4EZ	1	0	0	KEAP1
TCGA-55-5899	1	0	0	KEAP1
TCGA-55-6970	1	0	0	KEAP1
TCGA-55-6972	1	0	0	KEAP1
TCGA-55-6975	0	1	0	NFE2L2
TCGA-55-6980	0	0	1	EGFR
TCGA-55-6981	0	0	1	EGFR
TCGA-55-6982	0	1	0	NFE2L2
TCGA-55-6987	1	0	0	KEAP1
TCGA-55-7570	0	0	1	EGFR
TCGA-55-7815	1	0	0	KEAP1
TCGA-55-7995	1	0	0	KEAP1
TCGA-55-8085	1	0	0	KEAP1
TCGA-55-8087	0	0	1	EGFR
TCGA-55-8094	1	0	0	KEAP1
TCGA-55-8096	0	0	1	EGFR
TCGA-55-8206	0	0	1	EGFR
TCGA-55-8302	1	0	0	KEAP1
TCGA-55-8506	1	0	1	EGFR,KEAP1
TCGA-55-8510	1	0	0	KEAP1
TCGA-55-8620	1	0	0	KEAP1
TCGA-55-A48Y	0	1	0	NFE2L2
TCGA-55-A48Z	0	0	1	EGFR
TCGA-55-A492	1	0	0	KEAP1
TCGA-55-A4DF	1	0	0	KEAP1
TCGA-55-A57B	0	0	1	EGFR
TCGA-62-8394	0	0	1	EGFR
TCGA-62-8395	0	1	0	NFE2L2
TCGA-62-8397	0	0	1	EGFR
TCGA-62-8398	1	0	0	KEAP1
TCGA-62-8402	0	0	1	EGFR
TCGA-62-A46O	1	0	0	KEAP1
TCGA-62-A46U	0	0	1	EGFR
TCGA-62-A470	1	0	0	KEAP1
TCGA-62-A471	0	1	0	NFE2L2
TCGA-64-1681	0	0	1	EGFR
TCGA-64-5781	1	0	0	KEAP1
TCGA-67-3770	0	0	1	EGFR
TCGA-67-3771	1	0	1	EGFR,KEAP1
TCGA-67-6217	0	0	1	EGFR
TCGA-69-7760	0	0	1	EGFR
TCGA-69-7765	0	0	1	EGFR
TCGA-69-8253	1	0	0	KEAP1
TCGA-71-6725	0	0	1	EGFR
TCGA-71-8520	0	0	1	EGFR
TCGA-73-4658	0	1	0	NFE2L2
TCGA-73-4666	1	0	0	KEAP1
TCGA-73-4670	1	0	0	KEAP1
TCGA-73-4677	1	0	0	KEAP1
TCGA-73-7498	1	0	0	KEAP1
TCGA-75-6206	1	0	0	KEAP1
TCGA-75-6207	0	0	1	EGFR
TCGA-75-6211	1	0	0	KEAP1
TCGA-75-6212	0	0	1	EGFR
TCGA-75-7025	0	0	1	EGFR
TCGA-75-7027	1	0	0	KEAP1
TCGA-78-7146	1	0	0	KEAP1
TCGA-78-7147	0	0	1	EGFR
TCGA-78-7149	1	0	0	KEAP1
TCGA-78-7153	1	0	0	KEAP1
TCGA-78-7154	1	0	0	KEAP1
TCGA-78-7155	0	0	1	EGFR
TCGA-78-7156	1	0	0	KEAP1
TCGA-78-7158	1	0	1	EGFR,KEAP1
TCGA-78-7160	1	0	0	KEAP1
TCGA-78-7162	1	0	0	KEAP1
TCGA-78-7166	1	0	0	KEAP1
TCGA-78-7167	1	0	0	KEAP1
TCGA-78-7220	1	0	0	KEAP1
TCGA-78-7633	1	0	0	KEAP1
TCGA-78-8660	0	1	0	NFE2L2
TCGA-86-8055	0	0	1	EGFR
TCGA-86-8074	0	0	1	EGFR
TCGA-86-8075	0	0	1	EGFR
TCGA-86-8280	0	0	1	EGFR
TCGA-86-8281	1	0	0	KEAP1
TCGA-86-8668	0	0	1	EGFR
TCGA-86-8672	1	0	0	KEAP1
TCGA-86-8674	1	0	0	KEAP1
TCGA-86-A4D0	1	0	0	KEAP1
TCGA-91-6835	0	0	1	EGFR
TCGA-91-6848	1	0	0	KEAP1
TCGA-91-6849	1	0	0	KEAP1
TCGA-91-8496	0	0	1	EGFR
TCGA-93-8067	0	1	0	NFE2L2
TCGA-93-A4JP	0	0	1	EGFR
TCGA-95-7039	0	0	1	EGFR
TCGA-95-7043	1	0	0	KEAP1
TCGA-95-7947	1	0	1	EGFR,KEAP1
TCGA-97-7941	0	1	0	NFE2L2
TCGA-97-8171	0	0	1	EGFR
TCGA-97-8174	0	1	0	NFE2L2
TCGA-97-8176	1	0	0	KEAP1
TCGA-97-8177	0	0	1	EGFR
TCGA-97-8547	0	0	1	EGFR
TCGA-97-8552	0	0	1	EGFR
TCGA-97-A4M1	0	0	1	EGFR
TCGA-97-A4M3	1	0	0	KEAP1
TCGA-97-A4M6	0	0	1	EGFR
TCGA-97-A4M7	0	0	1	EGFR
TCGA-99-8033	1	0	0	KEAP1
TCGA-J2-8192	0	0	1	EGFR
TCGA-J2-8194	1	0	0	KEAP1
TCGA-J2-A4AD	0	1	0	NFE2L2
TCGA-L9-A50W	0	0	1	EGFR
TCGA-MP-A4SW	0	0	1	EGFR
TCGA-MP-A4T6	0	0	1	EGFR
TCGA-MP-A4T7	1	0	0	KEAP1
TCGA-MP-A4T9	0	0	1	EGFR
TCGA-MP-A4TE	1	0	0	KEAP1
TCGA-MP-A5C7	1	0	0	KEAP1
TCGA-NJ-A4YQ	1	0	0	KEAP1
TCGA-NJ-A55R	1	0	0	KEAP1
TCGA-O1-A52J	0	0	1	EGFR
