subgroup	level	n	events	n_high	events_high	n_low	events_low	HR	lo	hi	logrank_P
全队列(参考)	全部	502	182	251	112	251	70	1.80759710269912	1.33998236613936	2.4383957343409	8.41104894659939e-05
年龄	<=66	249	85	126	51	123	34	1.47974021735493	0.958201740835347	2.28514624587169	0.0751972795093476
年龄	>66	243	94	120	59	123	35	2.191249290003	1.4374892128516	3.34025007493001	0.000185546293845151
性别	female	271	96	112	50	159	46	1.53644063575494	1.02907674809419	2.29394924292175	0.0343159235752226
性别	male	231	86	139	62	92	24	2.17135842969836	1.35122605263623	3.48927362747602	0.00103321162319336
病理分期	I-II	389	119	184	65	205	54	1.37219608428362	0.956235610624655	1.96909848660968	0.0846775892047263
病理分期	III-IV	105	61	64	46	41	15	2.994072554037	1.63010689446774	5.4993144862225	0.000212876673298279
KEAP1/NFE2L2 突变	WT	403	134	166	70	237	64	1.70784059081198	1.21592713293543	2.39876173877591	0.00178287745602057
KEAP1/NFE2L2 突变	mut	99	48	85	42	14	6	1.95560510824168	0.815833162040774	4.68771253403623	0.126306565217307
EGFR 突变	WT	430	152	224	97	206	55	1.87555025025503	1.34604572467575	2.61335010894901	0.000158884101049805
EGFR 突变	mut	72	30	27	15	45	15	1.58439151274492	0.770906773864364	3.25629057982541	0.206687559093893
