patient	OS.time	OS	score	grp	age	ageGrp	gender	stage	stageGrp	knrf2	egfr	OSmo
TCGA-69-7978	134	0	0.208096363835844	high	59	<=66	male	Stage IIB	I-II	WT	WT	4.40246406570842
TCGA-62-8399	2696	0	-0.358068811177562	low	62	<=66	male	Stage IIIA	III-IV	WT	WT	88.5749486652977
TCGA-78-7539	791	0	-0.992580245258138	low	75	>66	female	Stage IIA	I-II	WT	WT	25.9876796714579
TCGA-73-4658	1600	1	-0.542956671064906	low	80	>66	female	Stage IB	I-II	mut	WT	52.5667351129363
TCGA-44-6775	705	0	-0.0447241862474574	high	72	>66	female	Stage IB	I-II	WT	WT	23.1622176591376
TCGA-44-2655	1324	0	0.360049606206946	high	65	<=66	female	Stage IA	I-II	mut	WT	43.4989733059548
TCGA-44-3398	1163	0	0.208598053167564	high	77	>66	female	Stage IA	I-II	WT	WT	38.2094455852156
TCGA-62-8397	1289	0	-0.879048848990772	low	70	>66	female	Stage IIB	I-II	WT	mut	42.3490759753593
TCGA-53-A4EZ	1071	0	1.05195543896126	high	63	<=66	male	Stage IIA	I-II	mut	WT	35.1868583162218
TCGA-50-7109	308	1	-0.18533803549091	low	60	<=66	male	Stage IA	I-II	WT	WT	10.1190965092402
TCGA-38-6178	448	0	0.236647378771749	high	70	>66	female	Stage IIIA	III-IV	WT	mut	14.7186858316222
TCGA-86-8056	139	0	-0.390109824620276	low	63	<=66	female	Stage IIIA	III-IV	WT	WT	4.56673511293635
TCGA-55-1592	701	1	-0.196889106535403	low	65	<=66	male	Stage IA	I-II	WT	WT	23.0308008213552
TCGA-86-A4JF	737	1	-0.662085610221827	low	56	<=66	male	Stage IIB	I-II	WT	WT	24.2135523613963
TCGA-69-7974	184	0	-0.302373312418199	low	54	<=66	female	Stage IIIA	III-IV	WT	WT	6.04517453798768
TCGA-86-A456	896	0	-0.0131919158209902	high	78	>66	female	Stage IA	I-II	WT	WT	29.4373716632444
TCGA-97-8547	657	0	-0.227640865608155	low	78	>66	female	Stage IIIA	III-IV	WT	mut	21.5852156057495
TCGA-55-1595	1479	0	-0.286570786353013	low	74	>66	female	Stage IA	I-II	WT	WT	48.5913757700205
TCGA-NJ-A4YP	50	0	-0.212744679342271	low	52	<=66	male	Stage IB	I-II	WT	WT	1.64271047227926
TCGA-05-4424	913	0	-0.0622889256729586	high	70	>66	male	Stage IIB	I-II	WT	WT	29.9958932238193
TCGA-97-A4M7	629	0	-0.21688210028675	low	74	>66	male	Stage IA	I-II	WT	mut	20.6652977412731
TCGA-44-2668	761	1	0.391753483848787	high	51	<=66	male	Stage IB	I-II	WT	WT	25.0020533880903
TCGA-NJ-A55A	15	0	-0.593161242343769	low	76	>66	female	Stage IB	I-II	WT	WT	0.492813141683778
TCGA-05-5420	457	0	0.277308403276275	high	67	>66	male	Stage IIIA	III-IV	WT	WT	15.0143737166324
TCGA-55-1594	1178	0	0.506518318525384	high	68	>66	male	Stage IIIA	III-IV	WT	WT	38.7022587268994
TCGA-44-2659	1367	0	-0.15744748898043	low	65	<=66	female	Stage IIB	I-II	WT	WT	44.911704312115
TCGA-78-7162	3169	1	0.136410010323533	high	75	>66	male	Stage IA	I-II	mut	WT	104.11498973306
TCGA-38-4632	1357	1	0.0913612137226846	high	42	<=66	male	Stage IV	III-IV	WT	WT	44.5831622176591
TCGA-49-6761	354	0	-0.448982844442062	low	68	>66	female	Stage IIIA	III-IV	WT	WT	11.6303901437372
TCGA-91-6828	323	0	-0.291961612538063	low	70	>66	male	Stage IA	I-II	WT	WT	10.611909650924
TCGA-05-4418	274	1	1.41843375986513	high	69	>66	male	Stage IIIA	III-IV	mut	WT	9.00205338809035
TCGA-99-AA5R	658	0	-0.692526724434076	low	70	>66	female	Stage IA	I-II	WT	WT	21.6180698151951
TCGA-55-7903	567	0	-0.506323703715709	low	64	<=66	male	Stage IA	I-II	WT	WT	18.6283367556468
TCGA-55-A492	596	0	0.0137354799487203	high	70	>66	female	Stage IIA	I-II	mut	WT	19.5811088295688
TCGA-55-8616	48	0	-0.189598784970669	low	58	<=66	female	Stage IB	I-II	WT	WT	1.57700205338809
TCGA-86-7954	605	0	0.0760101393920028	high	68	>66	female	Stage IB	I-II	WT	WT	19.8767967145791
TCGA-05-4433	730	0	0.211324575822529	high	82	>66	male	Stage IB	I-II	WT	WT	23.9835728952772
TCGA-69-8253	426	0	0.202967222297258	high	59	<=66	female	Stage IIA	I-II	mut	WT	13.9958932238193
TCGA-86-8674	806	0	-0.0147060216634555	high	50	<=66	male	Stage IIA	I-II	mut	WT	26.4804928131417
TCGA-69-7765	165	0	-0.44564129612008	low	56	<=66	male		NA	WT	mut	5.42094455852156
TCGA-86-8672	19	1	0.977435851528682	high	59	<=66	male	Stage IIB	I-II	mut	WT	0.624229979466119
TCGA-MP-A4T6	1790	1	-0.640521761447956	low	76	>66	female	Stage IIIA	III-IV	WT	mut	58.8090349075975
TCGA-97-7547	1965	0	-0.138701037386006	low	67	>66	female	Stage IB	I-II	WT	WT	64.558521560575
TCGA-55-7911	537	0	-0.298767065956797	low	70	>66	female	Stage IA	I-II	WT	WT	17.6427104722793
TCGA-91-6835	79	0	-0.49029658531683	low	81	>66	female	Stage IA	I-II	WT	mut	2.59548254620123
TCGA-55-A48Z	651	0	-0.455566636442222	low	60	<=66	female	Stage IIIB	III-IV	WT	mut	21.388090349076
TCGA-50-5045	2174	1	-0.303057223783876	low	57	<=66	female		NA	WT	WT	71.4250513347023
TCGA-55-7913	561	1	0.30952775291167	high	61	<=66	female	Stage IA	I-II	WT	WT	18.4312114989733
TCGA-86-8075	694	1	0.147804652317803	high	66	<=66	female	Stage IB	I-II	WT	mut	22.8008213552361
TCGA-97-8177	499	0	-0.147282243348243	low	59	<=66	female	Stage IB	I-II	WT	mut	16.394250513347
TCGA-55-7907	343	1	-0.175171873943743	low	77	>66	male	Stage IIA	I-II	WT	WT	11.2689938398357
TCGA-44-8117	385	0	-0.481966784126686	low	54	<=66	female	Stage IB	I-II	WT	WT	12.6488706365503
TCGA-86-8668	423	0	-0.777010986501502	low	61	<=66	female	Stage IA	I-II	WT	mut	13.8973305954825
TCGA-78-8660	321	1	0.821052820499924	high	69	>66	male	Stage IIB	I-II	mut	WT	10.5462012320329
TCGA-05-4415	91	1	1.39949143855675	high	57	<=66	male	Stage IIIB	III-IV	WT	WT	2.98973305954825
TCGA-75-6212	1516	1	-0.215722890754945	low	NA	NA	female	Stage IIB	I-II	WT	mut	49.8069815195072
TCGA-67-6215	174	0	-0.532115471116078	low	52	<=66	female	Stage IB	I-II	WT	WT	5.71663244353183
TCGA-05-4430	761	0	-0.0642677103661631	high	59	<=66	female	Stage IB	I-II	WT	WT	25.0020533880903
TCGA-49-6742	488	1	0.754902392112228	high	70	>66	male	Stage IIA	I-II	mut	WT	16.0328542094456
TCGA-38-4627	1147	1	0.175526312578849	high	64	<=66	female	Stage IIA	I-II	WT	mut	37.6837782340862
TCGA-69-7979	408	0	-0.016799104600741	high	71	>66	female	Stage IB	I-II	WT	WT	13.4045174537988
TCGA-69-7973	230	0	0.138306350587577	high	42	<=66	female	Stage IB	I-II	WT	WT	7.5564681724846
TCGA-73-7499	1531	1	0.0302799364988005	high	81	>66	female	Stage IB	I-II	WT	WT	50.299794661191
TCGA-44-A47A	466	0	-0.256241659320538	low	78	>66	female	Stage IB	I-II	WT	WT	15.3100616016427
TCGA-78-8662	3361	1	0.0468983465817153	high	53	<=66	female	Stage IB	I-II	WT	WT	110.422997946612
TCGA-55-8085	904	0	0.600293096138353	high	64	<=66	male	Stage IA	I-II	mut	WT	29.700205338809
TCGA-75-6206	2590	0	-0.546569938465174	low	NA	NA	male	Stage IB	I-II	mut	WT	85.0924024640657
TCGA-50-5932	1235	1	0.00244802091122175	high	75	>66	male	Stage IA	I-II	WT	WT	40.5749486652977
TCGA-50-6594	370	1	0.357406851114343	high	79	>66	female	Stage IIIA	III-IV	WT	WT	12.1560574948665
TCGA-49-AARQ	6732	0	0.299779568572496	high	41	<=66	female	Stage I	I-II	WT	WT	221.17453798768
TCGA-55-7574	995	1	-0.676119494159283	low	64	<=66	female	Stage IB	I-II	WT	WT	32.6899383983573
TCGA-50-5066	1442	0	0.583975498050252	high	72	>66	male	Stage IB	I-II	WT	mut	47.3757700205339
TCGA-86-A4P7	415	0	-0.261147455000013	low	63	<=66	female	Stage IB	I-II	WT	WT	13.6344969199179
TCGA-64-5779	864	0	-0.203064673822817	low	61	<=66	male	Stage IIIA	III-IV	WT	WT	28.3860369609856
TCGA-55-8096	719	1	-0.0787499975302201	low	67	>66	female	Stage IB	I-II	WT	mut	23.6221765913758
TCGA-97-8175	551	0	-0.0939169588119903	low	55	<=66	female	Stage IB	I-II	WT	WT	18.1026694045175
TCGA-44-A4SS	415	0	0.720401375595888	high	73	>66	male	Stage IA	I-II	mut	WT	13.6344969199179
TCGA-91-7771	492	0	-0.307396982029737	low	62	<=66	male	Stage IIB	I-II	WT	WT	16.1642710472279
TCGA-86-8278	944	0	-0.724685686650358	low	63	<=66	female	Stage IIB	I-II	WT	WT	31.0143737166324
TCGA-55-8087	462	0	-1.07121060304136	low	59	<=66	female	Stage IB	I-II	WT	mut	15.1786447638604
TCGA-MP-A4T8	161	1	0.0246816638466507	high	68	>66	male	Stage IIIA	III-IV	WT	WT	5.28952772073922
TCGA-L9-A5IP	58	1	1.18375623791336	high	40	<=66	female	Stage IV	III-IV	WT	WT	1.90554414784394
TCGA-55-6979	237	1	-0.0903062323607759	low	59	<=66	female	Stage IIB	I-II	WT	WT	7.7864476386037
TCGA-69-7980	411	0	-0.0772560209228209	low	70	>66	female	Stage I	I-II	WT	WT	13.5030800821355
TCGA-62-A472	910	0	-0.548681031402427	low	70	>66	male	Stage IIB	I-II	WT	WT	29.8973305954825
TCGA-49-4507	268	1	0.904168810502843	high	73	>66	female	Stage IIIA	III-IV	mut	WT	8.80492813141684
TCGA-55-6642	2449	0	-0.220105369700721	low	63	<=66	male	Stage IB	I-II	WT	WT	80.4599589322382
TCGA-86-7701	947	0	0.203972984028712	high	66	<=66	male	Stage IV	III-IV	WT	WT	31.1129363449692
TCGA-62-A46R	1725	1	-0.487064243721714	low	54	<=66	female	Stage IB	I-II	WT	WT	56.6735112936345
TCGA-62-A46V	2199	0	-0.707175042295665	low	78	>66	female	Stage IB	I-II	WT	WT	72.2464065708419
TCGA-44-6146	728	0	-0.171891626482752	low	64	<=66	male	Stage IIB	I-II	WT	WT	23.917864476386
TCGA-49-4501	1421	1	-0.250072452065596	low	67	>66	female	Stage IB	I-II	WT	mut	46.6858316221766
TCGA-55-7914	187	1	-0.568563388620562	low	71	>66	female	Stage IIA	I-II	WT	WT	6.14373716632443
TCGA-73-4659	711	1	0.457688240019261	high	66	<=66	male	Stage IIIA	III-IV	WT	WT	23.3593429158111
TCGA-86-8669	938	0	-0.0208074274707808	high	64	<=66	male	Stage IA	I-II	WT	WT	30.8172484599589
TCGA-49-AAQV	677	1	0.000108285681381258	high	63	<=66	female	Stage II	I-II	WT	WT	22.2422997946612
TCGA-78-7149	3940	0	-0.107168309122704	low	71	>66	male	Stage IIIB	III-IV	mut	WT	129.445585215606
TCGA-86-8055	124	1	0.396590547933165	high	79	>66	male	Stage IIA	I-II	WT	mut	4.07392197125257
TCGA-91-6829	1258	1	0.00172739806614564	high	78	>66	male	Stage IB	I-II	WT	WT	41.3305954825462
TCGA-78-7163	7248	0	-0.3787481762547	low	60	<=66	male	Stage IB	I-II	WT	WT	238.127310061602
TCGA-62-8398	444	1	1.01844291418942	high	55	<=66	male	Stage IIIA	III-IV	mut	WT	14.5872689938398
TCGA-38-A44F	133	0	-0.219604211091086	low	80	>66	male	Stage IB	I-II	WT	WT	4.36960985626283
TCGA-38-4631	354	1	0.86811127791823	high	72	>66	female	Stage IB	I-II	mut	WT	11.6303901437372
TCGA-L9-A7SV	565	0	0.0501139159040023	high	69	>66	male	Stage IIA	I-II	WT	WT	18.5626283367556
TCGA-49-AAR2	2224	0	0.0777545369383086	high	64	<=66	male	Stage IB	I-II	mut	WT	73.0677618069815
TCGA-MP-A4SY	1501	1	-0.0683322732345067	high	61	<=66	male	Stage IIB	I-II	WT	WT	49.3141683778234
TCGA-05-4432	761	0	0.108608457887748	high	66	<=66	male	Stage IIB	I-II	WT	WT	25.0020533880903
TCGA-05-4398	1431	0	0.295629719209652	high	47	<=66	female	Stage IIIB	III-IV	WT	WT	47.0143737166324
TCGA-44-6778	1864	0	0.238820912788405	high	59	<=66	male	Stage IA	I-II	mut	WT	61.2402464065708
TCGA-55-8510	539	0	0.154722948471035	high	55	<=66	female	Stage IB	I-II	mut	WT	17.7084188911704
TCGA-MP-A4TD	307	1	-0.0610172444823874	high	71	>66	male	Stage IIIA	III-IV	WT	WT	10.0862422997947
TCGA-55-8205	599	0	0.21606478187107	high	76	>66	female	Stage IIA	I-II	WT	WT	19.6796714579055
TCGA-55-7573	487	0	-0.650681097607749	low	72	>66	female	Stage IA	I-II	WT	WT	16
TCGA-MP-A4T4	2617	1	-0.0230285236134946	high	68	>66	female	Stage IIB	I-II	WT	WT	85.9794661190965
TCGA-97-7941	484	0	0.0326018477838487	high	72	>66	female	Stage IA	I-II	mut	WT	15.9014373716632
TCGA-55-7994	603	0	0.249759653532946	high	81	>66	male	Stage IIB	I-II	WT	WT	19.8110882956879
TCGA-05-4420	912	0	0.0632729884934173	high	41	<=66	male	Stage IB	I-II	WT	WT	29.9630390143737
TCGA-50-6591	119	1	-0.00952852280460421	high	63	<=66	female	Stage IV	III-IV	WT	mut	3.90965092402464
TCGA-38-4630	1073	1	0.417532112249138	high	75	>66	female	Stage IB	I-II	WT	WT	35.2525667351129
TCGA-49-6743	1621	0	0.608417785278429	high	81	>66	female	Stage IIIA	III-IV	mut	mut	53.2566735112936
TCGA-55-8206	888	0	-0.803217225928009	low	56	<=66	male	Stage IA	I-II	WT	mut	29.1745379876797
TCGA-MP-A5C7	2248	0	-0.00697028743050514	high	76	>66	female	Stage IB	I-II	mut	WT	73.8562628336756
TCGA-49-AARE	1229	1	0.837903214482698	high	51	<=66	female	Stage IA	I-II	mut	WT	40.3778234086242
TCGA-86-7955	1072	0	0.213407842095433	high	62	<=66	male	Stage IB	I-II	WT	WT	35.2197125256674
TCGA-49-6744	1683	0	-0.233846158433693	low	64	<=66	female	Stage IIA	I-II	WT	WT	55.2936344969199
TCGA-95-A4VN	553	0	-0.562619379687963	low	62	<=66	female	Stage IIA	I-II	WT	WT	18.1683778234086
TCGA-55-7576	670	0	-0.0674469734431561	high	54	<=66	male	Stage IB	I-II	WT	WT	22.0123203285421
TCGA-53-7626	929	1	-0.601963974190927	low	76	>66	female	Stage IIA	I-II	WT	WT	30.5215605749487
TCGA-97-7546	1285	0	-0.651338822121434	low	76	>66	female	Stage IA	I-II	WT	WT	42.217659137577
TCGA-44-7672	719	0	0.0407459418912102	high	52	<=66	female	Stage IA	I-II	WT	WT	23.6221765913758
TCGA-62-A46O	1454	1	1.1335763048502	high	65	<=66	female	Stage IB	I-II	mut	WT	47.7700205338809
TCGA-55-6984	760	1	0.282157634898342	high	71	>66	female	Stage IIB	I-II	WT	WT	24.9691991786448
TCGA-97-8174	164	1	-0.783542804434628	low	67	>66	male	Stage IIA	I-II	mut	WT	5.38809034907598
TCGA-35-4123	182	0	0.110259295804363	high	38	<=66	male	Stage IA	I-II	WT	WT	5.97946611909651
TCGA-93-A4JO	33	1	-0.807530557418935	low	70	>66	male	Stage IA	I-II	WT	WT	1.08418891170431
TCGA-97-7937	564	0	-0.382556844156845	low	65	<=66	male	Stage IB	I-II	WT	WT	18.5297741273101
TCGA-50-6597	1268	1	-0.40764699607902	low	79	>66	female	Stage IB	I-II	WT	WT	41.6591375770021
TCGA-99-8033	656	1	0.895720654292946	high	74	>66	female	Stage IV	III-IV	mut	WT	21.5523613963039
TCGA-55-7570	824	0	1.53798533737267	high	60	<=66	male	Stage IA	I-II	WT	mut	27.0718685831622
TCGA-38-4626	3674	0	-0.176655096032689	low	57	<=66	female		NA	WT	WT	120.70636550308
TCGA-69-7764	414	0	-0.478474584613471	low	75	>66	male	Stage IA	I-II	WT	WT	13.6016427104723
TCGA-05-5715	62	0	-0.071414361063531	low	69	>66	female	Stage IB	I-II	WT	WT	2.03696098562628
TCGA-50-6590	1288	1	0.614508609697094	high	72	>66	female	Stage IB	I-II	WT	WT	42.3162217659138
TCGA-86-7713	1157	0	-0.298926339076449	low	70	>66	male	Stage IIA	I-II	WT	WT	38.0123203285421
TCGA-S2-AA1A	513	0	-0.391786912535044	low	68	>66	female	Stage IA	I-II	WT	WT	16.8542094455852
TCGA-75-7027	3059	0	1.20906029439516	high	NA	NA	male	Stage IB	I-II	mut	WT	100.501026694045
TCGA-50-5049	3094	0	-0.347469795535153	low	70	>66	male	Stage IA	I-II	WT	WT	101.650924024641
TCGA-55-8505	440	0	1.14896488960081	high	62	<=66	male	Stage IIIA	III-IV	WT	WT	14.4558521560575
TCGA-49-AAR0	4765	0	0.56764146302638	high	57	<=66	male	Stage IA	I-II	mut	WT	156.550308008214
TCGA-MP-A4T9	1265	1	-0.0953128821584763	low	54	<=66	female	Stage IIIA	III-IV	WT	mut	41.5605749486653
TCGA-95-7567	568	0	-0.5086372858084	low	61	<=66	male	Stage IIB	I-II	WT	WT	18.6611909650924
TCGA-05-4422	365	0	-0.0673255537242451	high	68	>66	male	Stage IB	I-II	mut	WT	11.9917864476386
TCGA-86-8673	862	0	-0.454995194026349	low	61	<=66	male	Stage IB	I-II	WT	WT	28.3203285420945
TCGA-55-6543	435	0	-0.0757047529386604	low	60	<=66	female	Stage IA	I-II	WT	WT	14.2915811088296
TCGA-NJ-A7XG	617	0	-0.879566567785254	low	49	<=66	male	Stage IIIA	III-IV	WT	WT	20.2710472279261
TCGA-86-8280	701	0	-0.173355470521504	low	54	<=66	female	Stage IIA	I-II	WT	mut	23.0308008213552
TCGA-99-8028	1118	0	-0.347054297850403	low	50	<=66	female	Stage IA	I-II	WT	WT	36.7310061601643
TCGA-55-7725	442	0	-0.611072697143182	low	68	>66	female	Stage IA	I-II	WT	WT	14.5215605749487
TCGA-64-5778	1305	0	-0.742227718242769	low	60	<=66	male	Stage IB	I-II	WT	WT	42.8747433264887
TCGA-86-8671	839	0	-0.339611105545919	low	72	>66	female	Stage IIB	I-II	WT	WT	27.564681724846
TCGA-05-4403	578	0	0.159604353501422	high	76	>66	male	Stage IB	I-II	WT	WT	18.9897330595483
TCGA-69-7763	690	0	-0.463780595498766	low	69	>66	male	Stage IA	I-II	WT	WT	22.6694045174538
TCGA-49-4506	999	1	1.35150868246153	high	68	>66	female	Stage IIB	I-II	mut	WT	32.8213552361396
TCGA-97-A4M1	601	0	-0.896933301502022	low	52	<=66	female	Stage IA	I-II	WT	mut	19.7453798767967
TCGA-86-8359	444	1	-0.755879860208446	low	52	<=66	male	Stage IIIA	III-IV	WT	WT	14.5872689938398
TCGA-05-4405	610	0	-1.03331333696205	low	74	>66	female	Stage IB	I-II	WT	WT	20.041067761807
TCGA-62-A470	1194	1	0.343442228277333	high	84	>66	male	Stage IB	I-II	mut	WT	39.2279260780287
TCGA-49-4487	855	1	0.192569109947198	high	72	>66	female	Stage IA	I-II	WT	WT	28.0903490759754
TCGA-44-6145	595	0	0.543139616821662	high	62	<=66	female	Stage IA	I-II	WT	WT	19.5482546201232
TCGA-91-8499	36	0	-0.109132453049695	low	76	>66	female	Stage IA	I-II	WT	WT	1.18275154004107
TCGA-95-8494	84	0	0.0722214963846076	high	67	>66	male	Stage IIA	I-II	WT	WT	2.75975359342916
TCGA-64-1681	1167	1	-0.0364352232777795	high	61	<=66	female	Stage IA	I-II	WT	mut	38.3408624229979
TCGA-55-A491	626	0	-0.0825797642908138	low	81	>66	female	Stage IA	I-II	WT	WT	20.5667351129363
TCGA-75-6214	1115	1	0.488385927877374	high	NA	NA	female	Stage IIIA	III-IV	WT	WT	36.6324435318275
TCGA-86-6851	179	0	-0.404537643396202	low	73	>66	female	Stage IIA	I-II	WT	WT	5.88090349075975
TCGA-91-6849	35	0	0.377539936722428	high	75	>66	female	Stage IIIA	III-IV	mut	WT	1.14989733059548
TCGA-62-8402	1498	1	0.225356378611073	high	73	>66	female	Stage IIIA	III-IV	WT	mut	49.2156057494867
TCGA-78-7156	976	1	-0.0311057678111629	high	62	<=66	male	Stage IV	III-IV	mut	WT	32.0657084188912
TCGA-50-5941	1474	0	-0.10381072655126	low	55	<=66	female	Stage IIIA	III-IV	WT	WT	48.4271047227926
TCGA-62-A46Y	414	1	-0.480977696557081	low	70	>66	female	Stage IIIA	III-IV	WT	WT	13.6016427104723
TCGA-44-7660	592	0	1.1352559388779	high	72	>66	male	Stage IB	I-II	mut	WT	19.4496919917864
TCGA-MP-A4TF	336	1	0.185416683931224	high	58	<=66	female	Stage IIA	I-II	WT	WT	11.0390143737166
TCGA-05-4402	244	1	0.136665046214143	high	56	<=66	female	Stage IV	III-IV	WT	mut	8.01642710472279
TCGA-62-A471	1246	0	1.62973086181985	high	64	<=66	male	Stage IIB	I-II	mut	WT	40.9363449691992
TCGA-55-8513	791	0	-0.263526245733698	low	77	>66	female	Stage IIB	I-II	WT	WT	25.9876796714579
TCGA-05-4397	731	1	0.631430276693343	high	65	<=66	male	Stage IIB	I-II	WT	WT	24.0164271047228
TCGA-05-5429	275	1	-0.00659276869765067	high	60	<=66	male	Stage IIIA	III-IV	WT	WT	9.03490759753593
TCGA-78-7167	2681	1	-0.318833925640225	low	77	>66	male	Stage IV	III-IV	mut	WT	88.082135523614
TCGA-50-8459	1119	0	-0.247162434086184	low	68	>66	male	Stage IIB	I-II	WT	WT	36.7638603696099
TCGA-93-8067	186	0	0.423606737553572	high	77	>66	male	Stage IB	I-II	mut	WT	6.11088295687885
TCGA-44-6776	2616	0	0.134042028737024	high	60	<=66	female	Stage IA	I-II	mut	WT	85.9466119096509
TCGA-44-7667	1097	0	0.679755090599678	high	49	<=66	female	Stage IIB	I-II	mut	WT	36.041067761807
TCGA-35-3615	14	0	0.278670959071282	high	57	<=66	male	Stage IB	I-II	WT	WT	0.459958932238193
TCGA-86-A4P8	805	0	-0.694182160131984	low	59	<=66	female	Stage IIIA	III-IV	WT	WT	26.4476386036961
TCGA-44-2666	97	1	-0.385308997870829	low	43	<=66	male	Stage IB	I-II	WT	WT	3.18685831622177
TCGA-44-5643	1013	0	1.16959294791784	high	53	<=66	male	Stage IIIA	III-IV	WT	WT	33.2813141683778
TCGA-44-2661	1159	0	-0.727178656598586	low	69	>66	female	Stage IA	I-II	WT	mut	38.0780287474333
TCGA-69-8255	129	0	0.916275184307259	high	71	>66	male	Stage IA	I-II	WT	WT	4.23819301848049
TCGA-49-4514	1700	0	1.2398975790671	high	79	>66	female	Stage IA	I-II	mut	WT	55.8521560574949
TCGA-78-7154	593	1	1.67732968089353	high	72	>66	male	Stage IIIA	III-IV	mut	WT	19.482546201232
TCGA-55-8507	418	0	-0.165905357780281	low	53	<=66	male	Stage IA	I-II	WT	WT	13.7330595482546
TCGA-95-A4VP	605	0	-0.377020871459928	low	66	<=66	female	Stage IIIA	III-IV	WT	WT	19.8767967145791
TCGA-50-6595	189	1	0.470051826967177	high	74	>66	female	Stage IIIA	III-IV	WT	mut	6.2094455852156
TCGA-78-7155	1171	1	0.355324246480669	high	68	>66	male	Stage IB	I-II	WT	mut	38.4722792607803
TCGA-05-4382	607	0	0.0895697713858642	high	68	>66	male	Stage IB	I-II	WT	mut	19.9425051334702
TCGA-05-5428	670	0	-0.0370596750300829	high	57	<=66	male	Stage IIA	I-II	WT	WT	22.0123203285421
TCGA-44-5644	863	0	0.407660840959273	high	51	<=66	female	Stage IB	I-II	WT	WT	28.35318275154
TCGA-55-6978	176	1	0.138211489880201	high	81	>66	male	Stage IIA	I-II	WT	WT	5.782340862423
TCGA-NJ-A55R	603	0	0.425865542781336	high	67	>66	male	Stage IA	I-II	mut	WT	19.8110882956879
TCGA-91-6840	372	0	0.185534201855225	high	59	<=66	female	Stage IA	I-II	WT	WT	12.2217659137577
TCGA-55-8094	541	0	0.627557486370785	high	51	<=66	male	Stage IV	III-IV	mut	WT	17.7741273100616
TCGA-44-7661	557	1	0.0913447612034416	high	69	>66	female	Stage I	I-II	WT	WT	18.299794661191
TCGA-NJ-A4YF	2161	0	-0.0213875771216557	high	50	<=66	female	Stage IA	I-II	WT	WT	70.9979466119097
TCGA-67-6217	422	0	-0.539231375219821	low	73	>66	female	Stage IIA	I-II	WT	mut	13.864476386037
TCGA-86-A4D0	116	1	1.13097638979097	high	48	<=66	male	Stage IIA	I-II	mut	WT	3.81108829568789
TCGA-50-5939	460	1	0.988995777926152	high	85	>66	male	Stage IB	I-II	mut	WT	15.1129363449692
TCGA-55-7816	468	1	-0.587294329915367	low	49	<=66	female	Stage IV	III-IV	WT	WT	15.3757700205339
TCGA-50-5051	478	1	0.178071877638874	high	42	<=66	female	Stage IIIA	III-IV	mut	WT	15.7043121149897
TCGA-86-8279	949	0	-0.525989481324518	low	46	<=66	male	Stage IIA	I-II	WT	WT	31.1786447638604
TCGA-55-6970	464	1	0.371615781572056	high	67	>66	female	Stage IIIA	III-IV	mut	WT	15.2443531827515
TCGA-49-4488	869	1	0.720162937809503	high	74	>66	female	Stage IA	I-II	mut	WT	28.5503080082136
TCGA-97-7552	1932	0	-0.356120492128562	low	70	>66	male	Stage IB	I-II	WT	WT	63.4743326488706
TCGA-95-7947	477	0	-0.187457757894132	low	67	>66	male	Stage IA	I-II	mut	mut	15.6714579055441
TCGA-05-4425	669	0	-0.329582790168106	low	70	>66	female	Stage IV	III-IV	WT	mut	21.9794661190965
TCGA-78-7633	1528	1	-0.0855492841538438	low	67	>66	male	Stage IB	I-II	mut	WT	50.2012320328542
TCGA-64-1678	1189	0	0.69669735081328	high	70	>66	female		NA	WT	WT	39.0636550308008
TCGA-80-5608	2832	0	-0.0895669750047423	low	NA	NA	female	Stage IA	I-II	WT	WT	93.0431211498973
TCGA-64-5775	62	1	0.330539088552889	high	71	>66	male	Stage IIIA	III-IV	WT	WT	2.03696098562628
TCGA-55-8508	617	0	-0.582801747746249	low	60	<=66	female	Stage IIA	I-II	WT	WT	20.2710472279261
TCGA-44-2656	1429	0	0.467490564774523	high	59	<=66	male	Stage IB	I-II	WT	WT	46.9486652977413
TCGA-55-7281	872	0	-0.739975988998176	low	70	>66	female	Stage IA	I-II	WT	WT	28.6488706365503
TCGA-J2-8194	724	0	0.487533140385902	high	69	>66	female	Stage IIB	I-II	mut	WT	23.7864476386037
TCGA-78-7150	666	1	1.34832053442046	high	59	<=66	male	Stage IIB	I-II	WT	WT	21.8809034907598
TCGA-44-A47G	351	0	-0.244329857636418	low	73	>66	female	Stage IA	I-II	WT	WT	11.5318275154004
TCGA-99-8025	1060	0	-0.391698828963204	low	72	>66	female	Stage IIIA	III-IV	WT	WT	34.8254620123203
TCGA-50-6592	777	1	1.27475549480956	high	71	>66	female	Stage IB	I-II	WT	WT	25.5277207392197
TCGA-05-4249	1523	0	-0.634411209577288	low	67	>66	male	Stage IB	I-II	WT	WT	50.0369609856263
TCGA-97-7553	1870	0	0.032461734305625	high	58	<=66	female	Stage IA	I-II	WT	WT	61.4373716632444
TCGA-75-5125	2027	1	0.0268963433442744	high	NA	NA	male	Stage IIB	I-II	WT	WT	66.5954825462012
TCGA-67-3772	573	0	-0.378654110858052	low	82	>66	female	Stage IB	I-II	WT	WT	18.8254620123203
TCGA-78-7147	586	1	-0.0891126650937516	low	67	>66	female	Stage IIB	I-II	WT	mut	19.2525667351129
TCGA-38-4628	1492	1	-0.355596968533207	low	65	<=66	female	Stage IIB	I-II	WT	mut	49.0184804928131
TCGA-99-8032	44	0	0.180828660613071	high	61	<=66	male	Stage IA	I-II	WT	WT	1.44558521560575
TCGA-78-8648	1209	1	-0.331131370750733	low	58	<=66	female	Stage IIB	I-II	WT	WT	39.7207392197125
TCGA-62-A46S	1653	1	-0.423427994244356	low	73	>66	male	Stage IB	I-II	WT	WT	54.3080082135524
TCGA-NJ-A55O	13	0	-0.256517546503312	low	56	<=66	female	Stage IIA	I-II	WT	WT	0.427104722792608
TCGA-44-6779	500	1	0.700181705625886	high	50	<=66	female	Stage IIB	I-II	mut	WT	16.4271047227926
TCGA-97-7938	18	1	-1.06621492798148	low	76	>66	female	Stage IA	I-II	WT	WT	0.591375770020534
TCGA-MP-A4SW	1778	1	-0.215475641341101	low	53	<=66	male	Stage IIB	I-II	WT	mut	58.4147843942505
TCGA-49-AARN	1135	1	-0.294963082136201	low	56	<=66	female	Stage IA	I-II	WT	WT	37.2895277207392
TCGA-55-8097	476	0	-0.91184734971137	low	60	<=66	female	Stage IA	I-II	WT	WT	15.6386036960986
TCGA-93-A4JQ	526	0	-0.0471901934866843	high	49	<=66	male	Stage IA	I-II	WT	WT	17.2813141683778
TCGA-55-8299	469	1	-0.0741195643832896	low	61	<=66	female	Stage IA	I-II	WT	WT	15.4086242299795
TCGA-4B-A93V	300	1	0.630660500266894	high	52	<=66	female	Stage IA	I-II	mut	WT	9.85626283367557
TCGA-05-4417	455	0	-0.0981425096164592	low	51	<=66	female	Stage IB	I-II	WT	WT	14.9486652977413
TCGA-78-7143	4961	1	-0.175120120840087	low	62	<=66	female	Stage IB	I-II	WT	WT	162.989733059548
TCGA-44-3396	1130	0	-0.14316379453118	low	74	>66	female	Stage IIIA	III-IV	WT	WT	37.1252566735113
TCGA-53-7624	1043	1	1.52286138066706	high	40	<=66	female	Stage IV	III-IV	mut	WT	34.2669404517454
TCGA-75-5147	1333	0	0.175600986177659	high	NA	NA	female	Stage IB	I-II	WT	WT	43.7946611909651
TCGA-55-1596	2065	0	0.199968119835093	high	55	<=66	male	Stage IIB	I-II	WT	WT	67.8439425051335
TCGA-44-5645	852	0	-0.755308148206822	low	61	<=66	female	Stage IA	I-II	WT	mut	27.9917864476386
TCGA-55-6971	1400	0	-0.504212310056201	low	59	<=66	female	Stage IB	I-II	WT	WT	45.9958932238193
TCGA-73-7498	1189	0	-0.576677456753389	low	58	<=66	female	Stage IA	I-II	mut	WT	39.0636550308008
TCGA-49-AARO	3759	0	-0.237020313915611	low	39	<=66	female	Stage IA	I-II	WT	WT	123.498973305955
TCGA-05-4396	303	1	0.0264231397748466	high	76	>66	male	Stage IIIB	III-IV	WT	WT	9.95482546201232
TCGA-69-8254	409	0	-0.199780034203712	low	85	>66	male		NA	WT	WT	13.4373716632444
TCGA-J2-A4AG	988	0	-0.43187192338615	low	66	<=66	female	Stage IA	I-II	WT	WT	32.4599589322382
TCGA-78-7146	173	1	1.20948656904359	high	71	>66	female	Stage IIIA	III-IV	mut	WT	5.68377823408624
TCGA-73-4677	38	1	0.365856351248566	high	74	>66	male		NA	mut	WT	1.24845995893224
TCGA-97-7554	775	0	-0.416521681461593	low	83	>66	female	Stage IIIA	III-IV	WT	WT	25.4620123203285
TCGA-L9-A443	193	1	-0.897271452970613	low	63	<=66	female	Stage IA	I-II	WT	WT	6.34086242299795
TCGA-55-6987	2137	0	0.365162006848722	high	77	>66	male	Stage IA	I-II	mut	WT	70.2094455852156
TCGA-78-7220	807	1	1.5154859603686	high	53	<=66	female	Stage IIIA	III-IV	mut	WT	26.5133470225873
TCGA-64-1677	628	1	0.410133354307883	high	77	>66	female	Stage IIIA	III-IV	WT	WT	20.6324435318275
TCGA-73-4666	800	0	1.19873937672749	high	52	<=66	female	Stage IV	III-IV	mut	WT	26.2833675564682
TCGA-49-4486	2318	1	0.205748920681051	high	72	>66	male	Stage IA	I-II	mut	WT	76.1560574948665
TCGA-MN-A4N5	84	0	-0.918561596850194	low	63	<=66	male	Stage IA	I-II	WT	WT	2.75975359342916
TCGA-78-7152	1215	1	-0.68313097807556	low	65	<=66	male	Stage IB	I-II	WT	WT	39.917864476386
TCGA-83-5908	824	0	0.206772956357507	high	59	<=66	female	Stage IA	I-II	WT	WT	27.0718685831622
TCGA-50-6593	336	1	-0.239345953765361	low	49	<=66	female	Stage IIIA	III-IV	WT	WT	11.0390143737166
TCGA-MP-A4TC	74	1	0.054501826597649	high	77	>66	male	Stage IIIA	III-IV	WT	WT	2.43121149897331
TCGA-78-7542	321	1	0.329433389934549	high	56	<=66	male	Stage IB	I-II	WT	WT	10.5462012320329
TCGA-55-8615	446	0	-0.0320607303669674	high	67	>66	male	Stage IIIA	III-IV	WT	WT	14.652977412731
TCGA-55-A493	28	0	0.0472935908830881	high	54	<=66	female	Stage IB	I-II	WT	WT	0.919917864476386
TCGA-71-6725	256	0	-0.881510794121429	low	48	<=66	female	Stage IB	I-II	WT	mut	8.41067761806982
TCGA-73-4668	467	0	0.217092383859831	high	66	<=66	female	Stage IIB	I-II	WT	WT	15.3429158110883
TCGA-78-7158	179	1	-0.906992984644411	low	59	<=66	female	Stage IIIB	III-IV	mut	mut	5.88090349075975
TCGA-44-7659	691	0	-0.521240370830957	low	70	>66	male	Stage IA	I-II	WT	WT	22.7022587268994
TCGA-05-5425	882	0	0.421429722317347	high	68	>66	male	Stage IIB	I-II	WT	WT	28.9774127310062
TCGA-64-1679	2488	0	-0.40636086349592	low	58	<=66	female	Stage IIIA	III-IV	WT	WT	81.741273100616
TCGA-55-8506	11	0	-0.943341742944822	low	62	<=66	female	Stage IIB	I-II	mut	mut	0.361396303901437
TCGA-78-7166	258	1	0.50834217521095	high	84	>66	male	Stage IIB	I-II	mut	WT	8.47638603696099
TCGA-91-8496	505	0	-0.783763714606862	low	63	<=66	female	Stage IB	I-II	WT	mut	16.5913757700205
TCGA-55-7283	609	0	-0.664621369027856	low	76	>66	female	Stage IIIA	III-IV	WT	WT	20.0082135523614
TCGA-55-A4DG	608	0	-1.16460306680967	low	71	>66	male	Stage IA	I-II	WT	WT	19.9753593429158
TCGA-44-8119	285	0	0.088583392024393	high	73	>66	male	Stage IIB	I-II	WT	WT	9.36344969199179
TCGA-71-8520	210	1	-0.330957544349637	low	60	<=66	female	Stage IB	I-II	WT	mut	6.8993839835729
TCGA-44-A47B	287	0	-0.510116183101128	low	79	>66	male	Stage IB	I-II	WT	WT	9.42915811088296
TCGA-73-4670	131	0	1.17882619153666	high	69	>66	female	Stage IV	III-IV	mut	WT	4.30390143737166
TCGA-MP-A4T7	167	1	0.456820959866312	high	75	>66	female	Stage IV	III-IV	mut	WT	5.48665297741273
TCGA-55-8203	547	0	-0.514028837597676	low	69	>66	female	Stage IA	I-II	WT	WT	17.9712525667351
TCGA-64-5774	2676	0	-0.259513285408912	low	60	<=66	male	Stage IB	I-II	WT	WT	87.917864476386
TCGA-50-5933	2393	1	0.881089782014214	high	72	>66	male	Stage IIIB	III-IV	WT	mut	78.6201232032854
TCGA-50-5946	1617	0	-0.126770672067823	low	62	<=66	male	Stage IA	I-II	WT	WT	53.1252566735113
TCGA-50-8460	829	0	-0.550145850225329	low	74	>66	male	Stage IA	I-II	WT	WT	27.2361396303901
TCGA-05-4250	121	1	0.17354158332304	high	79	>66	female	Stage IIIA	III-IV	WT	WT	3.97535934291581
TCGA-L9-A50W	442	1	-0.844648704253209	low	75	>66	male	Stage IIA	I-II	WT	mut	14.5215605749487
TCGA-44-7662	218	0	0.0982463467020319	high	61	<=66	male	Stage IB	I-II	WT	WT	7.16221765913758
TCGA-97-A4M6	568	0	-0.136159801186024	low	45	<=66	female	Stage IA	I-II	WT	mut	18.6611909650924
TCGA-44-7669	574	1	0.5783349143569	high	59	<=66	male	Stage IIA	I-II	mut	WT	18.8583162217659
TCGA-78-8640	7062	0	0.95324418570066	high	59	<=66	male	Stage IIA	I-II	WT	WT	232.016427104723
TCGA-50-5931	434	1	0.622385268054432	high	75	>66	female	Stage IB	I-II	WT	WT	14.258726899384
TCGA-44-3918	1036	0	-0.375199990113376	low	60	<=66	female	Stage IA	I-II	WT	WT	34.0369609856263
TCGA-93-7347	683	0	-0.408654701673309	low	76	>66	female	Stage IA	I-II	WT	WT	22.4394250513347
TCGA-38-7271	800	1	-0.538328962610793	low	72	>66	female	Stage IIA	I-II	WT	WT	26.2833675564682
TCGA-55-7724	705	0	0.631131766541172	high	76	>66	female	Stage IB	I-II	WT	WT	23.1622176591376
TCGA-73-A9RS	340	1	0.298038674254804	high	41	<=66	male	Stage IIB	I-II	WT	WT	11.170431211499
TCGA-49-4494	1081	1	0.0242594541838377	high	77	>66	male	Stage IIIA	III-IV	WT	mut	35.5154004106776
TCGA-49-4512	905	1	-0.589929397130926	low	69	>66	female	Stage IIIA	III-IV	WT	WT	29.7330595482546
TCGA-62-8395	1216	0	-0.0877630751911458	low	80	>66	female	Stage IIB	I-II	mut	WT	39.9507186858316
TCGA-55-A57B	546	0	-0.0420224121107557	high	80	>66	female	Stage IA	I-II	WT	mut	17.9383983572895
TCGA-97-A4M5	634	0	0.343088719998078	high	83	>66	male	Stage IA	I-II	WT	WT	20.829568788501
TCGA-67-3774	385	0	-0.415918874613751	low	73	>66	female	Stage IB	I-II	WT	WT	12.6488706365503
TCGA-J2-8192	739	0	-0.0678054048886082	high	65	<=66	female	Stage IIA	I-II	WT	mut	24.2792607802875
TCGA-78-7535	949	1	-1.50154965613142	low	45	<=66	male	Stage IB	I-II	WT	WT	31.1786447638604
TCGA-95-A4VK	651	0	-0.579552189395498	low	74	>66	female	Stage IIIA	III-IV	WT	WT	21.388090349076
TCGA-38-4629	864	1	0.654591356651382	high	68	>66	male	Stage IIB	I-II	WT	mut	28.3860369609856
TCGA-35-5375	264	0	0.729603627004856	high	61	<=66	male	Stage IIIA	III-IV	mut	WT	8.6735112936345
TCGA-38-4625	2973	0	0.634520522829439	high	66	<=66	female	Stage IB	I-II	WT	WT	97.6755646817249
TCGA-91-6836	417	0	0.692768585338691	high	52	<=66	female	Stage IB	I-II	WT	WT	13.700205338809
TCGA-73-4675	922	1	0.608273067379166	high	59	<=66	male	Stage IIIA	III-IV	WT	WT	30.2915811088296
TCGA-62-8394	139	1	-0.0695786370074875	low	65	<=66	female	Stage IIIB	III-IV	WT	mut	4.56673511293635
TCGA-86-7711	1046	1	1.23768114597541	high	70	>66	male	Stage IIA	I-II	WT	WT	34.3655030800821
TCGA-78-7160	697	1	0.76586535428506	high	61	<=66	male	Stage IV	III-IV	mut	WT	22.8993839835729
TCGA-55-6982	995	1	0.539291639705173	high	79	>66	female	Stage IIB	I-II	mut	WT	32.6899383983573
TCGA-55-6712	171	1	0.0953908998333452	high	71	>66	male	Stage IIA	I-II	WT	WT	5.61806981519507
TCGA-55-7995	889	0	0.938051144779316	high	73	>66	female	Stage IA	I-II	mut	WT	29.2073921971253
TCGA-69-A59K	591	0	0.482896026973275	high	60	<=66	female	Stage IIB	I-II	WT	WT	19.4168377823409
TCGA-50-5936	257	1	0.712098925339093	high	58	<=66	male	Stage IIIA	III-IV	mut	WT	8.4435318275154
TCGA-73-4676	281	1	1.08305111274911	high	45	<=66	male	Stage IIA	I-II	WT	WT	9.23203285420944
TCGA-86-6562	376	1	-0.299059807650953	low	52	<=66	male	Stage IIA	I-II	WT	WT	12.35318275154
TCGA-35-4122	225	0	0.202355699675365	high	69	>66	male	Stage IA	I-II	WT	WT	7.39219712525667
TCGA-80-5611	2595	0	0.386552190619805	high	NA	NA	male	Stage IB	I-II	WT	WT	85.2566735112936
TCGA-93-A4JP	578	0	-0.320005685273031	low	64	<=66	male	Stage IV	III-IV	WT	mut	18.9897330595483
TCGA-50-5935	653	1	-0.289661502708121	low	86	>66	female	Stage IA	I-II	WT	mut	21.4537987679671
TCGA-05-4389	1369	0	0.736561882028782	high	70	>66	male	Stage IA	I-II	mut	WT	44.9774127310062
TCGA-44-A479	486	0	0.138311091798862	high	73	>66	female	Stage IB	I-II	WT	WT	15.9671457905544
TCGA-67-4679	448	0	-0.933163888299029	low	68	>66	male		NA	WT	WT	14.7186858316222
TCGA-44-8120	260	0	-0.292313335179716	low	58	<=66	male	Stage IB	I-II	WT	WT	8.54209445585216
TCGA-55-8089	702	1	0.876325218691787	high	56	<=66	male	Stage IA	I-II	WT	WT	23.0636550308008
TCGA-67-3773	427	0	-0.818578246177447	low	84	>66	female	Stage IB	I-II	WT	WT	14.0287474332649
TCGA-MP-A4TA	950	1	0.890943981515643	high	75	>66	female	Stage IA	I-II	WT	WT	31.211498973306
TCGA-50-5072	250	1	1.41065037584412	high	74	>66	male	Stage IIIA	III-IV	WT	WT	8.2135523613963
TCGA-55-8091	600	0	0.296039164674889	high	74	>66	male	Stage IB	I-II	WT	WT	19.7125256673511
TCGA-97-A4LX	614	0	-0.382285895747167	low	81	>66	male	Stage IB	I-II	WT	WT	20.1724845995893
TCGA-55-6968	1293	1	0.485941780642028	high	61	<=66	male	Stage IV	III-IV	WT	WT	42.4804928131417
TCGA-MP-A4TH	741	0	-1.00730704440131	low	70	>66	female	Stage IA	I-II	WT	WT	24.3449691991786
TCGA-NJ-A4YQ	1432	0	-0.180233243139414	low	69	>66	female	Stage IA	I-II	mut	WT	47.047227926078
TCGA-44-A4SU	409	1	-0.402416157271112	low	67	>66	female	Stage IA	I-II	WT	mut	13.4373716632444
TCGA-49-4490	385	1	0.132274730007249	high	45	<=66	female	Stage IIIA	III-IV	WT	mut	12.6488706365503
TCGA-97-A4M3	540	0	-0.0453152633003903	high	69	>66	female	Stage IA	I-II	mut	WT	17.741273100616
TCGA-J2-A4AD	550	1	0.534241754329477	high	61	<=66	female	Stage IA	I-II	mut	WT	18.0698151950719
TCGA-55-7227	952	1	-0.226705208175897	low	77	>66	male	Stage IIIA	III-IV	WT	WT	31.2772073921971
TCGA-49-4505	428	1	-0.239678352033234	low	61	<=66	female	Stage IIB	I-II	WT	WT	14.0616016427105
TCGA-78-7153	3635	0	-0.37912099090339	low	65	<=66	female	Stage IB	I-II	mut	WT	119.425051334702
TCGA-50-5944	1750	0	-0.112381734582704	low	69	>66	female	Stage IA	I-II	WT	mut	57.4948665297741
TCGA-97-8172	545	0	-0.884729625113715	low	75	>66	female	Stage IB	I-II	WT	WT	17.9055441478439
TCGA-97-8171	568	0	-1.54406943375894	low	81	>66	male	Stage IV	III-IV	WT	mut	18.6611909650924
TCGA-69-7761	186	0	0.131294272584872	high	84	>66	male	Stage IB	I-II	WT	WT	6.11088295687885
TCGA-49-AARR	4992	0	-0.402819572373156	low	68	>66	male	Stage IA	I-II	WT	WT	164.008213552361
TCGA-L4-A4E6	435	0	-0.440873231731547	low	67	>66	male	Stage IA	I-II	WT	WT	14.2915811088296
TCGA-55-A48Y	630	0	0.445265006671529	high	69	>66	male	Stage IIA	I-II	mut	WT	20.6981519507187
TCGA-93-7348	531	0	-0.483979851780161	low	75	>66	female	Stage IA	I-II	WT	WT	17.4455852156057
TCGA-91-6847	842	0	-0.0999088142930758	low	62	<=66	female	Stage IB	I-II	WT	WT	27.6632443531828
TCGA-55-6980	2109	0	-0.175748673303634	low	56	<=66	male	Stage IA	I-II	WT	mut	69.2895277207392
TCGA-86-7953	997	0	0.212595728880541	high	69	>66	female	Stage IA	I-II	WT	WT	32.7556468172485
TCGA-86-7714	625	1	-0.574028226624927	low	61	<=66	female	Stage IIIA	III-IV	WT	WT	20.5338809034908
TCGA-86-8585	353	0	0.202690575943954	high	57	<=66	male	Stage IB	I-II	WT	WT	11.5975359342916
TCGA-55-8511	552	0	0.0103386897339165	high	73	>66	female	Stage IB	I-II	WT	WT	18.135523613963
TCGA-55-8092	154	1	-0.148002657008116	low	75	>66	male	Stage IIB	I-II	WT	WT	5.05954825462012
TCGA-62-A46U	2067	0	0.292919169880683	high	71	>66	female	Stage IIB	I-II	WT	mut	67.9096509240246
TCGA-55-8208	674	0	0.54793809057157	high	73	>66	female	Stage IA	I-II	WT	WT	22.1437371663244
TCGA-64-1676	1728	0	0.0657817435479891	high	58	<=66	male	Stage IA	I-II	WT	WT	56.7720739219713
TCGA-91-A4BD	603	0	-0.491296357613137	low	78	>66	male	Stage IIA	I-II	WT	WT	19.8110882956879
TCGA-78-7145	826	1	0.100905289657848	high	52	<=66	female	Stage IV	III-IV	WT	WT	27.1375770020534
TCGA-97-8179	435	0	0.309137640135137	high	72	>66	male	Stage IA	I-II	WT	WT	14.2915811088296
TCGA-44-2662	1280	0	0.375310519939481	high	65	<=66	male	Stage IB	I-II	WT	WT	42.0533880903491
TCGA-86-8074	24	0	0.262031773226558	high	62	<=66	female	Stage IIA	I-II	WT	mut	0.788501026694045
TCGA-78-7540	1197	1	-0.0304730911445809	high	66	<=66	female	Stage IB	I-II	WT	WT	39.3264887063655
TCGA-05-4426	791	0	-0.23268683536747	low	71	>66	male	Stage IB	I-II	WT	WT	25.9876796714579
TCGA-50-8457	1125	0	-0.799410095988799	low	63	<=66	female	Stage IA	I-II	WT	WT	36.9609856262834
TCGA-55-6975	118	1	1.01015865809414	high	61	<=66	male	Stage IIB	I-II	mut	WT	3.87679671457906
TCGA-86-8073	740	0	0.684803122384692	high	58	<=66	male	Stage IB	I-II	WT	WT	24.3121149897331
TCGA-86-8076	993	0	-0.117444439715626	low	42	<=66	male	Stage IA	I-II	WT	WT	32.6242299794661
TCGA-62-A46P	594	1	-0.367856628998548	low	65	<=66	male	Stage IB	I-II	WT	WT	19.5154004106776
TCGA-J2-A4AE	1079	0	-0.313962672460648	low	77	>66	female	Stage IA	I-II	WT	WT	35.4496919917864
TCGA-67-3770	610	0	-0.430377041280915	low	70	>66	female	Stage IA	I-II	WT	mut	20.041067761807
TCGA-55-A490	99	1	-0.788181136286814	low	78	>66	male	Stage IIA	I-II	WT	WT	3.25256673511294
TCGA-44-4112	808	1	-0.369519303762435	low	60	<=66	female	Stage IB	I-II	WT	WT	26.5462012320329
TCGA-49-6745	522	0	0.103687729928222	high	82	>66	male	Stage IIIA	III-IV	WT	WT	17.1498973305955
TCGA-93-A4JN	718	0	-0.457418499306973	low	71	>66	male	Stage IV	III-IV	WT	WT	23.5893223819302
TCGA-86-8054	1148	0	0.380119923438245	high	61	<=66	male	Stage IIB	I-II	WT	WT	37.7166324435318
TCGA-55-A4DF	440	1	0.797878389888442	high	88	>66	male	Stage IA	I-II	mut	WT	14.4558521560575
TCGA-75-5146	2368	0	-0.486555316813992	low	NA	NA	male	Stage IB	I-II	WT	WT	77.7987679671458
TCGA-05-4384	426	0	0.0587281446087575	high	66	<=66	male	Stage IIIA	III-IV	mut	WT	13.9958932238193
TCGA-55-8207	977	0	-0.714984751382557	low	73	>66	male	Stage IB	I-II	WT	WT	32.0985626283368
TCGA-69-7760	202	0	0.503642419543109	high	73	>66	male	Stage IIB	I-II	WT	mut	6.63655030800821
TCGA-49-4510	896	1	-0.880439283237091	low	51	<=66	female	Stage IIB	I-II	WT	WT	29.4373716632444
TCGA-64-5815	866	0	-0.130472629862374	low	74	>66	male	Stage IIB	I-II	WT	WT	28.4517453798768
TCGA-55-8620	375	1	0.850985439859449	high	60	<=66	male	Stage IV	III-IV	mut	WT	12.3203285420945
TCGA-73-4662	2515	0	-0.373811607288728	low	65	<=66	female	Stage I	I-II	WT	WT	82.6283367556468
TCGA-49-AAR4	879	1	-0.340250956217583	low	51	<=66	male	Stage IIIA	III-IV	WT	WT	28.8788501026694
TCGA-55-7910	1040	0	0.379304598943033	high	50	<=66	female	Stage IIA	I-II	WT	WT	34.1683778234086
TCGA-55-8621	515	0	-0.0978277772855959	low	75	>66	female	Stage IA	I-II	WT	WT	16.9199178644764
TCGA-55-6981	1379	1	0.260147311735936	high	53	<=66	female	Stage IIIA	III-IV	WT	mut	45.305954825462
TCGA-MP-A4TJ	339	1	-0.313101373145837	low	62	<=66	female	Stage IA	I-II	WT	WT	11.1375770020534
TCGA-50-5942	1847	0	-0.691362039558208	low	67	>66	female	Stage IA	I-II	WT	WT	60.6817248459959
TCGA-05-4434	457	1	0.796618914153825	high	67	>66	female	Stage IV	III-IV	WT	WT	15.0143737166324
TCGA-78-7148	626	1	0.664156271868182	high	71	>66	male	Stage IIB	I-II	WT	WT	20.5667351129363
TCGA-69-8453	813	0	0.198517526577863	high	77	>66	male	Stage IIB	I-II	WT	WT	26.7104722792608
TCGA-97-8176	468	1	0.915485071693408	high	63	<=66	male	Stage IIIA	III-IV	mut	WT	15.3757700205339
TCGA-67-3771	610	0	0.950364674400175	high	77	>66	female	Stage IA	I-II	mut	mut	20.041067761807
TCGA-78-8655	2360	0	-0.608906010034718	low	77	>66	female	Stage IA	I-II	WT	WT	77.5359342915811
TCGA-95-7948	476	0	-0.807877490224554	low	42	<=66	female	Stage I	I-II	WT	WT	15.6386036960986
TCGA-78-7161	291	1	-0.551293368307706	low	69	>66	female	Stage IIB	I-II	WT	WT	9.5605749486653
TCGA-05-4427	791	0	-0.703276053086562	low	65	<=66	female	Stage IIB	I-II	WT	WT	25.9876796714579
TCGA-97-A4M2	624	0	-0.461366441679879	low	66	<=66	male	Stage IA	I-II	WT	WT	20.5010266940452
TCGA-50-5068	1499	1	-0.348929922260598	low	59	<=66	female	Stage IIB	I-II	WT	WT	49.2484599589322
TCGA-44-6148	704	0	-0.92416618174083	low	60	<=66	male	Stage IA	I-II	WT	WT	23.129363449692
TCGA-78-7536	244	1	0.142949075069662	high	69	>66	male	Stage IIIA	III-IV	WT	WT	8.01642710472279
TCGA-50-5044	624	1	-0.0866328334225388	low	72	>66	female	Stage IIIB	III-IV	WT	WT	20.5010266940452
TCGA-55-A48X	689	0	-0.605707615038452	low	63	<=66	female	Stage IIA	I-II	WT	WT	22.6365503080082
TCGA-55-A494	481	0	-0.558469001865212	low	61	<=66	female	Stage IB	I-II	WT	WT	15.8028747433265
TCGA-91-A4BC	44	0	-0.362998507476643	low	59	<=66	male	Stage IIA	I-II	WT	WT	1.44558521560575
TCGA-55-6986	3261	0	-0.307698915102338	low	74	>66	female	Stage IB	I-II	WT	WT	107.137577002053
TCGA-44-2657	1351	0	-0.378959263224155	low	74	>66	female	Stage IB	I-II	WT	WT	44.3860369609856
TCGA-49-6767	677	0	0.375240158789745	high	46	<=66	female	Stage IIB	I-II	WT	WT	22.2422997946612
TCGA-67-6216	141	0	-0.603023133534052	low	57	<=66	female	Stage IA	I-II	WT	WT	4.63244353182752
TCGA-50-5930	282	1	0.251276898246026	high	47	<=66	male	Stage IIIA	III-IV	mut	WT	9.26488706365503
TCGA-97-8552	626	0	-0.467078586595069	low	55	<=66	female	Stage I	I-II	WT	mut	20.5667351129363
TCGA-95-8039	830	0	-0.444985411959494	low	72	>66	male	Stage IA	I-II	WT	WT	27.2689938398357
TCGA-55-8204	515	0	0.669595782585217	high	87	>66	female	Stage IB	I-II	WT	WT	16.9199178644764
TCGA-64-5781	1559	0	0.841346325299214	high	55	<=66	female	Stage IB	I-II	mut	WT	51.2197125256674
TCGA-NJ-A4YI	4	1	-1.00692490003696	low	87	>66	female	Stage IIIA	III-IV	WT	WT	0.131416837782341
TCGA-L9-A444	307	0	-0.578034664831141	low	60	<=66	female	Stage IB	I-II	WT	WT	10.0862422997947
TCGA-MP-A4SV	2620	1	0.0820006291450833	high	67	>66	male	Stage IB	I-II	WT	WT	86.0780287474333
TCGA-55-8090	598	1	-0.103877992771157	low	80	>66	male	Stage IB	I-II	WT	WT	19.64681724846
TCGA-95-7944	377	0	-0.278156256311518	low	71	>66	male	Stage IA	I-II	WT	WT	12.3860369609856
TCGA-NJ-A4YG	2261	0	-0.638818474191905	low	65	<=66	male	Stage IB	I-II	WT	WT	74.2833675564682
TCGA-91-6830	60	0	0.605292555920799	high	65	<=66	female	Stage IIA	I-II	WT	WT	1.97125256673511
TCGA-55-8512	607	1	-0.0199915593198342	high	41	<=66	male	Stage IV	III-IV	WT	WT	19.9425051334702
TCGA-44-6777	987	1	-0.342572796751817	low	85	>66	female	Stage IB	I-II	WT	WT	32.4271047227926
TCGA-55-6985	1233	0	-0.131697168217147	low	58	<=66	female	Stage IB	I-II	WT	WT	40.5092402464066
TCGA-MP-A4TE	896	1	0.194180104102645	high	56	<=66	male	Stage IIA	I-II	mut	WT	29.4373716632444
TCGA-L4-A4E5	578	0	-0.146606812535034	low	48	<=66	female	Stage I	I-II	WT	WT	18.9897330595483
TCGA-55-6969	1239	0	0.375031208906306	high	52	<=66	male	Stage IB	I-II	WT	WT	40.7063655030801
TCGA-55-7815	773	0	-0.0043578827253596	high	76	>66	male	Stage IB	I-II	mut	WT	25.3963039014374
TCGA-05-4390	1126	0	0.127962795517592	high	58	<=66	female	Stage IB	I-II	WT	WT	36.993839835729
TCGA-78-7537	1622	1	-0.779852193028036	low	72	>66	male	Stage IB	I-II	WT	WT	53.2895277207392
TCGA-55-7284	243	1	0.0375771920879244	high	74	>66	male	Stage IIB	I-II	WT	WT	7.98357289527721
TCGA-55-8614	536	0	0.349152440109852	high	76	>66	male	Stage IB	I-II	WT	WT	17.6098562628337
TCGA-95-7043	503	1	0.930546432519771	high	63	<=66	female	Stage IA	I-II	mut	WT	16.5256673511294
TCGA-L9-A8F4	476	0	-0.0844393830046695	low	64	<=66	female	Stage IB	I-II	WT	WT	15.6386036960986
TCGA-44-7670	882	0	1.2126091005892	high	47	<=66	female	Stage IIA	I-II	WT	WT	28.9774127310062
TCGA-95-7039	1272	0	0.0254856998002699	high	54	<=66	female	Stage IIB	I-II	WT	mut	41.7905544147844
TCGA-MP-A4TI	429	1	0.0799085797760938	high	72	>66	male	Stage IIA	I-II	WT	WT	14.0944558521561
TCGA-44-2665	1301	0	-0.208322127808841	low	55	<=66	female	Stage IIB	I-II	WT	WT	42.7433264887064
TCGA-O1-A52J	1798	1	-0.734518372896414	low	74	>66	female	Stage IA	I-II	WT	mut	59.0718685831622
TCGA-55-5899	930	0	1.258609240209	high	58	<=66	male		NA	mut	WT	30.5544147843943
TCGA-55-7728	704	0	-0.147784905393758	low	64	<=66	female	Stage IB	I-II	WT	WT	23.129363449692
TCGA-99-7458	747	0	-0.116086973283523	low	74	>66	female	Stage IIIA	III-IV	WT	WT	24.5420944558522
TCGA-97-A4M0	652	0	-1.01016740328633	low	60	<=66	female	Stage IB	I-II	WT	WT	21.4209445585216
TCGA-91-6848	224	0	1.03995937093383	high	59	<=66	male	Stage IIIA	III-IV	mut	WT	7.35934291581109
TCGA-50-5055	1830	1	-0.245794096066448	low	79	>66	female	Stage IIA	I-II	WT	WT	60.1232032854209
TCGA-44-7671	889	0	0.338692446092727	high	64	<=66	male	Stage IB	I-II	mut	WT	29.2073921971253
TCGA-05-5423	151	0	-0.607439780989314	low	65	<=66	male	Stage IIB	I-II	WT	mut	4.96098562628337
TCGA-55-8619	416	0	-0.264384026540094	low	72	>66	female	Stage IIB	I-II	WT	WT	13.6673511293634
TCGA-64-1680	1126	0	-0.789989842797353	low	63	<=66	male	Stage IV	III-IV	WT	WT	36.993839835729
TCGA-49-AAR3	1893	0	0.889012120035931	high	69	>66	male	Stage IIB	I-II	mut	WT	62.1930184804928
TCGA-55-8514	520	0	-0.491698027250647	low	70	>66	female	Stage IB	I-II	WT	WT	17.0841889117043
TCGA-91-8497	434	1	-0.29201675368197	low	75	>66	female	Stage IA	I-II	WT	WT	14.258726899384
TCGA-49-AAR9	260	1	1.17417509271957	high	61	<=66	male	Stage IIB	I-II	mut	WT	8.54209445585216
TCGA-44-6774	658	0	-0.0566731988058581	high	56	<=66	female	Stage IIIA	III-IV	WT	WT	21.6180698151951
TCGA-44-3919	1026	1	-0.430100813872393	low	71	>66	female	Stage IA	I-II	WT	WT	33.7084188911704
TCGA-44-6147	845	0	-0.150114577412919	low	67	>66	female	Stage IA	I-II	WT	mut	27.7618069815195
TCGA-55-8301	534	0	-0.0697632780657684	low	58	<=66	male	Stage IB	I-II	WT	WT	17.5441478439425
TCGA-95-7562	87	1	0.379892501908638	high	71	>66	male	Stage IIA	I-II	WT	WT	2.85831622176591
TCGA-55-6983	2823	0	-0.246018717520277	low	81	>66	male	Stage IIB	I-II	WT	WT	92.7474332648871
TCGA-53-7813	424	0	-0.218282010520755	low	51	<=66	female	Stage IIIB	III-IV	WT	WT	13.9301848049281
TCGA-MN-A4N1	827	0	0.161813467730761	high	60	<=66	male	Stage II	I-II	WT	WT	27.170431211499
TCGA-78-7159	1974	0	-0.0286885399890852	high	60	<=66	female	Stage IA	I-II	WT	WT	64.8542094455852
TCGA-50-6673	22	1	0.130021918251271	high	84	>66	female	Stage I	I-II	WT	mut	0.722792607802875
TCGA-75-7025	3305	0	-0.484766138148145	low	NA	NA	male	Stage IB	I-II	WT	mut	108.583162217659
TCGA-55-7726	652	0	0.496924444436862	high	72	>66	female	Stage IA	I-II	WT	WT	21.4209445585216
TCGA-L9-A743	664	0	-0.303053044333598	low	56	<=66	male	Stage IIA	I-II	WT	WT	21.8151950718686
TCGA-86-8358	653	0	0.531832919167613	high	44	<=66	male	Stage IB	I-II	WT	WT	21.4537987679671
TCGA-55-6972	1632	1	-0.44842533493879	low	72	>66	male	Stage IB	I-II	mut	WT	53.6180698151951
TCGA-55-7727	119	0	-0.163955782802374	low	70	>66	male	Stage IIIA	III-IV	WT	WT	3.90965092402464
TCGA-91-6831	310	0	0.60019709588767	high	66	<=66	male	Stage IB	I-II	WT	WT	10.1848049281314
TCGA-MN-A4N4	1175	0	-0.241107279181606	low	57	<=66	male	Stage IA	I-II	WT	WT	38.6036960985626
TCGA-55-8302	478	0	0.632095012382127	high	54	<=66	male	Stage IB	I-II	mut	WT	15.7043121149897
TCGA-MP-A4TK	582	1	-0.281976961055397	low	56	<=66	female	Stage IIB	I-II	WT	WT	19.1211498973306
