"model_id","score"
"ACH-000012",0.190736821606398
"ACH-000021",-0.687885468041857
"ACH-000029",-0.304574732859373
"ACH-000030",0.444595796403281
"ACH-000033",-0.204962386619349
"ACH-000062",0.557570080622345
"ACH-000066",-0.0710167174435103
"ACH-000109",-0.00552796813041101
"ACH-000121",0.315692032676578
"ACH-000150",-0.195344490732627
"ACH-000161",-0.306765083467189
"ACH-000264",-0.474670087519675
"ACH-000282",0.58123924487072
"ACH-000311",0.469467078848194
"ACH-000314",-0.0374145271727609
"ACH-000327",-0.307745500865486
"ACH-000337",-0.266827262560928
"ACH-000339",-0.428666895663572
"ACH-000343",-0.248539940602458
"ACH-000379",0.16698104768227
"ACH-000392",-0.301210085850947
"ACH-000414",0.0669599310173886
"ACH-000416",-0.00394416687733518
"ACH-000447",1.13293874201144
"ACH-000448",-0.930222356075999
"ACH-000451",-0.246152617818475
"ACH-000482",-0.18556061209803
"ACH-000496",0.681095804168071
"ACH-000521",0.215275403047787
"ACH-000528",0.281694479339175
"ACH-000562",-0.340031756905932
"ACH-000575",-0.4021417545395
"ACH-000578",-0.438987811858981
"ACH-000587",-0.304952641589628
"ACH-000589",-0.328284364890706
"ACH-000590",-1.38910261282215
"ACH-000638",-0.160259694796192
"ACH-000666",-0.0561004700334732
"ACH-000667",-0.175023988083024
"ACH-000675",0.28284774737851
"ACH-000677",-0.199540304933171
"ACH-000681",0.641405167446455
"ACH-000706",-0.172165448399356
"ACH-000712",-0.0300234248197505
"ACH-000718",-0.137084113049401
"ACH-000733",-0.0434740994311009
"ACH-000744",0.039275155451972
"ACH-000757",-0.552628507484953
"ACH-000766",0.425880792374454
"ACH-000774",-0.77915046245366
"ACH-000779",0.0606700832106954
"ACH-000781",0.787934863471724
"ACH-000785",-0.120944133885428
"ACH-000787",0.756813040673059
"ACH-000791",-0.405520271051989
"ACH-000837",0.797021306433077
"ACH-000841",0.827931244773865
"ACH-000845",0.312889267985306
"ACH-000851",0.0158978333037877
"ACH-000852",0.127217226995804
"ACH-000860",-0.119745704651736
"ACH-000861",0.173329881032319
"ACH-000869",0.471642517550241
"ACH-000872",-0.648438865812541
"ACH-000875",-0.60800135666868
"ACH-000886",-0.298947481335341
"ACH-000888",0.64856057106707
"ACH-000892",0.0052597846194032
"ACH-000893",0.721500268676663
"ACH-000900",-0.56801689427666
"ACH-000916",0.460721559283585
"ACH-000925",-0.489823259077898
"ACH-000945",-0.85942252536456
"ACH-000951",-0.534663657093434
"ACH-002497",1.28079255073905
"ACH-002522",0.275669418936931
"ACH-002526",-0.146885186588325
"ACH-002531",0.999452134022174
"ACH-002650",0.299432814577793
