"dataset","drug","n","n_IC50","rho_IC50","p_IC50","rho_AUC","p_AUC","p_IC50_adj","p_AUC_adj"
"GDSC1","Torin 2",48,48,0.0937907077724707,0.52603344612448,0.0722970039079461,0.625319714327611,0.748170823863861,0.735983372751169
"GDSC1","Dactolisib",51,51,-0.0802714932126697,0.575516018356816,-0.112398190045249,0.432291028145737,0.748170823863861,0.672452710448925
"GDSC1","MK-2206",46,46,0.105149552883133,0.486764504352193,0.151526364477336,0.314782079875101,0.748170823863861,0.672452710448925
"GDSC1","ZSTK474",52,52,-0.0495176299837787,0.727381741396615,-0.0478955007256894,0.735983372751169,0.787996886513,0.735983372751169
"GDSC2","Dactolisib",52,52,-0.222743959702894,0.112468251469135,-0.183385981388201,0.193143250386248,0.479143601781761,0.631142212216411
"GDSC2","MK-2206",52,52,-0.147528387262017,0.296621557330747,-0.065055920771792,0.646803819547745,0.653161542681574,0.735983372751169
"PRISM HTS002","torin-2",43,43,0.224705527031108,0.147428800548234,0.188764723648445,0.225407932934433,0.479143601781761,0.631142212216411
"PRISM HTS002","NVP-BEZ235",38,35,0.315686274509804,0.0646955225549736,0.292920450815188,0.0743031932157699,0.420520896607329,0.520122352510389
"PRISM MTS010","NVP-BEZ235",41,13,-0.192307692307692,0.529067987234988,-0.245362405766286,0.122045806161634,0.748170823863861,0.56954709542096
"PRISM HTS002","MK-2206",39,2,NA,NA,-0.0601214574898785,0.716177759536305,NA,0.735983372751169
"PRISM MTS006","MK-2206",45,36,0.0241956241956242,0.888604170164636,0.102635046113307,0.502285818733292,0.888604170164636,0.703200146226609
"PRISM HTS002","ZSTK-474",42,32,-0.0773460410557185,0.673931181637811,-0.14075034438052,0.373962256090683,0.787996886513,0.672452710448925
"PRISM HTS002","MLN0128",38,38,-0.172119487908962,0.301459173545342,-0.132727869569975,0.426973231007255,0.653161542681574,0.672452710448925
"PRISM MTS010","MLN0128",44,27,-0.401709401709402,0.0378033678215921,-0.297638368860252,0.049739625488514,0.420520896607329,0.520122352510389
