"gene","n_high","n_low","median_high","median_low","diff_med","pct_high_le_minus1","pct_low_le_minus1","p_wilcox","p_bh"
"IGF2BP3",25,25,-0.0457178395131042,-0.0993328517688135,0.0536150122557092,0,0,0.0335988090770489,0.286231118320592
"GOT2",25,25,-0.398244326105092,-0.33347989051094,-0.064764435594152,0,4,0.0878217205494282,0.286231118320592
"GCLM",25,25,0.0458400630689196,-0.00724494469783805,0.0530850077667576,0,0,0.0954103727735307,0.286231118320592
"SLC7A11",25,25,0.0489378553485352,0.0338720469603584,0.0150658083881768,0,0,0.20223257018852,0.455023282924169
"GCLC",25,25,-0.0700308008360072,-0.0925563506045079,0.0225255497685006,0,0,0.452584318785358,0.74370026597605
"TFRC",25,25,-0.667298966710809,-0.627970256255056,-0.0393287104557525,28,40,0.512758441341852,0.74370026597605
"VDAC2",25,25,-0.286963136450988,-0.27238582844391,-0.0145773080070776,0,0,0.658147475693128,0.74370026597605
"IGF2BP2",25,25,-0.224074808939332,-0.210813969987472,-0.0132608389518596,0,0,0.714773975516392,0.74370026597605
"SLC3A2",25,25,-0.580144701849202,-0.564078243404798,-0.0160664584444036,0,4,0.74370026597605,0.74370026597605
