"model_id","score","group"
"ACH-000012",0.190736821606398,"high"
"ACH-000021",-0.687885468041857,"low"
"ACH-000029",-0.304574732859373,"low"
"ACH-000030",0.444595796403281,"high"
"ACH-000161",-0.306765083467189,"low"
"ACH-000264",-0.474670087519675,"low"
"ACH-000311",0.469467078848194,"high"
"ACH-000337",-0.266827262560928,"low"
"ACH-000339",-0.428666895663572,"low"
"ACH-000343",-0.248539940602458,"low"
"ACH-000414",0.0669599310173886,"high"
"ACH-000416",-0.00394416687733518,"high"
"ACH-000448",-0.930222356075999,"low"
"ACH-000496",0.681095804168071,"high"
"ACH-000521",0.215275403047787,"high"
"ACH-000528",0.281694479339175,"high"
"ACH-000562",-0.340031756905932,"low"
"ACH-000587",-0.304952641589628,"low"
"ACH-000589",-0.328284364890706,"low"
"ACH-000638",-0.160259694796192,"low"
"ACH-000666",-0.0561004700334732,"high"
"ACH-000667",-0.175023988083024,"low"
"ACH-000677",-0.199540304933171,"low"
"ACH-000681",0.641405167446455,"high"
"ACH-000706",-0.172165448399356,"low"
"ACH-000718",-0.137084113049401,"low"
"ACH-000757",-0.552628507484953,"low"
"ACH-000766",0.425880792374454,"high"
"ACH-000774",-0.77915046245366,"low"
"ACH-000781",0.787934863471724,"high"
"ACH-000785",-0.120944133885428,"low"
"ACH-000787",0.756813040673059,"high"
"ACH-000791",-0.405520271051989,"low"
"ACH-000837",0.797021306433077,"high"
"ACH-000841",0.827931244773865,"high"
"ACH-000845",0.312889267985306,"high"
"ACH-000851",0.0158978333037877,"high"
"ACH-000860",-0.119745704651736,"high"
"ACH-000861",0.173329881032319,"high"
"ACH-000869",0.471642517550241,"high"
"ACH-000872",-0.648438865812541,"low"
"ACH-000886",-0.298947481335341,"low"
"ACH-000888",0.64856057106707,"high"
"ACH-000900",-0.56801689427666,"low"
"ACH-000916",0.460721559283585,"high"
"ACH-000945",-0.85942252536456,"low"
"ACH-002522",0.275669418936931,"high"
"ACH-002526",-0.146885186588325,"low"
"ACH-002531",0.999452134022174,"high"
"ACH-002650",0.299432814577793,"high"
