"feature","family","n_high","n_low","median_high","median_low","diff_med","p_wilcox","p_bh"
"Myeloid.dendritic.cells","MCPcounter",251,251,5.48298,6.8527,-1.36972,2.34817199259826e-16,2.34817199259826e-15
"Macrophages.M0","CIBERSORT",251,251,0.236298792277268,0.181556392544783,0.054742399732485,2.44249065417534e-15,5.37347943918576e-14
"Endothelial.cells","MCPcounter",251,251,7.67147666666667,8.15602333333333,-0.48454666666666,2.56737265138421e-10,1.28368632569211e-09
"Dendritic.cells.resting","CIBERSORT",251,251,0.0138223159036824,0.0577677608811921,-0.0439454449775097,2.71824264216075e-09,2.99006690637682e-08
"T.cells.CD4.memory.resting","CIBERSORT",251,251,0.0239324463792877,0.0670429473679408,-0.0431105009886531,4.50094084623163e-09,3.3006899539032e-08
"T.cells.CD4.memory.activated","CIBERSORT",251,251,0,0,0,4.07069042918096e-08,2.23887973604953e-07
"B.lineage","MCPcounter",251,251,5.7617,6.7789,-1.0172,1.98148037591545e-07,6.60493458638482e-07
"T.cells","MCPcounter",251,251,5.91417857142857,6.46229285714286,-0.54811428571429,8.36670097095454e-07,2.09167524273863e-06
"Monocytes","CIBERSORT",251,251,0.011141309032763,0.0360394767814555,-0.0248981677486925,4.78422409126142e-06,2.10505860015503e-05
"B.cells.memory","CIBERSORT",251,251,0.0626412245328899,0.0798979391638821,-0.0172567146309922,0.000384045516291592,0.00140816689306917
"NK.cells.activated","CIBERSORT",251,251,0.0534053241461426,0.0433720030511026,0.01003332109504,0.00294837649170354,0.00926632611678256
"Dendritic.cells.activated","CIBERSORT",251,251,0,0,0,0.00418674563966537,0.0115135505090798
"Plasma.cells","CIBERSORT",251,251,0.0011465027905842,0,0.0011465027905842,0.0279824374365398,0.068401513733764
"TIGIT","Checkpoint_CYT",251,251,6.6417,6.8541,-0.2124,0.052312380593581,0.216046439395215
"CTLA4","Checkpoint_CYT",251,251,5.8899,6.257,-0.3671,0.0720154797984049,0.216046439395215
"Mast.cells.resting","CIBERSORT",251,251,0.0475925045186602,0.0541813804267625,-0.0065888759081023,0.0731813845491732,0.150747700725078
"Mast.cells.activated","CIBERSORT",251,251,0,0,0,0.0759722428779532,0.150747700725078
"T.cells.gamma.delta","CIBERSORT",251,251,0,0,0,0.0830593542153049,0.150747700725078
"Neutrophils","CIBERSORT",251,251,0,0,0,0.0890781867920916,0.150747700725078
"T.cells.regulatory..Tregs.","CIBERSORT",251,251,0.00134524963008429,0.00889557321689481,-0.00755032358681052,0.131410598322805,0.206502368792979
"T.cells.CD4.naive","CIBERSORT",251,251,0.0565514715847247,0.0610085026950719,-0.0044570311103472,0.144188360565356,0.211476262162522
"CYT","Checkpoint_CYT",251,251,7.39785,7.68945,-0.2916,0.175799108997186,0.351598217994372
"T.cells.follicular.helper","CIBERSORT",251,251,0.0640834528321177,0.0590048329058879,0.00507861992622979,0.180002262208895,0.247503110537231
"NK.cells","MCPcounter",251,251,2.1373625,2.0583625,0.0790000000000002,0.198833358252991,0.386986566972442
"CD8.T.cells","MCPcounter",251,251,5.7758,6.0829,-0.3071,0.232191940183465,0.386986566972442
"Eosinophils","CIBERSORT",251,251,0.00395075637751966,0.00534392352499845,-0.00139316714747879,0.24245047717595,0.31375944105123
"PDCD1","Checkpoint_CYT",251,251,5.6717,5.9427,-0.271,0.265228261396648,0.397842392094972
"T.cells.CD8","CIBERSORT",251,251,0.0313446899217546,0.0388934426410329,-0.0075487527192783,0.445484650107068,0.544481239019749
"B.cells.naive","CIBERSORT",251,251,0,0,0,0.528936544697885,0.61245284122913
"LAG3","Checkpoint_CYT",251,251,6.7444,6.8628,-0.1184,0.573604120444559,0.688324944533471
"Macrophages.M2","CIBERSORT",251,251,0.121006222985772,0.12099224040874,1.39825770320012e-05,0.655940836975283,0.721534920672812
"Macrophages.M1","CIBERSORT",251,251,0.0507681738002321,0.0522958745252642,-0.0015277007250321,0.709330052967853,0.73660708601404
"NK.cells.resting","CIBERSORT",251,251,0.000325925195262924,0.00309109140117406,-0.00276516620591114,0.73660708601404,0.73660708601404
"Cytotoxic.lymphocytes","MCPcounter",251,251,4.37584285714286,4.46925714285714,-0.0934142857142799,0.889879117639667,0.990916874215007
"Neutrophils","MCPcounter",251,251,6.55856,6.59944666666667,-0.0408866666666698,0.892797701809008,0.990916874215007
"CD274","Checkpoint_CYT",251,251,5.9727,5.9528,0.0198999999999998,0.979626113422478,0.979626113422478
"Fibroblasts","MCPcounter",251,251,11.8546125,11.9005875,-0.0459750000000003,0.989689489286718,0.990916874215007
"Monocytic.lineage","MCPcounter",251,251,8.83817142857143,8.80134285714286,0.0368285714285701,0.990916874215007,0.990916874215007
