"patient","CD274","PDCD1","CTLA4","LAG3","TIGIT","CYT","grp"
"TCGA-69-7978",9.4672,8.4148,7.3904,9.0741,8.706,9.1608,"high"
"TCGA-62-8399",6.4279,4.9128,4.78,5.5238,5.4632,7.00395,"low"
"TCGA-78-7539",6.1155,7.1447,6.5052,7.7412,7.6824,8.50335,"low"
"TCGA-73-4658",9.0617,6.5131,7.3045,6.9624,7.5368,7.5355,"low"
"TCGA-44-6775",6.2897,5.2988,6.821,6.7416,7.5135,6.4255,"high"
"TCGA-44-2655",4.9318,5.1046,5.6719,5.1474,6.331,6.71395,"high"
"TCGA-44-3398",7.752,4.973,7.1045,6.0743,6.2388,8.1922,"high"
"TCGA-62-8397",5.1117,4.3203,4.7696,4.0924,5.3369,7.8478,"low"
"TCGA-53-A4EZ",4.5977,5.7993,5.4813,5.9899,6.1504,6.396,"high"
"TCGA-50-7109",4.6672,6.3921,5.9966,7.4199,6.9713,8.48985,"low"
"TCGA-38-6178",4.3576,6.5277,5.5066,5.8758,6.1851,6.47875,"high"
"TCGA-86-8056",6.0167,5.0081,6.009,5.0235,6.3587,6.5188,"low"
"TCGA-55-1592",5.9134,4.014,4.6949,6.0493,5.3784,6.56155,"low"
"TCGA-86-A4JF",8.0353,5.9674,6.1313,8.0328,6.2282,8.3817,"low"
"TCGA-69-7974",8.6475,6.5161,6.2301,8.1514,7.3586,8.7369,"low"
"TCGA-86-A456",6.7156,5.8376,6.9406,7.6462,6.8912,7.48865,"high"
"TCGA-97-8547",5.751,4.6292,6.361,4.9484,6.514,6.64485,"low"
"TCGA-55-1595",6.1034,6.0644,6.403,7.5669,7.2194,7.87605,"low"
"TCGA-NJ-A4YP",4.9998,4.9883,6.0173,7.0315,6.7779,8.15825,"low"
"TCGA-05-4424",5.4403,5.3077,5.6328,6.3497,7.2076,7.24245,"high"
"TCGA-97-A4M7",6.0039,6.6539,7.8404,7.9194,8.0792,7.73875,"low"
"TCGA-44-2668",8.3563,7.0356,7.3856,7.9042,7.9351,8.661,"high"
"TCGA-NJ-A55A",5.9383,6.6533,6.2678,7.315,7.6271,7.8482,"low"
"TCGA-05-5420",7.7476,6.8413,8.1352,7.5687,6.9497,9.73025,"high"
"TCGA-55-1594",6.2193,5.6923,5.2005,7.7285,5.8182,7.4289,"high"
"TCGA-44-2659",5.7798,6.3121,6.0167,6.891,7.6886,8.15305,"low"
"TCGA-78-7162",5.3534,5.6552,5.2182,6.6302,7.141,8.56115,"high"
"TCGA-38-4632",7.2151,8.0939,6.8447,7.0584,6.9819,7.45265,"high"
"TCGA-49-6761",8.3896,7.5657,6.3385,8.9086,8.3833,8.8814,"low"
"TCGA-91-6828",6.4955,6.8515,6.8196,6.7648,7.02,8.1275,"low"
"TCGA-05-4418",7.0293,6.7989,6.6916,7.4553,7.8744,8.33295,"high"
"TCGA-99-AA5R",7.0836,7.5017,7.8597,7.2212,7.9191,9.1847,"low"
"TCGA-55-7903",7.685,6.0931,5.723,7.8928,7.0503,8.7769,"low"
"TCGA-55-A492",1.0505,4.3421,4.7679,6.0166,4.8506,6.72025,"high"
"TCGA-55-8616",6.392,5.6241,5.1133,5.6241,5.8379,6.09755,"low"
"TCGA-86-7954",6.8521,6.4979,6.8917,9.2292,7.3525,7.7538,"high"
"TCGA-05-4433",5.8379,5.3163,5.3459,6.1037,6.8041,7.94815,"high"
"TCGA-69-8253",4.6438,4.7851,5.4641,4.5414,5.5546,6.6415,"high"
"TCGA-86-8674",4.2891,4.7472,4.6855,4.5536,4.6855,5.33315,"high"
"TCGA-69-7765",6.015,5.4203,6.2928,6.6564,7.2246,7.65935,"low"
"TCGA-86-8672",6.6651,8.1935,7.1951,8.4466,8.152,8.88585,"high"
"TCGA-MP-A4T6",5.2325,6.0869,6.5369,9.7139,6.8973,7.9028,"low"
"TCGA-97-7547",5.8771,5.619,5.1169,5.023,6.9336,5.9646,"low"
"TCGA-55-7911",7.8547,7.8711,7.9191,9.6698,8.4573,8.96135,"low"
"TCGA-91-6835",7.3534,7.3613,7.4004,7.8306,9.0661,8.8704,"low"
"TCGA-55-A48Z",6.6228,6.301,6.0097,8.0671,6.6368,7.46295,"low"
"TCGA-50-5045",6.9154,7.4183,7.3895,7.4981,8.6389,8.8623,"low"
"TCGA-55-7913",3.8567,4.7301,5.5608,5.442,5.5342,6.13855,"high"
"TCGA-86-8075",6.718,5.0062,6.5256,6.7374,6.4802,5.96175,"high"
"TCGA-97-8177",5.5864,5.9571,6.2903,7.1581,7.1336,8.9051,"low"
"TCGA-55-7907",5.7384,6.4687,7.0819,7.7654,7.755,8.83835,"low"
"TCGA-44-8117",6.7924,5.8709,5.878,5.4522,6.6667,7.0149,"low"
"TCGA-86-8668",5.8835,6.4724,5.6682,5.7896,6.7468,6.99105,"low"
"TCGA-78-8660",7.0723,7.8867,6.9886,9.2881,7.7131,9.58955,"high"
"TCGA-05-4415",6.0025,5.3259,5.2095,7.4383,6.7973,8.476,"high"
"TCGA-75-6212",5.6692,6.1208,6.2885,5.1729,6.9377,7.924,"low"
"TCGA-67-6215",4.8359,3.6056,4.3999,4.7184,4.7184,6.34,"low"
"TCGA-05-4430",6.1662,5.4083,6.3007,7.0901,6.3467,7.8721,"high"
"TCGA-49-6742",4.4999,4.182,2.6369,5.5155,5.2014,6.22445,"high"
"TCGA-38-4627",5.4248,5.1112,4.346,6.6367,5.9181,7.62875,"high"
"TCGA-69-7979",5.8171,5.0524,4.9747,6.2276,4.3108,6.25355,"high"
"TCGA-69-7973",5.2538,5.1838,5.4195,6.0392,5.9636,6.54205,"high"
"TCGA-73-7499",5.8653,7.6549,6.9688,8.0649,7.7847,9.10375,"high"
"TCGA-44-A47A",6.1624,6.541,7.8976,6.0665,7.2182,7.9907,"low"
"TCGA-78-8662",3.3597,3.6907,3.8315,4.7799,4.3358,5.687,"high"
"TCGA-55-8085",5.5946,7.0195,7.3469,7.8031,8.3238,8.30215,"high"
"TCGA-75-6206",4.9638,3.8919,5.4935,5.7512,5.2044,6.23705,"low"
"TCGA-50-5932",4.5511,3.1533,2.8549,3.9586,4.206,5.982,"high"
"TCGA-50-6594",10.6897,7.9095,4.9008,4.8664,5.0916,6.86695,"high"
"TCGA-49-AARQ",4.8624,6.9741,6.3156,10.3774,5.9201,7.86365,"high"
"TCGA-55-7574",5.6037,7.5932,8.0816,6.9547,8.2377,8.29935,"low"
"TCGA-50-5066",6.4612,6.7095,7.9154,7.7675,7.6027,9.60705,"high"
"TCGA-86-A4P7",5.7329,6.7514,7.0015,7.2192,7.1535,8.29875,"low"
"TCGA-64-5779",5.1774,6.2221,7.5639,6.8628,7.778,7.6945,"low"
"TCGA-55-8096",5.2986,7.1429,4.6081,6.5245,6.0885,6.61675,"low"
"TCGA-97-8175",7.5449,4.9663,6.257,6.4005,5.999,6.70985,"low"
"TCGA-44-A4SS",6.0155,7.6664,7.4459,8.1914,7.885,9.08265,"high"
"TCGA-91-7771",5.9968,6.7981,7.2136,6.5213,8.1137,8.41015,"low"
"TCGA-86-8278",6.5756,4.871,5.2211,8.5965,5.4693,6.92835,"low"
"TCGA-55-8087",4.0624,4.5446,3.646,6.6557,4.9222,5.7752,"low"
"TCGA-MP-A4T8",4.0839,4.6157,4.1536,5.2778,4.2838,5.7951,"high"
"TCGA-L9-A5IP",6.638,5.3838,6.0697,6.7829,6.0603,8.2174,"high"
"TCGA-55-6979",8.2778,8.4241,7.7114,8.8381,8.573,8.72665,"low"
"TCGA-69-7980",6.72,7.065,6.5227,7.9133,7.1607,8.16935,"low"
"TCGA-62-A472",7.3502,6.6637,5.5939,7.3587,6.7568,7.90485,"low"
"TCGA-49-4507",4.5322,8.4441,6.3257,9.7942,7.9215,10.51165,"high"
"TCGA-55-6642",5.9375,5.3566,5.8253,7.3533,7.1685,8.8872,"low"
"TCGA-86-7701",6.284,7.1518,7.622,8.1733,8.424,9.3441,"high"
"TCGA-62-A46R",5.7149,5.2101,7.9254,5.8833,7.5893,6.2891,"low"
"TCGA-62-A46V",4.3821,3.3826,4.8722,4.5133,3.6339,5.67915,"low"
"TCGA-44-6146",4.7879,2.6815,3.6184,3.7207,4.0699,6.2305,"low"
"TCGA-49-4501",6.0327,5.5858,4.791,5.4702,7.0564,8.39945,"low"
"TCGA-55-7914",6.3212,5.3743,5.614,7.092,6.6431,8.49755,"low"
"TCGA-73-4659",6.0065,4.4795,4.321,5.0926,5.2688,6.4606,"high"
"TCGA-86-8669",5.8664,6.3953,6.1096,6.2356,6.8222,7.37525,"high"
"TCGA-49-AAQV",6.3978,6.6542,6.3694,6.317,7.1301,6.77155,"high"
"TCGA-78-7149",2.576,3.8861,3.0301,4.3434,4.6589,6.8178,"low"
"TCGA-86-8055",6.395,5.1758,5.8367,5.5371,6.3502,6.4068,"high"
"TCGA-91-6829",6.284,4.1729,3.1283,6.1748,5.2929,7.22555,"high"
"TCGA-78-7163",5.7749,4.0952,3.3567,6.5565,4.0058,6.7986,"low"
"TCGA-62-8398",6.4545,5.9231,6.0993,6.7444,7.0767,7.20525,"high"
"TCGA-38-A44F",4.8277,6.4366,7.6617,7.6162,7.3547,8.41625,"low"
"TCGA-38-4631",3.9189,4.7494,5.7436,6.2837,5.3305,7.36735,"high"
"TCGA-L9-A7SV",4.5856,5.0306,5.1882,5.612,5.5782,6.30175,"high"
"TCGA-49-AAR2",4.0415,6.6348,6.3584,8.1826,6.7718,7.299,"high"
"TCGA-MP-A4SY",7.1815,4.445,4.8862,5.3818,5.2567,5.4009,"high"
"TCGA-05-4432",5.9031,6.4659,6.2478,8.0096,7.0087,8.1208,"high"
"TCGA-05-4398",9.35,6.9038,6.352,7.1064,7.1064,7.31555,"high"
"TCGA-44-6778",8.2703,7.3413,8.3169,8.5643,8.4924,9.42955,"high"
"TCGA-55-8510",7.1597,7.3611,6.5828,7.5845,7.4241,8.1233,"high"
"TCGA-MP-A4TD",4.3022,5.8984,6.3889,6.5868,6.7005,7.0099,"high"
"TCGA-55-8205",9.5738,7.1154,7.3795,8.3147,8.0269,9.13655,"high"
"TCGA-55-7573",5.493,5.0455,5.9319,6.0056,6.8416,6.9781,"low"
"TCGA-MP-A4T4",9.1072,7.8461,7.7873,9.0092,8.7698,9.3153,"high"
"TCGA-97-7941",4.7656,5.3035,4.9277,6.449,6.261,7.0947,"high"
"TCGA-55-7994",9.6723,7.2391,6.6315,8.73,7.8976,9.65405,"high"
"TCGA-05-4420",4.3912,4.373,2.7623,5.2901,4.2588,6.99595,"high"
"TCGA-50-6591",2.6727,1.7611,1.4814,5.1797,1.134,3.81135,"high"
"TCGA-38-4630",4.854,4.9188,5.8118,6.8635,6.1725,6.0549,"high"
"TCGA-49-6743",7.1778,5.3437,5.9103,6.5345,6.9812,7.43415,"high"
"TCGA-55-8206",5.8056,4.7856,6.7137,7.2159,7.2044,6.48855,"low"
"TCGA-MP-A5C7",3.6093,2.4763,4.5232,9.3268,4.103,7.5136,"high"
"TCGA-49-AARE",4.1571,6.1791,6.4733,7.9994,6.5453,7.09995,"high"
"TCGA-86-7955",4.4651,4.3419,3.6377,4.8436,5.0545,6.0076,"high"
"TCGA-49-6744",6.1239,7.009,6.9685,8.1809,8.186,8.60185,"low"
"TCGA-95-A4VN",10.368,7.2783,7.8297,8.6811,8.0549,9.2996,"low"
"TCGA-55-7576",6.0392,5.945,5.9846,6.1869,7.1842,7.1893,"high"
"TCGA-53-7626",6.4974,6.8503,6.807,7.2488,8.1108,8.6147,"low"
"TCGA-97-7546",7.3423,5.8022,5.5684,6.4958,6.5611,7.37945,"low"
"TCGA-44-7672",7.1885,7.5786,7.5786,8.5778,8.5954,9.0595,"high"
"TCGA-62-A46O",4.0538,1.9211,3.7293,4.1014,4.2355,5.52945,"high"
"TCGA-55-6984",5.2312,5.0035,4.576,4.7818,6.1389,6.25215,"high"
"TCGA-97-8174",5.503,6.1625,6.661,7.0126,7.2875,7.72225,"low"
"TCGA-35-4123",9.0645,8.5796,7.3798,9.2297,8.0105,10.068,"high"
"TCGA-93-A4JO",6.3587,7.4221,6.9653,8.2042,7.7651,8.63895,"low"
"TCGA-97-7937",4.127,3.1756,3.75,5.2465,3.9508,7.26945,"low"
"TCGA-50-6597",3.2453,8.0646,6.0857,7.9756,7.3329,7.8343,"low"
"TCGA-99-8033",7.3838,7.4106,7.1929,8.7387,8.0092,9.88785,"high"
"TCGA-55-7570",4.6668,5.4639,9.6051,6.2715,5.7239,6.31795,"high"
"TCGA-38-4626",7.2851,5.1543,5.6659,6.1887,6.3211,7.4883,"low"
"TCGA-69-7764",5.2531,5.1218,6.284,5.9232,6.6975,7.3726,"low"
"TCGA-05-5715",4.4648,3.7541,3.2613,4.3589,4.1841,5.96665,"low"
"TCGA-50-6590",8.8981,7.2994,6.8539,9.1466,8.3844,8.65795,"high"
"TCGA-86-7713",5.1354,3.6762,4.406,5.303,4.9901,5.5296,"low"
"TCGA-S2-AA1A",6.0698,6.7609,7.393,9.6421,8.1566,8.4495,"low"
"TCGA-75-7027",4.5772,5.1478,5.785,5.6501,6.3382,6.7894,"high"
"TCGA-50-5049",7.0997,8.0435,7.8822,9.1957,8.6071,9.57385,"low"
"TCGA-55-8505",3.9205,3.6084,3.8037,4.6865,4.5112,5.48345,"high"
"TCGA-49-AAR0",4.8708,7.4514,6.7888,7.3716,7.264,7.9534,"high"
"TCGA-MP-A4T9",6.9409,7.723,5.9619,5.8862,6.1023,7.4035,"low"
"TCGA-95-7567",6.4765,6.3125,6.4442,7.8576,7.1857,7.8009,"low"
"TCGA-05-4422",5.7942,7.4218,6.9575,7.6445,7.8141,8.4497,"high"
"TCGA-86-8673",4.0735,6.2382,5.29,7.1049,6.0845,8.2637,"low"
"TCGA-55-6543",6.8278,4.1014,4.1014,4.9589,5.2819,6.4021,"low"
"TCGA-NJ-A7XG",3.9256,3.2083,4.5223,3.5276,3.8814,5.63135,"low"
"TCGA-86-8280",6.5273,7.0269,6.8877,7.9447,7.6713,8.85365,"low"
"TCGA-99-8028",8.2074,8.105,8.8975,9.6568,9.2028,10.02885,"low"
"TCGA-55-7725",6.9284,3.386,6.7141,5.9524,7.3184,8.0553,"low"
"TCGA-64-5778",6.8797,8.0163,7.3341,9.015,8.2871,9.55125,"low"
"TCGA-86-8671",6.8463,8.7417,8.269,9.0483,9.081,10.2348,"low"
"TCGA-05-4403",5.5928,4.2947,4.5727,5.6657,5.6814,7.5152,"high"
"TCGA-69-7763",5.4052,3.8078,4.9333,5.3435,5.5212,6.74805,"low"
"TCGA-49-4506",5.2783,6.8532,6.2369,8.1716,6.7767,9.66035,"high"
"TCGA-97-A4M1",5.292,4.141,4.7518,6.0466,5.4935,7.64415,"low"
"TCGA-86-8359",4.9716,7.9768,6.762,8.2913,8.3965,9.17795,"low"
"TCGA-05-4405",6.3312,5.0065,4.5564,6.0137,4.9144,6.57675,"low"
"TCGA-62-A470",4.8122,2.5671,4.8122,5.2459,3.9799,5.31425,"high"
"TCGA-49-4487",5.8858,7.1805,7.3834,8.1964,8.5082,8.9932,"high"
"TCGA-44-6145",7.8474,8.0329,7.2113,8.4987,7.9094,9.48625,"high"
"TCGA-91-8499",5.1157,5.9779,5.3427,7.1636,6.4951,8.0825,"low"
"TCGA-95-8494",6.9469,5.2466,6.2758,5.8981,5.2222,5.56025,"high"
"TCGA-64-1681",5.1431,5.1431,5.7292,7.6605,5.8606,6.9526,"high"
"TCGA-55-A491",6.5733,7.5124,5.1675,6.8826,6.4737,7.27725,"low"
"TCGA-75-6214",6.5395,4.3096,4.5898,5.493,5.7507,5.9298,"high"
"TCGA-86-6851",7.329,8.0792,7.4608,8.9401,8.7968,10.1286,"low"
"TCGA-91-6849",4.6708,5.3195,6.7219,7.2293,7.3621,7.63925,"high"
"TCGA-62-8402",7.4787,6.6513,6.6724,8.6775,6.8918,9.79935,"high"
"TCGA-78-7156",3.0811,2.8518,4.3419,4.6935,4.2969,6.81565,"high"
"TCGA-50-5941",7.6556,7.59,7.2075,8.4474,8.8434,8.98865,"low"
"TCGA-62-A46Y",7.4834,6.0148,6.261,7.037,7.2324,8.4394,"low"
"TCGA-44-7660",6.2292,6.0113,5.8206,8.1263,7.0283,6.96985,"high"
"TCGA-MP-A4TF",7.8105,4.8446,5.0715,6.6744,6.1361,7.8488,"high"
"TCGA-05-4402",5.5497,4.5802,5.4656,7.3241,5.8565,7.1238,"high"
"TCGA-62-A471",4.555,5.4583,5.2988,7.0269,6.327,8.23235,"high"
"TCGA-55-8513",6.5158,5.4358,5.9845,7.502,6.3287,7.0322,"low"
"TCGA-05-4397",5.1835,4.8605,5.5184,6.7086,5.1658,7.0167,"high"
"TCGA-05-5429",2.9929,3.4665,4.2317,4.1711,4.5018,5.7344,"high"
"TCGA-78-7167",2.191,3.6197,2.9142,5.4624,4.648,6.0691,"low"
"TCGA-50-8459",5.2871,7.0976,6.8045,6.6524,7.2696,7.23275,"low"
"TCGA-93-8067",4.9763,5.0892,5.762,6.4099,6.2245,7.71405,"high"
"TCGA-44-6776",4.2449,4.0708,4.0078,5.8518,5.149,6.02265,"high"
"TCGA-44-7667",4.7353,3.8397,4.3907,6.2713,4.3676,7.15885,"high"
"TCGA-35-3615",4.5089,5.0373,5.0795,5.4663,5.8625,6.64365,"high"
"TCGA-86-A4P8",6.4826,6.3275,7.6386,6.8675,6.9967,9.4197,"low"
"TCGA-44-2666",7.0976,4.4498,4.2107,4.9748,4.9555,6.4021,"low"
"TCGA-44-5643",4.894,6.1809,6.694,7.6225,7.4379,7.55615,"high"
"TCGA-44-2661",6.6908,6.6908,7.9674,7.0032,8.44,9.88935,"low"
"TCGA-69-8255",6.2031,8.6131,7.3827,9.9283,8.2034,10.536,"high"
"TCGA-49-4514",3.3478,6.8262,5.7697,8.6671,7.163,8.2184,"high"
"TCGA-78-7154",4.8271,4.9151,3.877,5.4152,6.0289,7.55625,"high"
"TCGA-55-8507",4.9431,4.8378,4.3176,5.3966,5.0173,6.6105,"low"
"TCGA-95-A4VP",5.216,6.5592,9.2367,7.7008,7.016,8.08275,"low"
"TCGA-50-6595",8.9916,5.7649,5.5833,8.9014,6.7856,8.57755,"high"
"TCGA-78-7155",4.694,4.4485,3.0914,5.7613,5.3551,6.9207,"high"
"TCGA-05-4382",6.8858,6.4053,6.4768,7.6532,7.0692,7.39785,"high"
"TCGA-05-5428",5.9952,3.5191,3.9023,5.5613,3.9841,7.09915,"high"
"TCGA-44-5644",3.1667,4.5613,4.4777,6.2632,4.4777,6.40585,"high"
"TCGA-55-6978",9.4316,7.8485,7.9592,8.9996,8.5671,10.08445,"high"
"TCGA-NJ-A55R",4.8396,5.4036,5.665,10.7991,6.27,5.8188,"high"
"TCGA-91-6840",4.8332,6.2456,6.4102,7.4963,7.1687,8.0725,"high"
"TCGA-55-8094",3.2241,6.2271,3.8189,4.735,2.7992,5.41495,"high"
"TCGA-44-7661",9.9704,6.2822,7.7435,7.3957,7.8012,7.5768,"high"
"TCGA-NJ-A4YF",3.1535,5.3395,5.7672,5.155,4.8853,5.8469,"high"
"TCGA-67-6217",5.8963,6.3827,6.9717,7.0104,7.6843,7.91105,"low"
"TCGA-86-A4D0",4.758,4.944,5.8753,6.8572,6.3894,7.8751,"high"
"TCGA-50-5939",7.0028,6.1865,5.3462,6.0442,7.0556,6.98735,"high"
"TCGA-55-7816",6.7095,6.4785,6.3999,8.0573,7.0322,8.2347,"low"
"TCGA-50-5051",4.4019,5.1327,4.5039,5.7039,5.0338,5.28855,"high"
"TCGA-86-8279",4.231,3.8112,4.3405,4.4619,4.5189,4.9095,"low"
"TCGA-55-6970",6.7842,6.2753,6.5272,6.6705,7.4861,7.63325,"high"
"TCGA-49-4488",6.6762,5.8083,5.0884,6.2863,6.4283,7.68575,"high"
"TCGA-97-7552",6.8563,6.7851,5.7302,8.5159,8.3592,9.83275,"low"
"TCGA-95-7947",6.2338,5.992,5.7676,6.7706,6.4809,7.3936,"low"
"TCGA-05-4425",7.1154,5.6184,5.4623,5.7291,6.3796,8.84175,"low"
"TCGA-78-7633",4.3221,2.8168,3.3111,3.3523,4.1456,6.10615,"low"
"TCGA-64-1678",3.0862,3.6134,6.7889,6.3984,3.9986,6.5165,"high"
"TCGA-80-5608",5.8337,5.5359,6.1756,6.7032,6.2648,8.29765,"low"
"TCGA-64-5775",9.218,2.9064,3.0748,4.6516,3.8539,6.01755,"high"
"TCGA-55-8508",5.1846,6.0148,5.1846,6.7428,6.2675,6.92355,"low"
"TCGA-44-2656",8.8111,7.2953,7.1975,8.3093,7.8074,9.6109,"high"
"TCGA-55-7281",4.9098,5.7698,6.6704,6.9814,6.9283,7.7306,"low"
"TCGA-J2-8194",5.3771,4.9984,5.2339,4.8751,5.1829,6.2676,"high"
"TCGA-78-7150",4.358,4.9193,4.8056,6.1842,5.9499,6.94135,"high"
"TCGA-44-A47G",7.6691,7.7485,8.0123,7.7978,8.249,8.5293,"low"
"TCGA-99-8025",5.1695,4.6434,5.0728,7.1219,5.5541,5.8807,"low"
"TCGA-50-6592",6.4007,6.8707,7.629,9.0233,8.5283,9.7015,"high"
"TCGA-05-4249",6.1004,5.7582,5.2118,5.9126,6.66,6.61195,"low"
"TCGA-97-7553",7.3921,6.5037,6.0089,7.1139,7.4993,8.70905,"high"
"TCGA-75-5125",10.1127,7.8119,6.8765,7.9325,7.4488,8.5932,"high"
"TCGA-67-3772",3.9554,4.6093,5.2825,7.4055,6.015,8.3317,"low"
"TCGA-78-7147",4.091,5.8415,4.0574,7.743,5.8316,7.3694,"low"
"TCGA-38-4628",4.7334,3.0478,3.9578,3.3456,3.5924,4.4119,"low"
"TCGA-99-8032",5.1304,5.4212,7.0489,6.15,6.8627,6.9807,"high"
"TCGA-78-8648",6.7846,7.6739,6.9806,8.0763,7.8609,9.70575,"low"
"TCGA-62-A46S",5.4391,4.5283,5.8235,5.552,5.4967,7.3145,"low"
"TCGA-NJ-A55O",6.8859,4.8869,5.0735,5.7099,5.3252,6.61405,"low"
"TCGA-44-6779",7.1094,7.0324,6.0693,7.8784,8.3065,9.6995,"high"
"TCGA-97-7938",6.8404,4.2575,5.3953,5.1225,6.357,6.47335,"low"
"TCGA-MP-A4SW",5.7005,6.0862,6.749,5.9333,7.1652,7.97545,"low"
"TCGA-49-AARN",6.0428,5.2876,5.2598,7.104,5.7344,6.68435,"low"
"TCGA-55-8097",4.8188,5.568,5.834,5.6736,6.6421,6.5955,"low"
"TCGA-93-A4JQ",7.2587,7.8336,7.8771,7.7659,8.2865,8.41355,"high"
"TCGA-55-8299",7.3726,7.1969,7.3981,8.885,8.497,10.39685,"low"
"TCGA-4B-A93V",9.3718,6.4289,6.6244,7.3541,6.3629,8.2585,"high"
"TCGA-05-4417",6.3295,6.8501,7.5725,7.2318,8.4713,8.4228,"low"
"TCGA-78-7143",5.9528,5.4015,5.6143,5.4498,6.4332,5.77645,"low"
"TCGA-44-3396",8.2521,7.0335,7.2441,7.1009,7.7356,8.30235,"low"
"TCGA-53-7624",7.1934,5.9856,5.3563,7.7115,6.2246,7.45235,"high"
"TCGA-75-5147",5.9958,5.8921,6.2121,6.3225,7.2728,7.30205,"high"
"TCGA-55-1596",4.4411,4.9356,6.0472,6.4983,6.7251,7.1197,"high"
"TCGA-44-5645",5.8813,6.1496,7.2951,6.8476,8.1807,7.2918,"low"
"TCGA-55-6971",7.2296,8.0355,7.5607,9.1772,9.227,9.6702,"low"
"TCGA-73-7498",4.643,5.9427,5.4704,5.5397,6.3662,6.6139,"low"
"TCGA-49-AARO",6.6872,6.7191,7.852,7.508,7.7436,7.76505,"low"
"TCGA-05-4396",4.6149,4.3186,4.9693,5.0375,5.63,6.2004,"high"
"TCGA-69-8254",6.501,6.2015,6.5811,9.5461,6.4693,7.76395,"low"
"TCGA-J2-A4AG",5.6908,5.7822,7.5621,6.9702,7.821,7.73985,"low"
"TCGA-78-7146",6.8508,7.2217,5.3853,5.8998,6.1325,6.75065,"high"
"TCGA-73-4677",5.1101,5.4139,5.1221,4.9027,6.6379,6.95975,"high"
"TCGA-97-7554",8.9894,5.5553,5.3583,7.0063,6.4926,7.17995,"low"
"TCGA-L9-A443",4.4815,5.3921,6.3452,6.3846,5.8226,7.13365,"low"
"TCGA-55-6987",7.9345,7.5692,7.4314,9.3646,8.3867,10.2771,"high"
"TCGA-78-7220",5.2887,5.2696,3.897,6.2987,6.2012,7.4958,"high"
"TCGA-64-1677",6.8009,6.1502,6.7867,7.5384,7.1841,8.37015,"high"
"TCGA-73-4666",9.4287,7.6705,7.4371,9.1329,8.1585,9.76845,"high"
"TCGA-49-4486",3.2697,4.1929,3.6211,4.3423,4.499,6.04935,"high"
"TCGA-MN-A4N5",7.8239,7.8364,6.675,8.73,7.7173,8.5726,"low"
"TCGA-78-7152",4.5977,6.1233,5.3873,6.3037,7.286,7.95885,"low"
"TCGA-83-5908",10.2316,7.6028,8.6116,9.5597,8.5157,10.7671,"high"
"TCGA-50-6593",6.941,4.1953,5.3494,3.9776,6.0113,5.316,"low"
"TCGA-MP-A4TC",8.37,7.0146,6.8192,8.376,6.8016,8.3174,"high"
"TCGA-78-7542",9.1497,5.1187,5.6219,7.5789,6.8463,7.0926,"high"
"TCGA-55-8615",3.7902,3.5478,3.6741,5.5543,4.8484,5.3016,"high"
"TCGA-55-A493",8.8056,9.0821,7.4027,8.3922,7.9972,8.931,"high"
"TCGA-71-6725",4.4736,0.9532,1.3562,4.5332,1.9291,4.59585,"low"
"TCGA-73-4668",5.7119,5.1868,4.6215,5.4851,5.0859,5.59035,"high"
"TCGA-78-7158",5.1303,3.6092,4.4968,3.8357,5.1131,6.81645,"low"
"TCGA-44-7659",6.1088,4.3528,5.114,5.9608,5.7365,6.48065,"low"
"TCGA-05-5425",6.7611,6.8698,7.4056,7.5078,7.8565,9.1402,"high"
"TCGA-64-1679",6.664,3.7526,4.9625,6.8277,5.3386,4.8896,"low"
"TCGA-55-8506",6.235,6.039,6.039,8.3281,6.349,7.50155,"low"
"TCGA-78-7166",4.6223,5.4081,5.0292,6.1036,6.0069,7.0487,"high"
"TCGA-91-8496",6.7737,4.1729,5.4201,4.4535,5.3397,8.73955,"low"
"TCGA-55-7283",5.5271,5.3958,4.6182,6.3699,5.798,8.0328,"low"
"TCGA-55-A4DG",4.9814,5.7194,6.8966,6.1203,6.8902,7.2081,"low"
"TCGA-44-8119",5.873,5.9486,6.5764,9.5795,6.1756,9.1121,"high"
"TCGA-71-8520",5.9193,4.1489,5.4725,6.0192,5.5122,6.482,"low"
"TCGA-44-A47B",4.3081,6.5637,6.7907,8.4781,6.5431,8.3363,"low"
"TCGA-73-4670",5.5605,3.7334,4.4078,5.2852,4.7236,6.0495,"high"
"TCGA-MP-A4T7",5.0722,5.146,6.4432,6.6538,6.4285,7.16135,"high"
"TCGA-55-8203",6.0988,6.3767,6.7133,8.0259,7.629,8.06685,"low"
"TCGA-64-5774",5.3985,5.3661,5.7887,6.1631,5.6068,6.4503,"low"
"TCGA-50-5933",9.0321,8.6198,5.8617,6.3688,6.6944,7.08415,"high"
"TCGA-50-5946",4.8888,4.1992,4.5555,7.7279,5.7991,5.95125,"low"
"TCGA-50-8460",5.7788,6.724,7.1773,6.782,7.8431,9.26195,"low"
"TCGA-05-4250",8.6625,8.2003,6.5003,7.6649,7.0296,9.01585,"high"
"TCGA-L9-A50W",3.8585,6.4414,5.3625,7.772,5.5241,8.9569,"low"
"TCGA-44-7662",7.1425,6.1882,6.5983,7.681,6.6417,8.40765,"high"
"TCGA-97-A4M6",5.9163,6.8194,6.7719,8.5689,7.518,7.7792,"low"
"TCGA-44-7669",6.544,5.8667,6.3297,8.1392,6.8883,8.194,"high"
"TCGA-78-8640",4.8291,6.2196,5.3462,7.4358,6.2083,7.70005,"high"
"TCGA-50-5931",2.9899,3.1003,2.7402,5.327,5.0802,4.8559,"high"
"TCGA-44-3918",9.4522,7.8729,7.0382,8.984,7.7479,10.29055,"low"
"TCGA-93-7347",6.016,7.3175,7.0813,7.4958,8.6907,8.7582,"low"
"TCGA-38-7271",6.3619,8.3215,7.1521,8.0092,9.3895,9.8242,"low"
"TCGA-55-7724",5.9336,3.7031,6.5107,5.7577,6.7171,8.298,"high"
"TCGA-73-A9RS",6.7949,5.1784,5.8634,6.0475,5.75,6.73365,"high"
"TCGA-49-4494",6.1057,5.6717,5.7114,7.1071,5.6956,8.16215,"high"
"TCGA-49-4512",4.2233,4.1627,5.1218,5.3833,5.3833,5.74865,"low"
"TCGA-62-8395",3.471,4.7484,4.0695,4.9044,5.3545,6.80765,"low"
"TCGA-55-A57B",6.0799,5.1662,6.6451,5.4249,6.328,7.042,"high"
"TCGA-97-A4M5",6.0696,5.5043,5.8877,6.2864,6.2231,8.21445,"high"
"TCGA-67-3774",5.703,5.9316,5.5541,6.6712,6.4571,7.8759,"low"
"TCGA-J2-8192",7.0156,4.7497,6.6722,7.0156,7.1088,7.1157,"high"
"TCGA-78-7535",4.8078,4.1459,2.9546,7.4756,3.499,6.6611,"low"
"TCGA-95-A4VK",5.0105,6.1944,6.3054,6.3142,7.4288,7.2748,"low"
"TCGA-38-4629",8.1602,7.1698,6.0962,8.3024,7.5555,8.8524,"high"
"TCGA-35-5375",6.3183,6.3183,5.8481,8.5888,6.9305,8.56705,"high"
"TCGA-38-4625",10.4492,5.367,4.9472,6.9083,6.1465,7.8438,"high"
"TCGA-91-6836",7.7359,4.7084,5.7293,6.4578,6.7035,7.07095,"high"
"TCGA-73-4675",3.4884,4.4017,5.2662,4.5426,5.6061,5.55615,"high"
"TCGA-62-8394",5.2002,5.761,5.3981,6.3737,6.307,6.44785,"low"
"TCGA-86-7711",5.9727,5.7223,5.0478,7.2251,6.5635,8.0072,"high"
"TCGA-78-7160",6.3195,6.5795,6.4186,7.4471,7.8692,8.5705,"high"
"TCGA-55-6982",6.3435,6.1322,5.8619,7.3671,6.8144,7.307,"high"
"TCGA-55-6712",7.791,7.1468,6.7859,7.5223,8.2044,9.227,"high"
"TCGA-55-7995",7.3116,8.3689,6.4616,10.4291,8.3958,9.4035,"high"
"TCGA-69-A59K",9.6668,6.3169,7.7317,6.755,7.3465,7.2454,"high"
"TCGA-50-5936",5.083,5.6848,4.8098,5.415,6.8367,6.45025,"high"
"TCGA-73-4676",7.4172,4.5338,4.2435,4.4665,4.5338,6.186,"high"
"TCGA-86-6562",6.1863,3.8479,4.224,4.3431,4.9549,6.45105,"low"
"TCGA-35-4122",8.0894,6.4666,6.7753,7.6108,7.3246,9.81975,"high"
"TCGA-80-5611",5.6129,6.3545,6.3146,7.3157,6.7251,7.45635,"high"
"TCGA-93-A4JP",6.4667,3.8983,5.3902,6.1728,5.6291,6.5328,"low"
"TCGA-50-5935",5.5883,5.1958,6.0706,5.7335,6.463,7.3989,"low"
"TCGA-05-4389",6.71,6.9945,7.0503,8.0208,7.232,8.8371,"high"
"TCGA-44-A479",6.8676,8.04,7.8893,9.1768,8.5266,9.5803,"high"
"TCGA-67-4679",6.1614,5.1468,5.4225,5.3018,5.6538,7.18785,"low"
"TCGA-44-8120",5.4742,5.0548,6.3579,4.5328,6.5813,6.2656,"low"
"TCGA-55-8089",7.9199,7.7713,8.3384,9.6472,8.4627,10.87215,"high"
"TCGA-67-3773",6.6089,5.8201,6.8846,6.1682,5.9931,8.43145,"low"
"TCGA-MP-A4TA",5.3572,6.655,6.4569,7.8684,7.1536,8.428,"high"
"TCGA-50-5072",5.5319,5.0183,5.458,5.4428,6.2794,6.16865,"high"
"TCGA-55-8091",8.0089,5.524,6.2484,6.9014,6.9283,7.8683,"high"
"TCGA-97-A4LX",7.8848,8.6247,7.7615,8.206,8.7256,8.6453,"low"
"TCGA-55-6968",6.9145,6.7009,6.5938,9.1076,7.2049,9.00805,"high"
"TCGA-MP-A4TH",5.8164,7.1836,7.2852,7.1927,8.3123,8.2686,"low"
"TCGA-NJ-A4YQ",6.3791,7.9992,7.4503,8.6959,8.5681,9.30035,"low"
"TCGA-44-A4SU",5.4659,6.6381,6.6037,6.9544,7.186,6.52465,"low"
"TCGA-49-4490",3.4978,5.3987,7.6125,5.5214,6.4756,6.8477,"high"
"TCGA-97-A4M3",4.3012,4.4754,5.1455,4.9469,5.166,5.3809,"high"
"TCGA-J2-A4AD",4.569,3.8879,2.7407,5.0477,4.1413,4.8024,"high"
"TCGA-55-7227",7.2963,6.472,7.114,7.1911,7.8352,8.0407,"low"
"TCGA-49-4505",6.553,7.0079,6.5787,7.2638,7.6955,8.71635,"low"
"TCGA-78-7153",2.4056,4.7102,2.836,4.4914,4.6049,7.1352,"low"
"TCGA-50-5944",5.1103,3.3431,3.5068,3.9094,5.2555,5.72535,"low"
"TCGA-97-8172",5.6653,6.9578,6.3893,6.6774,7.7768,8.01875,"low"
"TCGA-97-8171",3.193,1.425,2.3821,3.148,3.0535,6.27345,"low"
"TCGA-69-7761",6.7384,6.884,7.4314,7.7996,8.4849,8.45495,"high"
"TCGA-49-AARR",6.5759,6.7015,5.9357,7.921,6.9178,7.9612,"low"
"TCGA-L4-A4E6",6.2067,5.7506,6.5182,6.2067,6.3805,7.98835,"low"
"TCGA-55-A48Y",4.5272,4.5915,5.8899,5.8246,6.7213,7.13165,"high"
"TCGA-93-7348",4.9718,4.9411,7.0346,7.8466,7.0986,6.82,"low"
"TCGA-91-6847",5.0236,5.1681,2.6967,3.8785,4.5407,6.7454,"low"
"TCGA-55-6980",6.3942,5.9544,7.8999,5.8913,7.4158,7.38735,"low"
"TCGA-86-7953",5.5299,6.8644,6.7503,6.1799,7.0366,7.29345,"high"
"TCGA-86-7714",4.6688,4.237,3.618,4.0034,3.2416,5.13165,"low"
"TCGA-86-8585",5.9461,7.2592,7.1736,8.3647,7.7255,8.4038,"high"
"TCGA-55-8511",8.4893,6.4663,7.078,7.3566,7.9919,7.7307,"high"
"TCGA-55-8092",6.4771,6.9308,6.936,9.0808,8.1128,9.02985,"low"
"TCGA-62-A46U",8.8211,6.9577,7.7656,8.2259,7.5641,8.84675,"high"
"TCGA-55-8208",8.1892,7.4665,7.9025,8.7311,8.5992,9.2229,"high"
"TCGA-64-1676",7.9603,5.008,6.2181,6.645,6.2447,8.2382,"high"
"TCGA-91-A4BD",3.8228,4.9857,6.7775,6.5802,5.6211,7.1786,"low"
"TCGA-78-7145",5.9966,5.0699,4.7648,3.4453,5.589,4.42135,"high"
"TCGA-97-8179",5.2279,4.2365,4.9119,5.6295,5.1977,5.75755,"high"
"TCGA-44-2662",8.6592,5.0109,6.3476,5.9553,6.4812,6.83945,"high"
"TCGA-86-8074",6.3152,5.6935,6.1724,6.5201,6.859,6.35665,"high"
"TCGA-78-7540",4.9147,3.0515,2.6559,4.2145,4.407,7.02145,"high"
"TCGA-05-4426",8.1975,5.7954,5.169,4.6614,5.7244,6.26785,"low"
"TCGA-50-8457",5.7139,6.5441,6.322,7.1331,7.8062,8.12285,"low"
"TCGA-55-6975",3.4671,4.3419,4.3419,5.9192,5.7041,6.7118,"high"
"TCGA-86-8073",4.6473,4.315,5.1859,5.5772,5.8508,6.47635,"high"
"TCGA-86-8076",6.1291,7.2165,6.539,7.9367,7.9974,8.7557,"low"
"TCGA-62-A46P",3.7038,3.9341,4.7314,5.4044,4.4128,6.5763,"low"
"TCGA-J2-A4AE",6.0186,5.6109,7.4638,8.2984,7.1281,7.3252,"low"
"TCGA-67-3770",5.4044,5.4361,6.4813,4.7717,5.0424,8.9279,"low"
"TCGA-55-A490",4.785,4.7325,6.1064,6.6209,5.0649,5.6605,"low"
"TCGA-44-4112",6.2725,4.1913,5.0146,5.1015,5.4585,7.57355,"low"
"TCGA-49-6745",9.7282,6.5826,6.0088,7.1451,7.7499,8.241,"high"
"TCGA-93-A4JN",5.7267,7.075,7.0526,8.6348,7.1985,7.266,"low"
"TCGA-86-8054",5.0137,3.8061,4.7888,4.7357,5.3086,5.74125,"high"
"TCGA-55-A4DF",7.5775,6.4806,7.1869,8.3911,7.3634,8.54785,"high"
"TCGA-75-5146",4.1127,5.467,5.0397,3.9894,6.2368,7.22615,"low"
"TCGA-05-4384",5.0608,4.523,5.0869,4.7364,4.863,6.6874,"high"
"TCGA-55-8207",5.9378,4.9442,6.3766,4.8383,6.2026,7.29075,"low"
"TCGA-69-7760",4.7673,2.0437,4.2565,4.0544,3.9992,4.13445,"high"
"TCGA-49-4510",4.9548,4.5649,4.0006,6.4673,4.8469,7.04355,"low"
"TCGA-64-5815",6.2105,4.91,6.2258,6.4236,6.8541,6.33655,"low"
"TCGA-55-8620",5.8014,6.3569,6.1305,7.9511,7.1924,8.0822,"high"
"TCGA-73-4662",7.3794,6.3471,6.9901,6.1516,7.7085,7.48055,"low"
"TCGA-49-AAR4",6.8706,8.5503,7.4092,9.7243,9.2043,10.3372,"low"
"TCGA-55-7910",4.9369,4.9798,5.351,6.4138,6.4138,6.9275,"high"
"TCGA-55-8621",7.8705,6.6062,5.8659,7.4955,7.2125,9.1459,"low"
"TCGA-55-6981",6.2057,5.3698,5.3073,4.946,5.1734,5.22405,"high"
"TCGA-MP-A4TJ",8.0674,7.9551,8.5399,9.0741,9.1269,10.15095,"low"
"TCGA-50-5942",5.0429,4.7662,4.3348,5.9025,6.1036,6.86055,"low"
"TCGA-05-4434",8.0329,6.8133,6.7112,7.4027,7.537,8.26025,"high"
"TCGA-78-7148",4.6703,5.5948,4.6087,6.5878,6.9647,7.9413,"high"
"TCGA-69-8453",6.5558,6.8337,6.518,7.607,7.2532,8.58955,"high"
"TCGA-97-8176",3.6203,4.699,3.8754,5.2875,4.9964,6.43385,"high"
"TCGA-67-3771",5.8336,6.2951,6.5165,7.3506,7.079,8.26005,"high"
"TCGA-78-8655",5.6733,5.9788,5.4822,6.7468,6.65,7.51375,"low"
"TCGA-95-7948",3.5675,4.0118,3.8567,5.1244,4.7186,6.04265,"low"
"TCGA-78-7161",3.7143,3.6311,3.2404,5.32,4.2201,6.6781,"low"
"TCGA-05-4427",8.1979,4.2603,5.671,6.289,6.6783,7.5008,"low"
"TCGA-97-A4M2",6.478,6.478,6.2321,6.9237,6.9688,8.45535,"low"
"TCGA-50-5068",5.8222,5.8439,6.5313,7.2349,6.7069,9.4996,"low"
"TCGA-44-6148",5.4895,4.5213,4.7681,8.3135,5.7122,6.3692,"low"
"TCGA-78-7536",5.0213,6.1469,5.6551,7.9658,5.6984,7.27435,"high"
"TCGA-50-5044",7.8536,6.8913,6.373,8.3866,6.3551,8.4064,"low"
"TCGA-55-A48X",6.1174,7.262,6.4352,6.9217,7.6678,8.12625,"low"
"TCGA-55-A494",3.2366,8.3819,2.3194,5.5582,2.7581,3.90395,"low"
"TCGA-91-A4BC",5.4187,8.7455,7.7445,10.4757,8.6873,11.073,"low"
"TCGA-55-6986",5.5921,4.9447,3.6585,5.0748,5.5254,6.83755,"low"
"TCGA-44-2657",6.0466,8.5371,7.1762,8.6475,8.4704,9.83415,"low"
"TCGA-49-6767",7.7093,5.8678,6.1095,7.8602,7.3758,8.5255,"high"
"TCGA-67-6216",6.7662,5.9054,6.1405,7.3494,6.8717,7.0851,"low"
"TCGA-50-5930",5.2039,6.4483,6.0167,7.3952,7.3722,7.9785,"high"
"TCGA-97-8552",5.4287,5.7398,6.0093,8.7139,6.4526,7.00075,"low"
"TCGA-95-8039",6.6106,5.4896,7.2002,5.8101,7.7831,7.52185,"low"
"TCGA-55-8204",6.6241,4.9809,5.439,7.5727,5.6694,7.52205,"high"
"TCGA-64-5781",6.1776,7.1676,7.4535,8.6475,7.9688,10.2858,"high"
"TCGA-NJ-A4YI",7.19,5.8762,5.2451,5.5645,4.9006,7.30145,"low"
"TCGA-L9-A444",8.3043,8.6804,7.9835,9.6679,8.9871,10.01925,"low"
"TCGA-MP-A4SV",7.111,7.6207,7.239,8.1948,7.9697,8.7528,"high"
"TCGA-55-8090",7.9441,4.9122,5.5872,6.3046,5.8498,6.43845,"low"
"TCGA-95-7944",7.8804,9.0841,7.6991,10.1929,9.0041,10.58795,"low"
"TCGA-NJ-A4YG",5.6626,4.9282,7.0947,6.4997,6.9806,6.84375,"low"
"TCGA-91-6830",6.3344,5.6886,4.7163,6.5737,6.562,8.4027,"high"
"TCGA-55-8512",5.3976,3.3343,3.4796,6.1609,3.9969,7.2309,"high"
"TCGA-44-6777",7.612,5.9789,6.1383,7.478,7.1495,7.65715,"low"
"TCGA-55-6985",6.8194,6.8755,7.2875,8.2264,7.7494,8.72765,"low"
"TCGA-MP-A4TE",4.4399,3.228,2.4344,5.5076,4.4399,5.6175,"high"
"TCGA-L4-A4E5",6.7295,5.7734,6.1697,6.5866,6.5797,7.23305,"low"
"TCGA-55-6969",6.2712,7.4184,6.6339,8.5755,8.2522,9.15865,"high"
"TCGA-55-7815",6.9098,3.4621,6.2696,5.0472,7.2025,7.41225,"high"
"TCGA-05-4390",5.8054,4.287,5.9011,5.2736,4.9844,5.7217,"high"
"TCGA-78-7537",4.0299,5.1963,4.7943,5.9867,5.6398,6.6698,"low"
"TCGA-55-7284",6.1835,4.6967,5.089,5.4392,5.6775,7.9466,"high"
"TCGA-55-8614",5.0742,5.3657,5.7497,6.6026,6.7781,6.98545,"high"
"TCGA-95-7043",3.2664,3.5818,1.7448,10.1754,4.1261,5.62775,"high"
"TCGA-L9-A8F4",5.8758,7.6949,7.2279,8.2863,8.0608,8.40525,"low"
"TCGA-44-7670",5.438,6.5169,5.2161,6.3133,5.9301,6.7112,"high"
"TCGA-95-7039",6.4142,5.8074,5.2533,7.8957,6.0905,6.85255,"high"
"TCGA-MP-A4TI",8.4408,8.0356,8.5883,9.5739,8.2621,9.6513,"high"
"TCGA-44-2665",7.355,5.0761,6.5323,5.301,6.2197,6.59245,"low"
"TCGA-O1-A52J",5.719,5.652,6.6025,6.8737,6.795,7.68945,"low"
"TCGA-55-5899",5.984,5.9444,6.6907,8.0594,6.7145,8.1478,"high"
"TCGA-55-7728",6.3532,6.6155,7.0007,7.0739,7.0378,7.8457,"low"
"TCGA-99-7458",8.352,6.219,7.3447,7.1125,8.3105,8.6054,"low"
"TCGA-97-A4M0",6.1641,6.7637,7.0436,7.195,7.6299,7.9407,"low"
"TCGA-91-6848",8.9854,6.0514,6.9457,7.8166,7.1969,9.00155,"high"
"TCGA-50-5055",5.0251,7.9999,6.9338,7.7831,8.5207,9.31705,"low"
"TCGA-44-7671",4.3377,3.2004,2.8682,5.1434,3.8312,5.31825,"high"
"TCGA-05-5423",5.6463,5.5138,7.0697,5.8974,7.1085,7.88305,"low"
"TCGA-55-8619",6.0367,7.4809,6.4071,7.4903,7.4233,8.8223,"low"
"TCGA-64-1680",4.8406,4.1851,4.9838,4.9493,4.0614,8.0778,"low"
"TCGA-49-AAR3",8.6717,8.0495,7.4019,9.7654,8.3522,9.50075,"high"
"TCGA-55-8514",5.7864,5.2878,5.6261,7.4791,5.6448,6.9464,"low"
"TCGA-91-8497",6.0559,6.6856,6.7491,6.7491,7.4843,7.3671,"low"
"TCGA-49-AAR9",4.0534,4.9246,3.8388,6.9434,5.7489,6.66595,"high"
"TCGA-44-6774",5.5689,6.2176,5.8733,6.0658,7.075,7.0037,"high"
"TCGA-44-3919",7.4322,6.5447,6.9304,7.5939,7.789,7.90135,"low"
"TCGA-44-6147",4.3696,6.4304,6.9018,7.241,7.6628,6.80905,"low"
"TCGA-55-8301",8.2932,7.6511,7.3193,9.1473,8.4145,10.19285,"low"
"TCGA-95-7562",5.6286,5.9759,5.8468,6.7585,6.7585,6.75955,"high"
"TCGA-55-6983",5.025,6.5694,5.6004,6.4806,7.6662,8.2921,"low"
"TCGA-53-7813",4.7929,4.4971,6.872,7.6242,7.306,8.18135,"low"
"TCGA-MN-A4N1",4.6255,3.6592,4.601,5.1826,3.9581,4.47625,"high"
"TCGA-78-7159",5.1131,5.1359,8.1812,6.2571,6.496,7.3664,"high"
"TCGA-50-6673",4.8033,4.4054,5.4655,5.5017,6.6797,5.71525,"high"
"TCGA-75-7025",5.0672,5.2214,6.2601,6.4405,6.8292,8.92105,"low"
"TCGA-55-7726",5.0419,3.4277,5.7613,5.5589,6.289,5.6464,"high"
"TCGA-L9-A743",7.1705,7.8155,8.8123,8.0875,8.8746,8.20625,"low"
"TCGA-86-8358",4.9154,5.202,5.6072,7.2808,6.5107,7.6809,"high"
"TCGA-55-6972",2.7458,2.1456,2.7458,2.1456,2.9726,6.7156,"low"
"TCGA-55-7727",6.2171,3.4714,6.899,5.7108,7.9689,7.124,"low"
"TCGA-91-6831",6.0064,5.0287,6.1067,7.265,6.3983,7.8792,"high"
"TCGA-MN-A4N4",4.9216,4.9887,3.8045,6.2561,5.5436,6.875,"low"
"TCGA-55-8302",9.0066,6.1452,6.2952,7.4039,6.9406,7.39385,"high"
"TCGA-MP-A4TK",5.4945,6.7938,7.095,6.6012,7.5449,6.96015,"low"
