"T cells","CD8 T cells","Cytotoxic lymphocytes","B lineage","NK cells","Monocytic lineage","Myeloid dendritic cells","Neutrophils","Endothelial cells","Fibroblasts","patient","grp"
7.52619285714286,7.4774,6.17825714285714,7.2902125,3.7470125,10.3081571428571,7.35486,6.89671333333333,8.05997666666667,13.0634375,"TCGA-69-7978","high"
5.25495714285714,5.1769,4.26442857142857,5.146125,1.4476875,8.28978571428572,4.29468,7.50597333333333,8.87256333333333,12.15035,"TCGA-62-8399","low"
7.04199285714286,7.5436,4.97685714285714,5.9360625,2.0801375,8.79597142857143,7.51296,6.28277333333333,7.03264666666667,11.074125,"TCGA-78-7539","low"
6.74847142857143,6.0194,4.49827142857143,5.66345,1.7450875,9.66808571428571,8.4516,7.03331333333333,8.81113,13.3524375,"TCGA-73-4658","low"
6.29792142857143,4.9202,3.87527142857143,6.0829625,1.7793,9.48502857142857,8.13648,6.77566,7.74862666666667,13.5206,"TCGA-44-6775","high"
6.12330714285714,4.8172,3.61938571428571,7.6956375,1.488,8.60811428571428,8.36274,7.48184,8.58929333333333,10.6924,"TCGA-44-2655","high"
6.67335,6.7953,7.10071428571429,6.8281375,2.5054625,9.62615714285714,9.6801,7.46523333333333,8.81410666666667,13.6949125,"TCGA-44-3398","high"
5.06347857142857,3.8216,2.41914285714286,5.35055,0.6279625,7.83861428571429,7.70406,6.08591333333333,7.73454,11.2144625,"TCGA-62-8397","low"
5.16898571428572,5.3758,3.55737142857143,6.7852125,1.864525,7.84377142857143,6.84694,6.44612666666667,6.64044333333333,10.071825,"TCGA-53-A4EZ","high"
6.33164285714286,6.2605,5.02964285714286,6.40415,2.6333375,8.42271428571429,4.5297,6.85232,8.24262,12.324325,"TCGA-50-7109","low"
5.60106428571429,3.834,3.65612857142857,6.6718875,1.6257,8.0471,4.8565,6.19785333333333,8.16980666666667,12.9757125,"TCGA-38-6178","high"
6.0491,5.3272,4.197,6.522975,2.019275,8.80134285714286,6.98864,7.45255333333333,8.33272,10.6065625,"TCGA-86-8056","low"
5.49329285714286,4.7247,3.68177142857143,5.6303875,1.490475,9.10057142857143,5.76528,6.83867333333334,8.03694333333333,11.3140125,"TCGA-55-1592","low"
5.76530714285714,6.0175,5.2141,5.6866375,2.149225,8.88795714285714,5.43116,6.16775333333333,8.03399666666667,11.2485375,"TCGA-86-A4JF","low"
6.22922142857143,5.9017,5.04688571428571,6.950525,3.7168875,9.85088571428571,7.03078,6.90310666666667,8.48483333333333,11.9439125,"TCGA-69-7974","low"
6.33222857142857,5.0417,4.41238571428571,5.2728625,1.2864375,9.38752857142857,5.1937,6.43960666666667,8.21121333333333,11.3295875,"TCGA-86-A456","high"
5.62172857142857,3.1144,2.5657,3.194425,1.2629125,8.70171428571429,7.5966,5.88517333333333,7.61643333333333,13.3511125,"TCGA-97-8547","low"
6.73156428571428,6.4741,4.67764285714286,6.803675,2.1620625,8.68474285714286,5.3572,6.18584666666667,8.32599666666667,12.740425,"TCGA-55-1595","low"
5.95642142857143,6.1727,5.207,5.259,2.8806,8.76335714285714,5.18308,6.44080666666667,8.29223666666667,13.330175,"TCGA-NJ-A4YP","low"
6.37208571428572,6.639,4.03774285714286,5.2362375,1.4767875,9.31242857142857,5.40434,6.58412666666667,8.79481,12.0079375,"TCGA-05-4424","high"
7.27904285714286,6.0974,4.41124285714286,7.7033,2.1784625,9.32887142857143,8.93486,7.31809333333333,8.65846666666667,12.0000625,"TCGA-97-A4M7","low"
6.6981,6.9458,5.82728571428571,6.0040875,3.2817,9.4903,6.40694,7.19970666666667,7.62581666666667,13.7502875,"TCGA-44-2668","high"
7.20234285714286,6.2514,4.41998571428571,9.0526625,1.887775,8.4714,7.89132,6.81938666666667,8.47358666666667,12.236825,"TCGA-NJ-A55A","low"
7.8005,8.2242,6.60972857142857,7.5878625,2.913875,10.7707285714286,7.62104,7.45064,7.19126666666666,11.89345,"TCGA-05-5420","high"
5.88616428571429,9.3607,4.97071428571429,6.5918125,2.0579125,8.63242857142857,4.87918,6.87177333333333,7.51149666666666,11.2556,"TCGA-55-1594","high"
6.84023571428571,7.4772,5.353,7.159975,2.5532625,8.9478,6.44638,6.74322,8.58336333333333,12.2943625,"TCGA-44-2659","low"
6.46210714285714,6.531,5.20775714285714,7.4918875,3.1349375,8.70487142857143,7.35822,6.74312666666667,9.85894333333334,11.2581125,"TCGA-78-7162","high"
6.58247857142857,6.8351,4.96371428571429,5.750825,1.7669875,9.4386,7.95226,6.42161333333333,7.01793,12.121,"TCGA-38-4632","high"
6.42106428571429,6.1725,4.77387142857143,7.44535,3.1024625,8.83498571428571,5.4089,5.72352,7.34756,12.099975,"TCGA-49-6761","low"
6.52597857142857,6.2935,4.7066,6.607875,2.7123875,9.54327142857143,6.86144,7.58151333333333,8.62647333333334,11.7632,"TCGA-91-6828","low"
6.73918571428571,7.0798,5.43477142857143,7.1162625,2.730775,9.5932,4.6542,7.27275333333333,7.05,11.9978375,"TCGA-05-4418","high"
7.70007142857143,7.7068,6.83012857142857,9.3532,4.1403625,9.17431428571429,8.09588,6.92914,10.2361066666667,12.097375,"TCGA-99-AA5R","low"
6.11367142857143,6.0825,5.6607,5.7904,3.5030375,8.5369,6.34894,5.92138,7.64614666666667,10.797175,"TCGA-55-7903","low"
5.25590714285714,4.8771,3.26208571428571,4.7484625,2.1417125,7.89897142857143,5.52552,7.39218,8.38378666666667,9.968,"TCGA-55-A492","high"
5.87413571428571,5.9026,3.10552857142857,7.80735,1.3112875,7.43907142857143,5.40554,6.21045333333333,7.64809333333333,11.4543125,"TCGA-55-8616","low"
6.95199285714286,7.1769,4.8023,6.193775,2.52975,9.94315714285714,6.49708,6.49908666666667,8.06419,11.67455,"TCGA-86-7954","high"
6.41632857142857,6.2828,4.81204285714286,6.270375,2.1917875,9.25444285714286,6.09102,7.34902,8.12068666666667,9.8898125,"TCGA-05-4433","high"
5.45224285714286,4.7851,4.19685714285714,7.2856375,1.9332,7.70718571428571,6.77846,7.55696,8.24852666666667,10.9525375,"TCGA-69-8253","high"
4.38460714285714,3.8,2.99744285714286,4.5431625,1.3288875,7.33491428571428,4.40708,6.52908,7.33012666666667,11.0235625,"TCGA-86-8674","high"
6.14683571428572,5.5021,4.73105714285714,7.4628875,1.9012,9.0409,7.71766,6.59944666666667,8.61835,13.7189625,"TCGA-69-7765","low"
6.75519285714286,7.2747,5.40704285714286,5.180725,2.1561,9.47958571428572,4.93538,5.89594,6.98971,13.0886,"TCGA-86-8672","high"
6.61565714285714,5.4534,4.16952857142857,7.1848375,1.2859125,8.3269,6.22428,6.73558666666667,7.41849666666667,10.099025,"TCGA-MP-A4T6","low"
5.89604285714286,5.0423,2.77165714285714,7.301675,2.1782625,7.85357142857143,5.80576,6.07580666666667,7.70248,11.6357375,"TCGA-97-7547","low"
7.26865,7.1935,6.13992857142857,6.57205,2.67905,9.39021428571429,5.1442,6.5227,7.77755666666667,11.2263125,"TCGA-55-7911","low"
7.88299285714286,8.3864,5.97605714285714,9.43785,2.9463875,10.1649571428571,7.72436,7.36402,8.42358333333333,12.14815,"TCGA-91-6835","low"
6.49713571428571,6.4028,4.43228571428571,5.8892,1.8382125,8.58682857142857,6.53754,5.47194666666667,7.56269,13.1158875,"TCGA-55-A48Z","low"
7.75436428571428,7.7513,5.75568571428571,8.8670875,2.7286125,9.91518571428571,8.95634,6.59431333333333,8.77296,13.3392125,"TCGA-50-5045","low"
4.89330714285714,4.4748,3.58878571428571,5.1320625,1.36925,8.30554285714286,5.59608,6.68610666666667,6.86714666666667,9.9934625,"TCGA-55-7913","high"
5.64817857142857,4.1113,3.59404285714286,6.43095,1.4899625,9.11657142857143,5.60504,5.95274,8.24277666666667,13.4937875,"TCGA-86-8075","high"
6.75427142857143,6.1509,4.6475,7.730125,1.972825,9.46205714285714,8.1221,6.7712,8.53779,13.0299125,"TCGA-97-8177","low"
6.82165,6.8376,5.0643,6.41335,2.1229375,9.03252857142857,5.37082,6.15965333333333,7.42408333333333,12.0162875,"TCGA-55-7907","low"
5.31992857142857,4.6434,3.99478571428571,5.155225,2.190975,8.46845714285714,4.37446,6.16726,8.09694333333333,12.007675,"TCGA-44-8117","low"
6.57197857142857,5.2556,3.89301428571429,7.529625,1.5533,8.78617142857143,7.42764,6.42016,8.91242,12.4743125,"TCGA-86-8668","low"
6.98002857142857,6.9068,5.36407142857143,6.954125,3.3185375,9.90298571428572,6.52944,6.68972,8.23823333333333,11.698,"TCGA-78-8660","high"
5.03859285714286,5.9824,6.54321428571429,3.484125,2.70085,7.9852,2.59168,7.03892,6.97408333333333,9.6327375,"TCGA-05-4415","high"
6.15148571428571,3.833,3.74752857142857,8.8937625,1.46565,9.09964285714286,9.45636,6.78,8.51568666666667,11.071725,"TCGA-75-6212","low"
4.61925714285714,3.2006,2.95342857142857,4.1238375,1.7051875,8.7007,6.89618,6.73567333333333,7.71872,9.303675,"TCGA-67-6215","low"
6.33801428571429,6.1789,4.79804285714286,6.135975,2.29015,9.44958571428571,8.15578,7.25205333333333,9.00371333333333,13.5777375,"TCGA-05-4430","high"
3.8593,4.4515,3.66088571428571,4.1029125,1.7388875,7.25762857142857,3.78354,7.34077333333333,8.15786,10.44015,"TCGA-49-6742","high"
5.79747142857143,5.762,3.83597142857143,5.516125,1.4375,9.5255,6.2125,6.68736,9.16263,14.90105,"TCGA-38-4627","high"
4.75673571428571,4.0327,3.48908571428571,3.21035,2.1369625,7.91495714285715,3.92856,6.23542,6.97923,12.3927625,"TCGA-69-7979","high"
5.59097142857143,8.1499,3.90927142857143,6.6196125,3.1082625,7.81848571428571,4.3567,6.95946,8.67911333333333,12.3331375,"TCGA-69-7973","high"
7.46182857142857,8.6894,5.40397142857143,6.909525,2.4325,9.09097142857143,7.49658,5.5215,7.42064,11.71645,"TCGA-73-7499","high"
6.95652857142857,5.3181,3.30938571428571,5.56195,1.2830875,9.40217142857143,9.48108,6.15396,7.34335666666667,10.7201625,"TCGA-44-A47A","low"
4.59097142857143,4.5135,2.61965714285714,3.6621,1.14695,6.80218571428571,3.9236,5.00346,7.52061,10.76345,"TCGA-78-8662","high"
6.88275714285714,7.0501,5.73664285714286,7.8325,3.0293375,9.32598571428572,6.1048,6.65785333333333,7.63037333333333,11.0956875,"TCGA-55-8085","high"
5.16043571428571,4.0646,3.11598571428571,4.107,1.7272375,9.0059,5.95972,6.38744666666667,8.43685333333333,11.58075,"TCGA-75-6206","low"
4.1671,3.4562,3.47604285714286,4.359875,1.1502625,7.96,4.64414,6.7349,7.81446666666667,10.0218375,"TCGA-50-5932","high"
5.26768571428571,2.5679,3.81765714285714,4.16615,2.4856625,7.82092857142857,5.71622,5.54658,6.45385333333333,11.985775,"TCGA-50-6594","high"
5.90599285714286,8.3173,4.63242857142857,5.211425,4.0953625,7.89634285714286,5.75436,5.90658666666667,5.99249,10.1478,"TCGA-49-AARQ","high"
7.86203571428572,7.4168,5.79058571428571,9.813925,3.1300625,9.14424285714286,6.253,6.4724,9.28662,13.3716375,"TCGA-55-7574","low"
7.37584285714286,9.6245,6.1994,7.5232125,3.1968,10.0182,6.37614,6.2388,7.74173,12.9507375,"TCGA-50-5066","high"
6.77425,6.936,5.94868571428571,8.1720125,2.746875,9.26735714285714,5.98228,6.68346666666667,9.53684,12.038325,"TCGA-86-A4P7","low"
7.18040714285714,6.3433,4.0108,8.2422875,2.0742125,7.78144285714286,4.30168,6.18240666666667,8.40155666666667,13.0353,"TCGA-64-5779","low"
5.88473571428572,5.8751,4.63627142857143,7.5400625,1.5073375,9.21734285714286,5.12904,6.22884,8.61846333333333,12.9964,"TCGA-55-8096","low"
5.68261428571429,4.356,4.15395714285714,5.4274375,1.7057,9.29492857142857,8.60252,7.10917333333333,7.78690333333333,10.7614375,"TCGA-97-8175","low"
7.05579285714286,6.9211,6.03364285714286,4.923575,4.5417125,9.89474285714286,6.45108,5.91108666666667,7.26383666666667,13.184075,"TCGA-44-A4SS","high"
7.23125714285714,6.8774,5.2891,7.490775,2.525525,9.43018571428571,6.60168,7.00537333333333,8.65528666666667,11.60695,"TCGA-91-7771","low"
6.07127142857143,4.8321,4.76491428571429,6.497475,1.7454125,8.69965714285714,6.68198,7.24188666666667,7.38695666666667,12.660175,"TCGA-86-8278","low"
5.65597857142857,3.9032,1.91597142857143,3.50595,0.934025,8.12831428571429,7.88274,6.5623,7.12859,11.2721375,"TCGA-55-8087","low"
5.05652142857143,2.6914,3.27228571428571,4.0836375,1.5749,8.48522857142857,3.34412,6.54874,7.66655666666667,12.6462125,"TCGA-MP-A4T8","high"
5.51552857142857,5.7672,4.74072857142857,3.7077,2.8324,9.19527142857143,3.05962,7.66054,7.71245333333334,11.1541,"TCGA-L9-A5IP","high"
7.43599285714286,7.7544,5.18798571428571,7.4570125,3.0494625,10.3655,6.99034,6.00806,8.27972666666667,12.567225,"TCGA-55-6979","low"
6.72633571428571,6.6021,5.43877142857143,6.150675,2.8516375,8.94274285714286,5.72072,5.97874666666667,7.87301,11.800125,"TCGA-69-7980","low"
6.22569285714286,6.7308,4.60711428571429,5.9996125,1.41365,8.66447142857143,7.31772,6.37505333333333,7.5045,11.188875,"TCGA-62-A472","low"
6.69567857142857,8.2868,6.78342857142857,5.3652,4.916675,9.18461428571429,4.80364,6.58622666666667,7.00604666666667,11.51205,"TCGA-49-4507","high"
6.48307142857143,7.1285,5.28377142857143,6.863425,3.663825,8.4948,3.9695,6.79323333333333,8.39405,14.0993,"TCGA-55-6642","low"
7.50664285714286,6.4145,5.8563,8.5584125,3.5788625,8.91551428571429,6.37644,7.02582,8.22514,12.372725,"TCGA-86-7701","high"
6.61489285714286,7.2721,4.43582857142857,6.831875,1.5538625,8.94095714285714,7.26646,6.5539,7.03952,11.565025,"TCGA-62-A46R","low"
4.7046,2.576,1.70354285714286,3.1472,0.9781875,8.56177142857143,7.31994,6.03648666666667,7.69642333333333,12.406075,"TCGA-62-A46V","low"
4.79224285714286,4.5858,3.48467142857143,3.7269375,1.7031625,6.67844285714286,4.85084,7.10199333333333,8.11928333333334,10.20825,"TCGA-44-6146","low"
6.55359285714286,6.53,4.11734285714286,8.078275,1.8016,8.47607142857143,7.67856,6.12058,8.2432,12.684875,"TCGA-49-4501","low"
6.38175,6.6997,3.89207142857143,7.3166,2.0024875,8.25487142857143,5.15388,5.77478666666667,7.84133333333333,12.0704625,"TCGA-55-7914","low"
5.02951428571428,4.6099,3.53014285714286,5.177375,2.1126,9.5442,5.549,7.93588666666667,8.84669666666667,12.6724375,"TCGA-73-4659","high"
6.37757142857143,5.4544,3.77768571428571,6.7655375,1.9562625,8.35995714285714,7.1237,6.61336,7.85586333333333,10.4451625,"TCGA-86-8669","high"
6.67115,6.1996,4.08587142857143,8.5406625,1.504325,8.42827142857143,6.82452,6.2583,7.37624333333333,11.2690375,"TCGA-49-AAQV","high"
4.58557857142857,4.7504,4.3495,5.465475,2.0076375,7.10121428571429,4.68358,6.84558,9.46587,11.187725,"TCGA-78-7149","low"
5.85338571428571,5.1928,3.95248571428571,6.6112,1.111825,9.05787142857143,5.49882,6.20752666666667,8.27442666666667,13.7421625,"TCGA-86-8055","high"
4.54000714285714,5.4201,3.93298571428571,5.38915,1.946125,9.07348571428571,4.67946,5.72244666666667,8.54263666666667,14.4259125,"TCGA-91-6829","high"
4.69484285714286,5.3835,3.96515714285714,5.2235375,1.2127125,6.10708571428571,4.61246,5.75803333333333,5.84477,7.5822,"TCGA-78-7163","low"
5.8463,5.0236,3.84058571428571,5.1452625,1.8760375,9.18292857142857,6.43332,7.96150666666667,8.13954,12.2416375,"TCGA-62-8398","high"
7.31957857142857,6.4833,5.3738,8.854175,3.104475,9.45427142857143,7.78572,7.50580666666667,8.63333333333333,12.0111375,"TCGA-38-A44F","low"
5.17147142857143,6.6193,4.76424285714286,4.9984625,1.4869,8.1522,3.1517,7.57241333333333,6.07829333333333,11.2472625,"TCGA-38-4631","high"
5.12515,4.6081,3.68357142857143,5.7574625,2.555125,7.70528571428571,4.79024,5.11652,7.52174666666667,10.0109875,"TCGA-L9-A7SV","high"
6.70787142857143,5.856,3.85008571428571,7.0833,2.7116375,8.5673,4.99692,7.15122666666667,7.26442,10.7825875,"TCGA-49-AAR2","high"
4.8569,3.3351,2.89401428571429,4.733475,1.468175,8.794,6.35106,6.33227333333333,6.97388333333333,13.204025,"TCGA-MP-A4SY","high"
6.51043571428571,7.1734,4.73144285714286,7.436875,2.424475,8.9114,5.21738,7.42256,8.12516,12.181175,"TCGA-05-4432","high"
6.3732,5.8949,4.6914,6.692375,2.080575,9.66495714285714,7.20914,6.44980666666667,7.53170666666667,12.34725,"TCGA-05-4398","high"
7.84062857142857,7.2176,6.3818,8.578625,3.822925,10.4618428571429,6.8546,7.60762666666667,9.56634666666667,11.0568125,"TCGA-44-6778","high"
6.99660714285714,7.0373,5.28974285714286,6.8273625,2.2332875,9.9463,8.03024,7.26436666666667,8.56197333333333,12.744825,"TCGA-55-8510","high"
6.39030714285714,5.0884,3.66728571428571,8.3001875,2.264325,8.78994285714286,6.12872,6.98616666666667,8.25627,13.6736,"TCGA-MP-A4TD","high"
7.16827857142857,7.9661,5.77368571428571,7.2524625,3.099775,10.4524,6.73546,6.43914666666667,7.96693666666667,12.079175,"TCGA-55-8205","high"
6.82692142857143,5.3303,4.30687142857143,8.6866375,2.0626625,8.67001428571428,8.24758,7.08817333333333,8.15992,11.54905,"TCGA-55-7573","low"
7.5344,7.7062,6.61721428571429,7.275975,3.4389875,9.67058571428571,6.5364,6.0702,7.58586333333333,13.0222625,"TCGA-MP-A4T4","high"
6.18287142857143,5.4061,4.5022,6.8258375,1.9975,8.46982857142857,6.41766,7.40327333333333,8.87875333333334,11.6052375,"TCGA-97-7941","high"
6.91531428571429,7.7964,6.78625714285714,6.95635,3.179675,9.82588571428572,6.49148,6.14258666666667,6.94175333333333,10.47645,"TCGA-55-7994","high"
4.51780714285714,6.2716,3.22995714285714,4.74675,1.5700625,7.94344285714286,4.7014,7.94082,7.64055,12.054,"TCGA-05-4420","high"
2.08560714285714,4.1478,1.04037142857143,2.435275,0.8627125,5.32595714285714,2.37716,4.34705333333333,7.33929333333333,10.8363125,"TCGA-50-6591","high"
5.71184285714286,5.963,3.64651428571429,5.1233375,1.70325,8.00477142857143,5.92178,4.73046,6.91931333333333,12.5939,"TCGA-38-4630","high"
6.00020714285714,5.5247,4.8225,6.7535875,3.4282875,9.15631428571429,4.19318,6.92836,7.95286333333333,12.8283375,"TCGA-49-6743","high"
6.61972142857143,4.6222,3.22177142857143,6.4107125,1.4649375,9.4044,8.52872,7.62818666666667,8.16890666666667,11.03735,"TCGA-55-8206","low"
4.35934285714286,2.4763,3.83757142857143,4.1600875,2.6097625,6.69168571428571,5.72842,7.03162,7.96215333333333,9.686725,"TCGA-MP-A5C7","high"
6.0804,5.7373,4.615,7.2835,2.899725,8.2984,4.96334,6.50049333333333,7.13786333333333,12.497225,"TCGA-49-AARE","high"
3.85452857142857,3.4908,3.27458571428571,5.1575875,1.5734,6.27938571428571,2.58866,5.52522,6.43728333333334,9.7803,"TCGA-86-7955","high"
7.26345,7.25,5.47817142857143,7.4743625,3.10525,9.25767142857143,8.4256,6.85145333333333,8.75600333333333,13.1202625,"TCGA-49-6744","low"
6.83288571428572,7.5662,5.76768571428571,6.6327,3.422825,9.65857142857143,7.73096,6.66310666666667,8.29894,11.6757625,"TCGA-95-A4VN","low"
6.1311,6.0867,3.81811428571429,6.601875,1.470225,8.9005,7.37778,6.54441333333333,8.03020666666667,11.9283375,"TCGA-55-7576","high"
7.37404285714286,7.0709,6.05032857142857,8.2618625,3.69875,9.30672857142857,8.08652,7.56316666666667,9.01159666666667,11.84125,"TCGA-53-7626","low"
6.76477142857143,6.3649,4.81291428571429,7.5886625,2.423375,8.42847142857143,6.99268,6.81413333333333,8.43582666666667,11.680475,"TCGA-97-7546","low"
7.33234285714286,6.5048,5.31941428571429,8.78645,3.1120875,9.39858571428572,6.94366,6.17452,8.15338666666667,13.5309125,"TCGA-44-7672","high"
2.85373571428571,4.0045,3.88764285714286,4.50145,1.7050875,6.65647142857143,2.19844,6.56547333333333,6.42524,9.6797125,"TCGA-62-A46O","high"
5.48189285714286,4.5197,3.38294285714286,7.5730875,2.1119875,7.37901428571429,4.78008,7.21775333333333,8.06952,11.2999,"TCGA-55-6984","high"
6.75334285714286,5.4039,4.86234285714286,6.746825,2.6753875,9.03008571428571,6.87678,6.70278666666667,9.46606333333333,12.0183,"TCGA-97-8174","low"
7.62955,9.989,7.13204285714286,6.25685,2.743725,9.40368571428571,7.3209,5.4368,6.66648,13.036125,"TCGA-35-4123","high"
7.2812,7.3219,5.6607,8.1325625,3.161975,9.51844285714286,7.72324,6.98180666666667,8.47320333333333,11.904525,"TCGA-93-A4JO","low"
4.49009285714286,3.1756,2.61255714285714,4.8080125,1.31625,8.04578571428571,4.59058,5.67646666666667,6.91740666666667,11.5117375,"TCGA-97-7937","low"
6.90599285714286,6.6569,3.66814285714286,7.3147625,1.11495,7.57574285714286,8.19516,5.92302,6.82871333333333,10.1507375,"TCGA-50-6597","low"
6.4362,7.1219,6.10808571428572,5.4964625,3.8143375,9.27957142857143,5.137,7.34205333333333,7.50696666666667,12.135475,"TCGA-99-8033","high"
5.34491428571428,8.7821,4.02101428571429,5.0322375,1.252575,7.57172857142857,3.29368,5.71505333333333,6.92838333333333,11.607125,"TCGA-55-7570","high"
5.73137142857143,5.735,4.62985714285714,4.60345,3.2064,10.4579428571429,5.95996,8.11294666666667,9.96663,12.823,"TCGA-38-4626","low"
6.0962,6.1286,4.39272857142857,6.7789,1.6539375,8.08692857142857,5.69812,6.43445333333333,8.34979333333333,10.8615875,"TCGA-69-7764","low"
4.76941428571429,4.5633,2.88025714285714,6.0171875,1.6413625,8.88171428571429,5.84898,6.01036,8.20653333333334,12.1429,"TCGA-05-5715","low"
6.68775,6.9958,5.27081428571429,7.5908,2.580075,10.0774,5.70222,4.95390666666667,7.09747666666667,12.27545,"TCGA-50-6590","high"
5.01102142857143,4.4701,3.18254285714286,4.4953875,2.1045625,8.15292857142857,3.32256,6.46190666666667,7.83915,10.235225,"TCGA-86-7713","low"
7.79614285714286,6.585,5.00405714285714,9.3004625,2.5673375,8.88201428571429,8.4259,6.80598,8.61498,12.4038125,"TCGA-S2-AA1A","low"
5.09285,4.7579,4.0603,4.88445,2.061425,8.79567142857143,4.25428,6.94912666666667,7.81095666666667,13.2634125,"TCGA-75-7027","high"
8.20673571428572,9.2025,6.39494285714286,8.629625,2.9263125,10.3544571428571,7.79586,5.72283333333333,8.55512333333333,13.3552,"TCGA-50-5049","low"
4.42756428571429,3.6084,2.87158571428571,4.807625,1.599425,8.27412857142857,3.29114,7.20514666666667,7.94497,13.181275,"TCGA-55-8505","high"
6.95344285714286,5.9767,4.2371,7.931325,1.9051875,8.94347142857143,6.74624,7.08302,8.68297,11.759275,"TCGA-49-AAR0","high"
6.31502857142857,5.6775,4.6171,6.3345875,2.1052875,8.82705714285714,6.35428,6.37021333333333,9.17692666666667,12.3648375,"TCGA-MP-A4T9","low"
6.56328571428571,6.0065,4.29907142857143,6.28535,1.638025,8.78204285714286,5.3724,5.26104,7.52847,11.8302,"TCGA-95-7567","low"
6.94143571428572,8.2226,5.85311428571429,7.4232625,3.0515375,9.43842857142857,6.90244,6.26229333333333,7.33205,9.5597625,"TCGA-05-4422","high"
5.77846428571429,6.4368,4.73107142857143,5.1110125,2.21275,8.35088571428571,4.80024,6.62778666666667,7.47794666666667,12.284225,"TCGA-86-8673","low"
5.09406428571428,4.3185,3.85795714285714,4.7424875,1.359425,8.89191428571429,4.69684,7.69065333333333,7.90168,11.2413,"TCGA-55-6543","low"
4.55186428571429,2.8897,3.2379,4.95675,1.4340375,6.3967,6.20186,6.32511333333333,7.06514,9.6622125,"TCGA-NJ-A7XG","low"
7.40048571428572,6.2036,4.80428571428571,7.80585,1.8658625,9.2065,8.0776,6.72202,8.80112666666667,12.590025,"TCGA-86-8280","low"
8.32526428571428,8.1841,6.63388571428571,8.0044875,3.0478875,10.3197857142857,6.60698,6.34173333333333,8.65949666666667,13.6071625,"TCGA-99-8028","low"
6.99416428571429,6.5131,4.64261428571429,7.765575,2.670725,8.68251428571429,6.81568,6.84196,7.90231666666667,8.3906125,"TCGA-55-7725","low"
7.6403,8.8641,6.40798571428571,7.8763,2.64765,8.85591428571429,5.94416,5.79734666666667,6.96327,10.826025,"TCGA-64-5778","low"
8.57577142857143,8.2742,6.60402857142857,9.650975,3.3878,10.0171142857143,8.52206,6.7232,9.01302666666667,13.111875,"TCGA-86-8671","low"
5.87167142857143,5.3291,4.10922857142857,5.6178625,1.9489125,9.224,6.32132,6.96375333333333,8.08009666666667,11.852475,"TCGA-05-4403","high"
5.81117142857143,4.7234,3.83925714285714,5.8956,2.2986,8.41551428571429,4.58416,7.08308,9.14079333333333,12.7633125,"TCGA-69-7763","low"
6.54331428571429,9.1142,5.74921428571429,6.467025,2.329125,9.1976,6.7553,6.56788,7.34463,11.7399,"TCGA-49-4506","high"
5.8747,5.9471,4.49568571428571,4.280775,2.287325,8.38731428571429,7.28316,6.89852666666667,9.05197333333333,10.6758125,"TCGA-97-A4M1","low"
7.11122142857143,8.1534,6.22808571428571,5.030025,3.6111,8.44582857142857,5.16998,7.57208,7.14953333333333,11.7467,"TCGA-86-8359","low"
5.25762142857143,5.2267,3.90925714285714,6.8461875,1.578875,9.09588571428572,6.15018,5.99392,8.29168,13.15915,"TCGA-05-4405","low"
4.98412857142857,4.8122,3.2875,4.79985,1.2381875,8.49698571428572,4.72228,6.97378,8.16473,9.9303375,"TCGA-62-A470","high"
7.48731428571428,7.1972,5.33391428571429,9.307225,2.33625,8.83272857142857,6.11358,5.75766666666667,8.11312666666667,12.93035,"TCGA-49-4487","high"
7.08567857142857,7.791,6.75125714285714,8.3045625,4.4190875,9.91652857142857,4.73654,7.86763333333333,7.96124666666667,13.1594625,"TCGA-44-6145","high"
6.13925,5.4827,4.74575714285714,5.1262375,2.01405,9.04725714285714,4.07104,5.38624,8.07905333333333,11.2536625,"TCGA-91-8499","low"
4.66271428571429,3.781,3.37238571428571,3.123375,1.0186,8.25291428571429,7.79474,5.55799333333333,6.70991,11.347425,"TCGA-95-8494","high"
5.97380714285714,3.6514,3.12241428571429,6.78785,1.372925,8.57447142857143,8.65658,6.19515333333333,8.57753666666667,11.8253125,"TCGA-64-1681","high"
5.88462142857143,7.6055,3.89814285714286,7.440975,2.2012375,9.56854285714286,4.74538,6.07070666666667,7.44656666666667,12.1186625,"TCGA-55-A491","low"
5.06961428571428,5.3283,3.03131428571429,3.5308,1.5261,7.59252857142857,4.44904,6.78604,6.81454333333333,11.094075,"TCGA-75-6214","high"
7.86668571428571,7.4793,6.73142857142857,7.9411125,5.3809625,9.7636,5.96508,5.81076666666667,7.77903333333333,12.19705,"TCGA-86-6851","low"
6.00781428571428,5.9584,4.6958,8.2518375,1.874725,8.88102857142857,6.9322,7.02006,7.73684666666667,11.2668125,"TCGA-91-6849","high"
7.06519285714286,9.1931,4.73608571428571,5.016025,2.139825,9.09094285714286,4.97022,6.42277333333333,6.86664,10.0615625,"TCGA-62-8402","high"
4.64980714285714,4.3855,4.19911428571429,4.13405,1.9982875,7.1482,4.65588,6.98131333333333,8.58205,8.959825,"TCGA-78-7156","high"
7.46634285714286,7.4803,5.3801,8.31745,3.464875,9.7427,7.4046,6.72235333333333,8.38359666666667,12.372325,"TCGA-50-5941","low"
6.37367857142857,6.1121,4.96057142857143,6.3799625,1.724825,9.21421428571429,7.75314,7.03360666666667,8.11921666666667,10.571825,"TCGA-62-A46Y","low"
6.01125714285714,7.9729,4.36871428571429,6.1399375,2.0232,8.80581428571429,3.49048,6.14253333333333,6.81049666666667,11.665175,"TCGA-44-7660","high"
4.69596428571429,5.467,4.37947142857143,5.529425,2.680575,7.83527142857143,3.97228,7.01951333333333,6.89437666666667,11.2335625,"TCGA-MP-A4TF","high"
6.01428571428572,4.8812,3.50634285714286,6.8960125,1.3809125,9.05617142857143,6.3947,6.4678,7.6932,12.2616,"TCGA-05-4402","high"
4.92481428571428,5.5078,4.86055714285714,5.2608375,2.598275,7.56502857142857,2.99146,7.38466,6.91316666666667,10.5546125,"TCGA-62-A471","high"
6.17125714285714,4.5848,4.41277142857143,8.0556625,2.5115625,10.2047285714286,7.88264,7.67764666666667,8.9046,11.4451375,"TCGA-55-8513","low"
5.12276428571429,5.2351,3.86991428571429,4.45465,2.1347375,8.8487,4.74566,6.08082666666667,6.77317,10.3641875,"TCGA-05-4397","high"
4.72435,5.5191,2.59324285714286,4.9615,0.4227625,7.24952857142857,4.71732,6.29050666666667,7.20371666666667,12.4917125,"TCGA-05-5429","high"
5.01692142857143,4.7942,3.45058571428571,4.8769125,1.3834125,7.48041428571428,4.97114,6.91854,7.89691,11.0822875,"TCGA-78-7167","low"
6.70152857142857,5.9539,4.15502857142857,8.102675,2.1875,9.65405714285714,7.91624,6.49026,8.25949666666667,14.91505,"TCGA-50-8459","low"
5.10643571428571,3.93,4.63537142857143,5.083675,2.5889625,8.56324285714286,6.21668,6.83461333333333,7.84013333333334,11.652825,"TCGA-93-8067","high"
4.84440714285714,5.0894,3.46322857142857,4.9050875,1.452475,7.0681,6.41932,6.94584666666667,8.51317666666666,10.224975,"TCGA-44-6776","high"
5.07987142857143,3.5009,3.28958571428571,4.2495125,4.5798875,7.94561428571429,2.87596,5.26124,7.41202666666667,11.8229375,"TCGA-44-7667","high"
5.18628571428571,5.9636,4.00711428571429,6.2841875,1.841475,8.83905714285714,6.639,7.09413333333333,7.98046333333333,10.609175,"TCGA-35-3615","high"
7.8079,7.2893,6.52121428571429,6.3294375,4.23355,9.98741428571429,7.45832,7.27081333333333,9.98464666666667,10.8357125,"TCGA-86-A4P8","low"
4.93418571428572,5.4716,3.57348571428571,6.1249125,0.9713125,7.35497142857143,6.40688,6.82352666666667,8.24171666666667,10.810225,"TCGA-44-2666","low"
6.61862857142857,5.9637,5.56208571428571,6.616375,2.4091375,8.0193,6.6415,5.56606,6.45207333333333,10.366675,"TCGA-44-5643","high"
7.95578571428571,8.3259,5.89247142857143,8.372225,2.675325,10.1141,9.3302,7.3347,8.08372333333333,12.357875,"TCGA-44-2661","low"
7.06385,8.1381,6.24631428571429,7.320575,3.0384875,9.34835714285714,4.54872,7.0562,7.08879666666667,10.1860375,"TCGA-69-8255","high"
6.15051428571429,7.1,4.54011428571429,7.389275,2.5743,8.44245714285714,4.64774,6.04828,7.60614333333334,10.740775,"TCGA-49-4514","high"
5.20881428571429,4.7006,4.34838571428571,4.7868,1.9746375,8.31502857142857,5.1952,6.57527333333333,8.19044666666667,11.3690125,"TCGA-78-7154","high"
5.40346428571429,4.7822,3.37184285714286,5.0991125,1.7857625,8.35947142857143,4.04532,7.38378666666667,8.37702333333334,11.9005875,"TCGA-55-8507","low"
6.67725,7.1065,5.09095714285714,8.58135,2.23705,8.32218571428571,5.21344,7.47094,9.5679,12.025325,"TCGA-95-A4VP","low"
5.82227857142857,5.8316,5.37401428571429,3.6160375,2.7987375,9.25157142857143,3.9765,5.85474,9.10191333333333,13.98925,"TCGA-50-6595","high"
4.59546428571429,5.5459,4.26384285714286,2.8847625,1.07175,7.44027142857143,2.7462,3.95698666666667,6.50222666666667,10.0606375,"TCGA-78-7155","high"
6.48353571428571,5.2694,4.18707142857143,6.81205,2.3164375,9.87958571428571,4.7696,6.43873333333333,7.98203666666666,13.3903125,"TCGA-05-4382","high"
5.11674285714286,6.2806,4.04268571428571,3.9963875,1.0792375,8.798,6.26526,6.57805333333333,7.08620666666667,11.38725,"TCGA-05-5428","high"
4.43835,5.5305,4.04865714285714,5.10105,1.4331625,7.16744285714286,2.38014,7.38121333333333,7.15429333333333,10.6382,"TCGA-44-5644","high"
7.36737142857143,8.4426,7.28425714285714,4.9141375,4.4954375,10.1207142857143,6.15162,5.85540666666667,7.97969666666667,13.7023875,"TCGA-55-6978","high"
5.46875,3.3407,3.69558571428571,8.4988,1.5572875,8.28785714285714,4.60982,6.76156666666667,8.14328666666666,12.3394125,"TCGA-NJ-A55R","high"
6.58218571428571,6.9455,4.21987142857143,6.7829375,1.7917625,8.43152857142857,4.58362,6.18096666666667,8.77591,11.2155125,"TCGA-91-6840","high"
3.82865714285714,3.6916,3.21052857142857,4.3189125,1.530775,8.39347142857143,2.9653,6.7892,7.50433,8.64945,"TCGA-55-8094","high"
6.99604285714286,5.6448,4.763,5.7617,1.9985625,9.66534285714286,7.14954,6.4031,9.27864333333333,13.2121,"TCGA-44-7661","high"
5.27157142857143,4.3099,3.62545714285714,3.821975,2.0641125,7.36322857142857,3.5015,5.92797333333333,7.17943666666667,11.56615,"TCGA-NJ-A4YF","high"
6.96920714285714,6.9783,4.46925714285714,7.898775,2.142275,8.55104285714286,8.21372,6.43653333333333,8.11129333333333,11.6234875,"TCGA-67-6217","low"
5.45883571428571,4.3606,4.70904285714286,5.2407,2.12745,8.11381428571429,5.3622,6.26070666666667,6.63788666666667,10.2553375,"TCGA-86-A4D0","high"
5.82185714285714,4.2833,3.34794285714286,7.681225,2.2380125,9.61171428571429,5.07916,7.58153333333333,8.36083333333333,12.760175,"TCGA-50-5939","high"
6.02912142857143,7.0035,4.50197142857143,4.7339,2.3873875,9.8869,7.1243,6.26676666666667,9.02788,12.726025,"TCGA-55-7816","low"
5.32987857142857,5.1005,3.18275714285714,7.290675,1.453075,7.61144285714286,7.17936,7.37408666666667,8.17567,11.4194875,"TCGA-50-5051","high"
4.59042142857143,3.3058,2.91584285714286,4.1512625,1.272825,7.99625714285714,7.12028,6.07007333333333,7.59174,12.884675,"TCGA-86-8279","low"
6.31532142857143,5.9095,5.11978571428571,6.86495,2.5322125,9.88961428571429,5.78934,7.62229333333333,8.56934666666666,11.0074,"TCGA-55-6970","high"
6.11692142857143,7.2564,4.90747142857143,6.2341,2.196575,8.52401428571429,8.13008,6.33362666666667,6.70564,11.71425,"TCGA-49-4488","high"
7.44099285714286,7.8817,7.44901428571429,9.354525,3.5421,9.46071428571429,7.12692,7.50233333333333,8.52988666666667,11.148825,"TCGA-97-7552","low"
6.23049285714286,5.9498,4.62494285714286,6.9362,3.043475,8.192,4.95724,6.27743333333333,7.8479,10.564475,"TCGA-95-7947","low"
6.55865714285714,5.6019,4.44082857142857,4.05685,1.410325,9.85755714285714,8.86328,5.86874,7.80357,11.6134625,"TCGA-05-4425","low"
4.24354285714286,2.8746,3.05145714285714,3.056125,1.2516375,7.5633,5.41494,6.89293333333333,9.42036666666667,9.5816375,"TCGA-78-7633","low"
5.50646428571429,5.1175,3.28432857142857,4.94605,3.865975,6.47825714285714,4.99126,6.59504666666667,6.21272333333333,10.73465,"TCGA-64-1678","high"
5.97345,6.8917,4.80188571428571,5.485375,4.780925,8.14725714285714,5.19804,7.66294,8.01163666666667,10.845375,"TCGA-80-5608","low"
3.43523571428571,4.1463,3.03907142857143,2.125525,1.012575,8.36787142857143,4.19312,5.15454666666667,7.67147666666667,11.8505,"TCGA-64-5775","high"
5.86993571428571,5.47,4.13557142857143,7.570725,4.847325,8.15932857142857,2.87232,7.26002666666667,7.88139666666666,12.643475,"TCGA-55-8508","low"
7.14013571428571,8.8024,6.80647142857143,7.371125,3.5383125,10.1288428571429,7.62,6.57557333333333,8.27054,12.4028375,"TCGA-44-2656","high"
6.36482142857143,5.8856,4.29602857142857,5.471325,1.9843625,9.30462857142857,9.14922,5.67382,7.85722,12.343375,"TCGA-55-7281","low"
4.97234285714286,3.5732,3.20212857142857,5.149075,1.7559375,9.41084285714286,7.31056,7.83118,8.66125666666667,11.8087625,"TCGA-J2-8194","high"
4.75734285714286,4.973,3.85465714285714,4.0379,1.193725,7.14501428571428,2.14022,6.30942,6.73351,13.2660125,"TCGA-78-7150","high"
7.64233571428572,7.1494,5.51385714285714,8.3903375,3.1029625,9.63378571428571,8.23324,6.74527333333333,7.83472666666667,12.8835125,"TCGA-44-A47G","low"
5.22005,3.9382,3.53727142857143,6.74205,1.428425,8.36452857142857,4.5235,6.35799333333333,8.43758,12.4210875,"TCGA-99-8025","low"
6.70035714285714,7.187,6.27111428571429,6.4086875,3.4935,9.65514285714286,4.05208,7.05018,7.56165333333333,12.8289625,"TCGA-50-6592","high"
5.82454285714286,5.3773,3.45521428571428,7.0369375,1.5978875,9.09237142857143,8.73584,6.94038666666667,8.06447,11.45205,"TCGA-05-4249","low"
6.8378,7.3806,6.06821428571429,7.7923,3.98945,10.2964571428571,7.94908,8.31593333333333,9.27209666666667,11.8546125,"TCGA-97-7553","high"
6.73200714285714,6.0545,5.8154,5.8706125,2.737175,9.53172857142857,6.81578,6.38215333333333,7.33521333333333,12.03605,"TCGA-75-5125","high"
6.14779285714286,5.8839,4.21651428571429,7.2610875,1.1691625,8.51461428571429,7.93694,6.50148,8.19552,12.8435375,"TCGA-67-3772","low"
5.81846428571428,6.7576,3.94925714285714,3.9622,1.5343625,7.80428571428571,6.77508,5.67397333333333,6.95622666666667,10.5286375,"TCGA-78-7147","low"
4.39562142857143,8.9957,2.36982857142857,3.4532875,0.650225,8.46622857142857,6.6456,5.90758,7.35318,12.586925,"TCGA-38-4628","low"
6.33098571428571,5.6293,4.19684285714286,7.7317875,2.027625,8.08098571428571,4.75312,6.89692,8.60625333333333,13.4455,"TCGA-99-8032","high"
7.20146428571429,8.0137,6.17941428571429,7.6383875,3.66435,10.4562142857143,6.23852,6.27660666666667,9.43025666666666,14.9631,"TCGA-78-8648","low"
5.93925714285714,5.552,4.31878571428571,5.36285,3.15155,8.51585714285714,5.68136,6.76046,8.39632,10.8171,"TCGA-62-A46S","low"
5.73705714285714,4.6393,3.10105714285714,6.06335,2.1441625,8.97532857142857,6.33752,6.67342666666667,8.65288666666667,10.4808625,"TCGA-NJ-A55O","low"
6.42446428571429,7.6456,6.40055714285714,4.057625,4.5396,10.2604571428571,5.6629,6.51413333333333,7.15852,12.04455,"TCGA-44-6779","high"
5.80533571428571,6.0889,4.03601428571429,6.66575,1.78025,8.16964285714286,6.81902,6.79968666666667,8.31112,11.5640625,"TCGA-97-7938","low"
6.61912857142857,5.3278,4.08201428571429,8.0766375,1.7620875,9.00567142857143,6.09904,6.21653333333333,7.66478,11.4722375,"TCGA-MP-A4SW","low"
5.77245714285714,5.9587,4.3049,8.144175,1.8458875,7.88212857142857,7.36906,6.47065333333333,8.0863,12.1730875,"TCGA-49-AARN","low"
6.61567857142857,5.2717,3.41322857142857,7.055,1.75825,8.09134285714286,7.20638,6.65289333333333,8.17985,11.715825,"TCGA-55-8097","low"
7.70565,6.0623,5.48114285714286,9.7667,2.5993625,9.0467,6.89652,6.32321333333333,8.25299333333333,13.598325,"TCGA-93-A4JQ","high"
7.24721428571429,8.273,6.96265714285714,7.396175,4.1750875,10.0604857142857,5.3423,7.33540666666667,9.48286333333333,13.6252125,"TCGA-55-8299","low"
6.01006428571428,5.632,4.95314285714286,5.9758875,2.649,8.37342857142857,3.73106,6.20363333333333,7.06519,10.8434375,"TCGA-4B-A93V","high"
7.23590714285714,6.858,5.1391,7.57305,2.310675,9.49805714285714,7.4033,7.17634,8.91566333333333,13.7367375,"TCGA-05-4417","low"
6.22634285714286,5.0717,3.23855714285714,6.782125,1.249,8.74081428571428,7.9709,5.89496,7.33344666666667,10.2172625,"TCGA-78-7143","low"
7.20045,7.1876,5.32841428571429,7.141525,2.3666875,9.86375714285714,6.80276,7.77826,7.93085333333333,13.4844875,"TCGA-44-3396","low"
5.75639285714286,6.5013,4.55367142857143,5.1514375,2.6030875,8.38958571428571,3.12532,5.30425333333333,6.03643666666667,10.8610625,"TCGA-53-7624","high"
6.58837857142857,6.0091,3.99807142857143,7.43665,1.3853625,8.90254285714286,6.28952,6.59464666666667,7.35257333333334,12.03705,"TCGA-75-5147","high"
5.77052142857143,5.5048,4.06101428571429,4.3623125,1.86095,8.44604285714286,3.7911,5.97712,7.23124666666667,11.0020875,"TCGA-55-1596","high"
7.50262857142857,5.6536,3.67952857142857,8.05555,1.6248,8.89021428571428,9.10602,6.88987333333333,7.80046333333333,11.0868,"TCGA-44-5645","low"
7.62401428571429,7.6881,6.6874,8.8628125,3.7808125,10.0734714285714,5.98788,7.82941333333333,8.77963,12.3646625,"TCGA-55-6971","low"
6.38812142857143,4.9533,3.88654285714286,6.6611375,1.5329375,8.50667142857143,6.56462,6.93355333333333,9.3151,11.53605,"TCGA-73-7498","low"
7.00297857142857,6.4509,5.40178571428571,8.2460625,2.3449375,9.161,8.08702,6.47904,8.40006,12.9109,"TCGA-49-AARO","low"
5.14955714285714,3.7958,3.62652857142857,4.5122375,2.014825,8.19241428571429,4.90926,7.26931333333333,8.10259333333333,10.8049875,"TCGA-05-4396","high"
6.31234285714286,5.1377,4.50438571428572,7.52525,2.4595125,8.58655714285714,6.83568,7.38431333333333,8.27119666666667,10.8335,"TCGA-69-8254","low"
7.11431428571429,5.5764,4.69242857142857,8.6292375,2.79455,8.85022857142857,8.12586,6.49592,8.19878666666667,12.166425,"TCGA-J2-A4AG","low"
5.19252142857143,4.8757,4.25074285714286,3.1522375,1.3388375,8.875,4.5299,5.77748666666667,6.6163,11.0515625,"TCGA-78-7146","high"
5.54729285714286,5.7982,4.43701428571429,6.0809,1.6893875,8.42065714285714,6.98046,7.85346,8.53021333333333,10.5791875,"TCGA-73-4677","high"
5.77337142857143,5.9196,4.32932857142857,7.2532625,1.65595,8.82527142857143,5.53416,6.08539333333333,8.85885666666666,13.2990875,"TCGA-97-7554","low"
6.15130714285714,5.8082,5.09132857142857,5.7922875,2.0805875,8.16805714285714,6.87722,6.43831333333333,8.43883666666667,12.5450625,"TCGA-L9-A443","low"
7.64634285714286,8.1703,7.6769,9.2510375,5.266275,10.3942285714286,5.86424,7.37262,8.36515333333333,12.2437125,"TCGA-55-6987","high"
4.66877857142857,7.0016,4.57768571428571,3.964825,2.0220125,7.25795714285714,3.81018,7.30289333333333,7.99344666666667,10.6856125,"TCGA-78-7220","high"
6.74372142857143,6.7284,4.86098571428572,7.698475,1.9538125,8.04738571428572,5.95402,5.98204666666667,7.08652333333333,10.69605,"TCGA-64-1677","high"
6.94262857142857,8.24,6.80042857142857,4.1709,4.0555375,10.0539714285714,5.29002,6.22008666666667,7.09093666666667,11.2573625,"TCGA-73-4666","high"
4.43725,5.1394,3.34668571428571,4.7336625,0.978425,6.4198,5.66226,6.46171333333333,7.30258666666667,8.254975,"TCGA-49-4486","high"
6.79941428571429,6.9384,5.99054285714286,6.4343625,2.75535,8.7644,4.76512,6.22474,7.85175333333333,11.862625,"TCGA-MN-A4N5","low"
6.32892857142857,6.2163,4.51527142857143,8.0496125,1.4704125,7.98558571428571,6.5252,5.53162666666667,7.9951,11.210425,"TCGA-78-7152","low"
7.55041428571428,8.759,7.23104285714286,5.738325,4.683075,9.67768571428572,5.797,5.89411333333333,7.58179333333333,12.6328375,"TCGA-83-5908","high"
5.44949285714286,4.1953,3.04658571428571,5.9716,0.82995,9.42581428571429,7.67404,6.76784666666667,8.13166666666667,13.15585,"TCGA-50-6593","low"
6.46189285714286,5.5808,4.6899,4.8612625,2.2171875,9.14897142857143,5.4761,6.13777333333333,7.70628333333333,13.902225,"TCGA-MP-A4TC","high"
5.71591428571428,5.6382,4.4645,5.0113625,2.1373625,7.7813,4.86674,5.29586666666667,7.06804333333333,10.46825,"TCGA-78-7542","high"
4.57166428571429,2.9913,2.34581428571429,4.5245625,1.4488875,7.86028571428571,4.15666,6.70028666666667,7.57590666666667,11.3735625,"TCGA-55-8615","high"
7.15732857142857,6.6282,5.67625714285714,7.369575,2.7775875,9.11761428571429,7.11712,5.2091,6.57151,12.5695125,"TCGA-55-A493","high"
2.59187142857143,1.3562,1.50968571428571,4.4911125,0.8837125,7.73372857142857,4.64854,6.15300666666667,7.76881333333333,9.9161,"TCGA-71-6725","low"
4.93992142857143,4.8105,3.96395714285714,5.5424875,1.782325,7.95101428571429,5.48298,5.91717333333333,7.82531333333333,12.9305375,"TCGA-73-4668","high"
4.91628571428571,4.2673,2.61931428571429,4.0281125,1.18245,7.59201428571429,6.22716,5.90856,7.83288666666667,10.61255,"TCGA-78-7158","low"
5.76092142857143,4.4546,3.76625714285714,7.4936625,1.6655625,8.05175714285714,7.18234,6.4429,7.50366333333333,10.9539,"TCGA-44-7659","low"
6.92474285714286,8.9088,6.06604285714286,6.29925,3.028475,10.2440857142857,6.47218,7.52146,7.98033666666667,11.9587625,"TCGA-05-5425","high"
5.20707857142857,3.553,3.59804285714286,4.2095875,1.194575,9.03091428571429,7.32208,6.14841333333333,7.87552,13.7743375,"TCGA-64-1679","low"
5.83289285714286,5.296,3.68388571428571,4.7380625,2.0112,8.82221428571429,5.11024,6.64438666666667,7.10845666666667,12.0489875,"TCGA-55-8506","low"
5.49423571428571,4.5959,4.29598571428571,6.6907875,2.8554125,7.81818571428571,4.61996,6.71173333333333,7.08561,10.9522,"TCGA-78-7166","high"
6.15064285714286,6.0455,4.91584285714286,3.6250875,1.8210875,9.09965714285714,8.27166,7.65682,8.40033,10.7696125,"TCGA-91-8496","low"
5.73237142857143,5.8984,4.98232857142857,4.6023875,2.0726125,8.5082,7.00392,6.63116,8.42763666666667,10.5690875,"TCGA-55-7283","low"
6.60738571428571,6.5108,4.96268571428571,8.63375,2.0994375,8.38095714285714,5.78262,6.06076666666667,7.63089,11.5030375,"TCGA-55-A4DG","low"
6.40896428571429,5.7158,5.19684285714286,6.4655125,2.6996125,8.73265714285714,3.81556,7.09316,8.24741333333333,13.834725,"TCGA-44-8119","high"
5.01225,4.3377,3.19521428571429,3.873975,1.033875,8.28052857142857,6.13268,6.01284,8.62005666666667,12.8934125,"TCGA-71-8520","low"
6.4917,6.2941,5.87942857142857,5.183275,3.896475,8.90254285714286,5.58688,6.14245333333333,7.46341,11.673575,"TCGA-44-A47B","low"
4.15876428571429,4.2301,3.50392857142857,4.812025,1.837075,8.58382857142857,3.31868,7.31283333333333,7.17962666666666,12.9982375,"TCGA-73-4670","high"
5.94798571428571,4.9945,4.54848571428571,5.662125,2.4452875,9.10517142857143,5.37488,7.72318,8.17797,10.5761625,"TCGA-MP-A4T7","high"
7.04896428571429,6.9722,4.51795714285714,8.572925,2.4544375,8.99038571428571,6.44264,6.96712666666667,7.97822,12.2036125,"TCGA-55-8203","low"
5.74900714285714,9.0682,3.14604285714286,5.9545375,4.6854625,6.81388571428571,3.04024,6.85614,7.54272666666667,11.8085875,"TCGA-64-5774","low"
5.79679285714286,5.0728,3.99041428571429,3.7906625,1.1522375,9.63527142857143,5.46368,5.27932,7.77129333333333,13.4923375,"TCGA-50-5933","high"
5.35382142857143,6.8438,3.6868,3.9655375,1.5387125,7.48308571428571,2.93634,5.60345333333333,7.21785,10.9533625,"TCGA-50-5946","low"
7.00101428571428,6.3495,4.3313,7.8134125,1.7787125,8.35048571428571,8.62506,6.55007333333333,8.86014,11.7829,"TCGA-50-8460","low"
6.30735,7.5674,5.39364285714286,4.7778,2.2095,8.9083,4.68388,6.04588,7.58187333333333,13.0260625,"TCGA-05-4250","high"
6.12859285714286,3.8953,2.9156,5.7828375,1.231375,8.31835714285714,7.97956,7.15986,8.32637,11.3539375,"TCGA-L9-A50W","low"
6.09455714285714,5.7933,5.07747142857143,5.4957125,3.76155,8.969,4.80756,6.55856,7.95286333333333,14.185075,"TCGA-44-7662","high"
7.39134285714286,6.3792,4.41872857142857,8.1074875,2.2868,9.27341428571428,8.106,7.36459333333333,7.92269333333333,11.9144,"TCGA-97-A4M6","low"
6.02586428571429,5.7149,5.60464285714286,6.593,2.39905,9.197,4.95116,6.86517333333333,8.66236666666667,11.4248125,"TCGA-44-7669","high"
5.47395,5.4267,4.26864285714286,5.8819,1.838175,8.40324285714286,4.52276,6.47409333333333,7.21694666666667,10.9189375,"TCGA-78-8640","high"
4.17942142857143,7.2104,5.82998571428571,3.8211875,1.0087,6.85332857142857,2.84064,5.73633333333333,7.40001666666667,12.806525,"TCGA-50-5931","high"
7.65436428571429,8.4112,6.83201428571429,7.419475,4.328075,10.1227,6.51498,6.42458,8.05998333333333,12.9551875,"TCGA-44-3918","low"
8.10225714285714,7.9319,5.8466,7.6960375,2.4512125,9.35017142857143,8.58072,6.54582666666667,8.14141,12.5007,"TCGA-93-7347","low"
8.01191428571429,8.2833,5.90615714285714,11.0206,2.7424,9.42542857142857,8.19258,6.51322,8.93930666666667,12.7032875,"TCGA-38-7271","low"
5.98319285714286,6.1526,5.69995714285714,7.4048625,3.4880875,9.48501428571429,5.97628,7.63056666666667,9.16630666666667,11.3089,"TCGA-55-7724","high"
4.97882857142857,5.213,4.05,4.7684375,2.396175,8.01062857142857,3.4349,5.88228,6.57749333333333,10.7790875,"TCGA-73-A9RS","high"
5.52491428571429,7.171,4.42534285714286,4.65085,1.4056875,8.51584285714286,6.90002,5.51760666666667,7.33872,11.3091375,"TCGA-49-4494","high"
5.27310714285714,2.9851,2.65187142857143,7.17805,1.428025,8.82034285714286,6.87322,6.20441333333333,7.59956333333333,13.1268875,"TCGA-49-4512","low"
5.32452142857143,4.9866,3.27542857142857,6.2462875,1.3945375,8.05491428571429,7.1153,7.20240666666667,8.49204666666667,11.75425,"TCGA-62-8395","low"
5.92892142857143,4.6827,4.01351428571429,4.73755,1.963375,8.69898571428571,8.9913,6.58434666666667,9.20437,11.9255125,"TCGA-55-A57B","high"
6.05218571428571,4.9417,5.308,7.256475,3.279525,9.36638571428571,5.62502,7.30322,9.30782333333333,12.3097375,"TCGA-97-A4M5","high"
6.74743571428571,5.6118,4.87155714285714,6.7077,2.3769375,8.7951,6.59432,7.53908,8.50326,11.4282375,"TCGA-67-3774","low"
6.5068,5.4894,3.9684,6.8174,1.8692625,9.58127142857143,8.43958,6.8051,7.97673666666667,13.9476625,"TCGA-J2-8192","high"
4.25546428571429,4.0868,3.20735714285714,2.886675,1.9694875,8.89704285714286,7.86432,6.27698,7.57126333333333,11.0878875,"TCGA-78-7535","low"
6.52672142857143,6.175,4.73832857142857,8.367675,1.9232625,8.37354285714286,5.30906,6.88834,8.04409333333333,11.46095,"TCGA-95-A4VK","low"
6.43965,7.3781,5.58822857142857,5.6572125,3.2885875,9.842,5.40662,5.74602,7.43596,13.6168875,"TCGA-38-4629","high"
6.32294285714286,7.4533,5.3046,6.0186,1.6986125,8.94454285714285,4.72252,6.46136666666667,6.86579666666667,12.05995,"TCGA-35-5375","high"
5.83149285714286,5.7758,4.93421428571429,6.6506125,2.6261,9.26011428571428,5.34918,6.28256,7.28964333333333,11.852925,"TCGA-38-4625","high"
5.11732857142857,5.2666,4.72988571428571,5.131,2.4327875,7.51908571428571,4.93616,6.07371333333333,6.96826666666667,10.7388125,"TCGA-91-6836","high"
5.18715,4.7561,3.19974285714286,5.742275,1.1331,8.2636,7.35342,6.51448,7.70453,12.4299,"TCGA-73-4675","high"
5.87713571428572,7.5556,3.41598571428571,5.0759625,1.6888125,8.03968571428571,5.12822,5.92520666666667,8.05164333333333,11.7483625,"TCGA-62-8394","low"
5.18046428571429,5.8082,4.07215714285714,4.93895,2.45095,10.0000857142857,5.1047,7.74183333333333,7.35335666666667,12.757625,"TCGA-86-7711","high"
6.72871428571429,7.3994,5.76035714285714,6.52665,4.0846375,10.0624714285714,6.78748,7.86742666666667,8.68648,12.3383625,"TCGA-78-7160","high"
5.79166428571429,5.7674,3.31917142857143,7.259625,1.2619625,9.28654285714286,5.84946,6.39732666666667,7.27902,13.148,"TCGA-55-6982","high"
7.03067857142857,8.2561,5.39274285714286,7.442675,2.544675,8.7447,7.4741,6.23244,7.65381,12.356975,"TCGA-55-6712","high"
7.31497142857143,8.4575,6.62645714285714,7.8216625,3.4588875,9.95025714285714,4.96268,6.53368666666667,7.16226,11.422775,"TCGA-55-7995","high"
6.32659285714286,6.0486,4.37584285714286,7.2254125,1.7877625,8.72947142857143,5.83224,6.81964,7.82014666666667,11.5650375,"TCGA-69-A59K","high"
5.48340714285714,4.0944,3.55301428571429,6.167775,1.6890875,9.34114285714286,4.42454,7.48553333333333,8.18364,12.870375,"TCGA-50-5936","high"
4.42104285714286,5.4683,4.15022857142857,3.82905,1.333675,9.00642857142857,5.7357,6.66666,8.1096,11.48535,"TCGA-73-4676","high"
5.5394,3.9007,4.1747,5.014375,1.6937,8.58028571428571,4.4101,6.99867333333333,8.42116,12.95605,"TCGA-86-6562","low"
7.06162142857143,8.3269,6.03201428571429,6.56565,3.4557375,10.4287428571429,7.13442,6.48029333333333,7.59071,12.80305,"TCGA-35-4122","high"
5.88524285714286,5.261,4.07975714285714,4.9161,2.13735,9.6599,6.50184,5.89044,5.85440333333333,10.4703625,"TCGA-80-5611","high"
5.40437857142857,4.3276,4.27098571428571,4.590325,1.9273125,9.37402857142857,5.88624,6.88804666666667,9.70343333333333,10.7341625,"TCGA-93-A4JP","low"
6.69577142857143,5.5883,4.00095714285714,5.806325,1.79875,8.52005714285714,8.2,5.97515333333333,8.48053666666666,11.479675,"TCGA-50-5935","low"
7.11592142857143,8.4345,5.85991428571428,5.876825,2.5705625,9.55517142857143,8.64362,6.78347333333333,7.21788666666667,10.8327,"TCGA-05-4389","high"
7.72476428571429,7.1472,6.39692857142857,8.3593,4.7529,9.98861428571429,5.93468,6.29158666666667,7.54887,12.680425,"TCGA-44-A479","high"
5.80842142857143,6.0903,4.00507142857143,5.6702125,2.0371,8.75192857142857,8.16904,7.63814666666667,9.05893,11.3421875,"TCGA-67-4679","low"
5.82562857142857,4.0857,3.38831428571429,6.43095,1.3864875,8.62174285714286,7.52474,6.86324666666667,8.76116,12.91595,"TCGA-44-8120","low"
7.37694285714286,7.8975,7.42784285714286,7.3972875,6.7289875,10.3946,6.48408,6.8298,7.93734,12.22385,"TCGA-55-8089","high"
6.79628571428572,6.9817,5.08905714285714,5.2509375,2.440825,9.06848571428571,8.2935,6.80842666666667,8.06757333333333,11.4228125,"TCGA-67-3773","low"
6.20047857142857,6.824,5.48364285714286,5.593875,2.5667375,9.19502857142857,3.38186,6.50818,6.95870666666667,12.094625,"TCGA-MP-A4TA","high"
5.60375,4.9553,3.56421428571429,5.4036625,2.137575,8.35025714285714,4.78286,7.5509,8.08142,12.4092625,"TCGA-50-5072","high"
6.24076428571429,4.4099,4.92495714285714,4.8702375,3.12385,9.5604,7.51962,7.69535333333333,8.30697,13.26385,"TCGA-55-8091","high"
7.76941428571429,7.088,5.71102857142857,8.9975875,2.87755,10.0449714285714,7.67564,6.48414,8.12012,13.0801125,"TCGA-97-A4LX","low"
6.81981428571429,6.6525,5.28475714285714,7.178325,3.4550375,9.34124285714286,4.76782,6.07062,7.40885333333333,11.5688375,"TCGA-55-6968","high"
7.55302857142857,6.956,5.51747142857143,9.8114125,2.5926375,8.81718571428572,8.17456,6.69542666666667,8.07364333333333,11.461975,"TCGA-MP-A4TH","low"
7.55727857142857,8.3299,6.29608571428571,9.2430625,3.4588625,9.71698571428571,5.59092,7.0322,7.46129333333333,11.42225,"TCGA-NJ-A4YQ","low"
6.58419285714286,4.9782,3.6501,8.600275,1.772675,7.88275714285714,7.01842,6.00458,7.66806666666667,12.1183125,"TCGA-44-A4SU","low"
5.83046428571429,5.789,3.25102857142857,5.8822375,1.20455,7.39882857142857,5.33856,5.83441333333333,8.31707,12.4291125,"TCGA-49-4490","high"
5.24121428571429,3.7703,2.95428571428571,5.2215875,1.0065,7.00394285714286,5.728,6.76565333333333,8.66271333333333,11.8719625,"TCGA-97-A4M3","high"
4.82218571428571,4.4401,3.3708,3.9436625,1.3354625,8.0763,4.05684,6.41597333333333,7.50997666666667,12.1836375,"TCGA-J2-A4AD","high"
7.08632857142857,5.9173,4.88968571428571,5.83065,2.5674875,9.16968571428572,7.78664,6.68994666666667,8.13814,12.346875,"TCGA-55-7227","low"
6.60127857142857,7.5838,5.06667142857143,7.3156125,2.129275,9.06307142857143,7.96026,6.61475333333333,8.29838333333334,12.244775,"TCGA-49-4505","low"
5.05469285714286,5.5934,3.76625714285714,6.4548,1.440775,6.94507142857143,5.72262,5.43234,7.36409,10.34405,"TCGA-78-7153","low"
4.89861428571429,4.6664,3.04314285714286,4.843025,0.953675,8.34742857142857,4.99158,6.09228666666667,8.18686333333333,12.2784875,"TCGA-50-5944","low"
7.3653,6.6811,5.09895714285714,9.4840625,2.379425,9.16148571428571,7.5308,6.65786,8.40114333333333,11.963225,"TCGA-97-8172","low"
3.37049285714286,2.2176,1.44817142857143,4.5395875,0.4029875,7.09552857142857,3.58914,5.30684,7.57288666666667,9.43255,"TCGA-97-8171","low"
7.39027857142857,7.1149,5.7433,7.4307875,2.901275,9.63277142857143,7.1612,7.10712666666666,7.44700666666666,11.9249875,"TCGA-69-7761","high"
6.47586428571429,6.9539,4.96665714285714,8.35065,2.5709,8.58945714285714,5.53622,7.18744,9.53953666666667,12.5712,"TCGA-49-AARR","low"
6.54318571428571,5.5425,5.57097142857143,6.764425,3.244775,10.9436857142857,7.2211,7.16384666666667,9.70352,11.509875,"TCGA-L4-A4E6","low"
5.52366428571428,5.1775,4.09735714285714,5.731625,2.2254875,8.15694285714286,4.54034,6.60966666666667,8.42526333333334,13.249975,"TCGA-55-A48Y","high"
6.58080714285714,4.9411,3.7027,8.1132,1.5874375,8.2639,7.01052,6.73374,8.15895,13.0130625,"TCGA-93-7348","low"
3.64801428571429,3.035,3.91664285714286,2.3839875,2.4417625,5.20705714285714,3.87034,4.97495333333333,6.16343666666667,9.2881125,"TCGA-91-6847","low"
6.93075,5.6586,4.7998,4.5296625,1.179275,8.63495714285714,8.33608,6.05861333333333,8.06858666666667,13.1911125,"TCGA-55-6980","low"
6.45483571428571,5.5663,3.68477142857143,6.708275,1.49425,9.3567,6.86716,7.06861333333333,7.73468333333333,11.488125,"TCGA-86-7953","high"
5.08545,4.237,3.14828571428571,3.5610125,0.8060375,8.9647,9.37512,7.09137333333333,7.59739666666667,11.56955,"TCGA-86-7714","low"
7.28534285714286,7.1625,5.42458571428571,7.84265,2.702625,9.09071428571429,5.39006,6.22039333333333,6.83004666666667,11.8504875,"TCGA-86-8585","high"
6.73485,6.4394,4.91968571428571,8.0844375,2.176325,9.27007142857143,5.66058,6.15931333333333,7.19753666666667,13.456175,"TCGA-55-8511","high"
6.99334285714286,8.056,5.70517142857143,7.4508625,2.9123875,8.86088571428571,3.56132,6.14568,7.26054,12.6132875,"TCGA-55-8092","low"
7.66524285714286,6.2828,4.54327142857143,4.47315,2.3526875,11.0265571428571,8.20032,6.84152,7.03922333333333,10.8353125,"TCGA-62-A46U","high"
7.45602857142857,7.7275,5.80011428571429,8.9303625,3.39125,10.7004857142857,6.63048,7.61543333333333,8.65017,13.1409,"TCGA-55-8208","high"
6.08588571428571,7.7488,4.86485714285714,4.5192,2.7982875,9.2943,7.63038,5.45388666666667,6.46367333333333,12.0192125,"TCGA-64-1676","high"
6.14272142857143,4.8606,4.13388571428571,5.7769125,2.0317875,8.99055714285714,7.2476,7.09877333333333,7.73570666666667,9.442425,"TCGA-91-A4BD","low"
4.76443571428571,2.343,2.70102857142857,4.90345,0.8158625,8.347,6.59274,5.78431333333333,7.87465333333333,11.7468,"TCGA-78-7145","high"
4.64988571428571,4.9486,3.13191428571429,4.1485875,1.2754125,8.59394285714285,7.44468,7.00837333333333,8.91796666666667,11.4972625,"TCGA-97-8179","high"
5.45718571428571,4.1308,3.94078571428571,5.3921125,1.7893375,9.95175714285714,4.20866,7.00960666666667,7.33386666666667,12.7312,"TCGA-44-2662","high"
5.85866428571428,4.6612,4.40421428571428,5.110975,1.5829125,8.61538571428571,7.30606,5.80780666666667,7.62124,12.9430875,"TCGA-86-8074","high"
4.66727142857143,4.2651,3.7967,5.5618375,1.9186625,8.23901428571429,5.75222,6.30959333333333,8.08291333333333,9.7247125,"TCGA-78-7540","high"
5.66572142857143,4.8658,3.76741428571429,4.7209375,1.3220625,8.09521428571429,5.47644,6.85216,7.37179666666667,11.2364125,"TCGA-05-4426","low"
7.16615714285714,7.0534,5.04732857142857,8.8773125,2.219325,8.7332,7.13762,6.13908666666667,8.60726333333333,12.0431375,"TCGA-50-8457","low"
5.29499285714286,5.0379,4.712,6.114425,1.5957375,8.58172857142857,3.27014,6.67897333333333,9.10725,13.9886375,"TCGA-55-6975","high"
5.59542857142857,5.1995,3.67095714285714,5.426625,1.843425,9.09467142857143,5.9112,6.92365333333333,8.31838666666667,12.4459875,"TCGA-86-8073","high"
7.3813,8.2022,5.16831428571429,8.283325,2.2146875,9.5492,7.82266,7.57919333333333,8.38536,12.1001625,"TCGA-86-8076","low"
4.81007857142857,4.6473,3.76778571428571,5.0874375,1.2092125,7.20117142857143,4.60492,7.23895333333333,8.37436,10.9443,"TCGA-62-A46P","low"
7.03161428571429,6.0829,4.52775714285714,7.82425,1.956325,8.34772857142857,7.05464,7.01277333333333,7.81805,9.750025,"TCGA-J2-A4AE","low"
6.49324285714286,6.2155,4.52287142857143,4.394525,1.34405,8.9766,7.60274,6.33459333333333,7.51562,11.0586,"TCGA-67-3770","low"
5.60166428571429,4.4041,2.59762857142857,5.07755,0.9526125,8.70552857142857,6.27858,5.65930666666667,7.54220333333333,12.279825,"TCGA-55-A490","low"
5.85700714285714,6.1473,5.03687142857143,5.4130125,2.0803375,8.3294,5.94932,6.38522,7.97881333333333,12.7769375,"TCGA-44-4112","low"
6.35871428571429,6.7368,5.74387142857143,5.615475,2.32715,8.97851428571429,7.2424,6.62556666666667,8.26436,12.4395125,"TCGA-49-6745","high"
6.46229285714286,4.445,3.31912857142857,8.38375,1.9370125,8.11594285714286,6.10736,6.57237333333333,8.40901333333333,13.137325,"TCGA-93-A4JN","low"
4.92894285714286,4.5837,3.48911428571429,4.336775,1.9236,7.59625714285714,4.13388,6.60438,8.14485,11.3959875,"TCGA-86-8054","high"
7.07370714285714,7.4912,5.46758571428571,7.414225,2.782625,9.37692857142857,5.30998,5.51808666666667,7.25191,11.145625,"TCGA-55-A4DF","high"
6.84477857142857,6.647,3.94477142857143,7.678425,2.140225,8.40187142857143,6.77852,6.83032666666667,8.0682,10.4648875,"TCGA-75-5146","low"
5.26547142857143,4.4032,4.49425714285714,4.7168,1.5410125,9.40694285714286,6.3348,8.02726666666667,8.98860333333333,10.942925,"TCGA-05-4384","high"
6.21703571428572,5.6862,4.19594285714286,5.7334125,1.2589375,9.16432857142857,6.85552,7.22412666666667,8.77970333333333,12.9835,"TCGA-55-8207","low"
3.77139285714286,2.0437,2.10937142857143,4.5860875,1.0086875,6.62817142857143,3.39214,5.67880666666667,6.96523666666666,11.4736125,"TCGA-69-7760","high"
5.56626428571429,6.6481,4.32354285714286,5.040375,2.8892,7.95752857142857,6.2392,6.67943333333333,8.80212333333333,12.0303875,"TCGA-49-4510","low"
6.18405714285714,4.5233,3.8758,5.470025,0.993775,9.50575714285714,7.7736,6.37522666666667,8.15602333333333,14.255325,"TCGA-64-5815","low"
6.32366428571429,6.6327,4.56651428571429,7.4347375,2.449375,8.38717142857143,3.42798,6.1402,6.59809666666667,10.360775,"TCGA-55-8620","high"
7.0548,6.5266,4.2586,8.0301375,1.807225,8.74121428571429,7.73822,6.4056,7.83124,11.8848625,"TCGA-73-4662","low"
7.85845714285714,9.3425,6.91197142857143,6.98525,2.706625,8.69425714285714,5.07832,5.99163333333333,7.51144,12.351375,"TCGA-49-AAR4","low"
5.5329,4.2167,2.78312857142857,6.57275,2.0303625,7.29992857142857,3.74274,7.09922,7.60697,11.4552125,"TCGA-55-7910","high"
6.8856,5.8391,6.1496,6.833325,4.093075,9.70314285714286,7.1017,7.62351333333334,9.65698,12.50835,"TCGA-55-8621","low"
5.19310714285714,2.836,2.76481428571429,7.3329625,1.147125,8.37937142857143,7.66732,6.15515333333333,8.05646,11.9225375,"TCGA-55-6981","high"
8.24510714285714,8.0197,6.40387142857143,9.18095,3.95725,9.71325714285715,6.39444,7.80780666666667,8.54139333333333,13.058075,"TCGA-MP-A4TJ","low"
5.94388571428571,5.722,3.72154285714286,6.4085,1.2564875,7.26078571428571,6.67348,6.62674,8.59174333333333,10.815025,"TCGA-50-5942","low"
7.03230714285714,6.6475,5.0787,7.6897875,2.5517875,10.2418142857143,7.27396,7.31325333333333,7.93806,12.463725,"TCGA-05-4434","high"
5.67608571428571,6.4629,4.96977142857143,4.3850625,1.8947875,8.50095714285714,6.29006,7.4624,8.39409666666667,11.2573375,"TCGA-78-7148","high"
7.01335714285714,6.3122,5.16171428571429,7.136625,2.5442,9.95362857142857,7.57274,7.54674,8.54219333333333,11.43545,"TCGA-69-8453","high"
4.99520714285714,4.8553,3.7458,5.214175,1.567975,9.57248571428572,4.86986,7.78712,8.16318333333333,11.4677375,"TCGA-97-8176","high"
6.44462857142857,6.4643,4.2408,6.960975,2.091175,9.39277142857143,4.86846,7.05484666666667,7.48927,11.8124,"TCGA-67-3771","high"
6.04586428571429,6.8052,4.60321428571429,5.914625,1.925725,8.86162857142857,6.81336,6.6375,8.41278333333333,11.5355375,"TCGA-78-8655","low"
4.72392857142857,5.1909,3.016,5.0060125,1.13905,7.14058571428571,5.91848,5.36838666666667,6.83819666666667,11.833475,"TCGA-95-7948","low"
4.51087142857143,4.5492,3.60774285714286,3.2335,1.735375,7.85454285714286,3.7251,7.51742,8.53448333333333,12.073425,"TCGA-78-7161","low"
5.68608571428571,6.2125,4.57291428571429,4.5785,1.9917875,8.92181428571429,5.59472,5.87989333333333,7.31737,11.57,"TCGA-05-4427","low"
7.07926428571429,6.9799,6.25992857142857,7.6335625,3.6302125,9.84651428571429,8.0719,7.80480666666667,8.97834666666667,11.160475,"TCGA-97-A4M2","low"
7.42075714285714,8.4222,5.63064285714286,7.8705625,2.6486875,9.3677,9.8833,6.61592,7.43382,11.5202625,"TCGA-50-5068","low"
5.64711428571429,8.4435,3.75721428571429,6.8749875,2.0583625,8.31192857142857,6.3695,6.97745333333333,8.39753333333334,10.6457375,"TCGA-44-6148","low"
5.87376428571429,5.3992,3.8754,4.8504375,1.856225,8.91704285714286,2.9857,5.74686,6.61521,10.2919125,"TCGA-78-7536","high"
5.73647857142857,6.4082,4.92244285714286,4.1700375,2.6005125,8.64497142857143,6.72356,5.96898,8.61842666666667,12.6983375,"TCGA-50-5044","low"
7.01658571428572,6.3075,4.87407142857143,9.9316875,2.5267875,8.44775714285714,7.1206,7.08604666666667,8.36123333333333,12.264225,"TCGA-55-A48X","low"
3.96063571428571,7.2996,2.10182857142857,2.933675,0.770475,6.09928571428571,4.17638,5.41812666666667,7.78902333333333,10.701575,"TCGA-55-A494","low"
8.17201428571429,9.7272,6.49824285714286,6.885,3.6134875,9.58207142857143,3.6319,6.33939333333333,8.03232,13.4496625,"TCGA-91-A4BC","low"
5.61226428571428,4.7636,4.01168571428571,6.877075,1.6612,8.25287142857143,7.0849,6.55026666666667,8.03479666666667,10.910625,"TCGA-55-6986","low"
7.95642857142857,8.6108,6.25977142857143,10.09135,3.29615,9.44131428571429,7.42366,6.44320666666666,8.26042,12.4264875,"TCGA-44-2657","low"
6.40202857142857,6.6153,5.08832857142857,3.0470625,1.9263875,8.73612857142857,5.90034,4.71897333333333,5.85621666666667,11.4607375,"TCGA-49-6767","high"
6.13163571428571,6.3215,4.34145714285714,7.9115,1.2024375,8.73197142857143,8.00116,6.51491333333333,6.96987333333333,10.4174,"TCGA-67-6216","low"
6.16847857142857,6.5743,4.71907142857143,7.9320625,2.316475,9.21637142857143,4.62832,6.54619333333333,8.28327666666667,13.4093125,"TCGA-50-5930","high"
6.47406428571429,4.9485,4.5072,7.9415,1.9540625,9.03094285714286,8.37434,7.736,8.16995,11.4995375,"TCGA-97-8552","low"
6.93494285714286,4.9022,4.5675,6.2918625,2.1733,9.06084285714286,8.7601,6.68483333333333,8.27545,11.43525,"TCGA-95-8039","low"
5.45775714285714,5.729,4.50051428571429,6.1118625,2.32045,8.07614285714286,5.98026,7.08361333333333,8.04485666666667,12.760675,"TCGA-55-8204","high"
6.98280714285714,8.6451,6.61065714285714,5.6131375,4.35455,8.40111428571428,4.59518,6.13641333333333,6.94806,12.9974125,"TCGA-64-5781","high"
5.05452857142857,3.3784,2.85778571428571,3.3616375,1.1442,8.31121428571429,6.86328,5.91728,7.45338,11.58415,"TCGA-NJ-A4YI","low"
7.90160714285714,8.7147,6.68587142857143,7.8546,3.9037625,9.38848571428572,5.60382,5.84427333333333,8.34771666666667,12.547875,"TCGA-L9-A444","low"
7.26607857142857,7.0094,5.57972857142857,7.0905875,3.2559875,8.86457142857143,6.04426,5.79563333333333,7.88096333333333,12.0333625,"TCGA-MP-A4SV","high"
5.98857142857143,4.5612,3.24198571428571,6.2714125,1.6665,8.53911428571429,6.8527,6.82711333333333,8.05768666666667,12.0492875,"TCGA-55-8090","low"
7.35350714285714,8.2448,7.21765714285714,5.8315,5.4348,9.65404285714286,3.60126,6.13728666666667,7.01026,11.8459,"TCGA-95-7944","low"
6.15512142857143,5.1787,3.93977142857143,5.9942625,2.0857375,8.67315714285714,7.91984,6.58404666666667,7.74194666666667,12.2277625,"TCGA-NJ-A4YG","low"
6.46202857142857,6.562,5.54111428571429,6.4828875,3.3716,9.61672857142857,4.82942,8.18372,9.40881666666666,12.3995875,"TCGA-91-6830","high"
5.07775714285714,7.6232,4.02475714285714,4.916075,2.77175,7.65774285714286,4.47936,8.46598,8.40184333333333,10.989475,"TCGA-55-8512","high"
6.59862857142857,5.3193,4.5103,7.5159875,2.2056125,10.3229428571429,8.61048,6.46570666666667,8.90493,14.0468,"TCGA-44-6777","low"
6.89267857142857,6.4023,5.45315714285714,7.3004375,4.3450625,9.08512857142857,6.31082,7.34416666666667,8.16268666666667,12.955025,"TCGA-55-6985","low"
4.40419285714286,3.4184,2.77202857142857,5.2433125,0.751325,6.46712857142857,3.41228,7.95356,7.07181,10.78115,"TCGA-MP-A4TE","high"
5.93580714285714,4.9768,4.27272857142857,5.213325,1.9042375,7.79582857142857,6.00048,6.10888,7.44507666666667,11.7898875,"TCGA-L4-A4E5","low"
7.45122857142857,6.8039,4.86842857142857,8.2745625,2.32255,9.2606,3.60106,5.51484666666667,7.42939,13.4000375,"TCGA-55-6969","high"
6.17157857142857,4.2507,3.8918,6.545575,1.7873125,9.67668571428571,6.5378,6.25633333333333,7.42327,11.6345875,"TCGA-55-7815","high"
5.44715,6.653,2.76474285714286,6.0419625,1.7397375,8.14651428571429,3.58886,6.89197333333333,7.30863333333333,12.36855,"TCGA-05-4390","high"
5.44983571428571,5.7961,3.9846,5.3738375,1.514775,7.3865,7.29922,5.87830666666667,8.51990333333334,12.56285,"TCGA-78-7537","low"
5.92014285714286,6.2081,4.87321428571429,5.0687875,2.7309125,9.34471428571429,6.3648,7.22981333333333,9.00772666666666,11.12985,"TCGA-55-7284","high"
5.76232857142857,4.9911,3.89498571428571,5.560675,2.09585,7.87541428571429,5.74004,6.95644666666667,7.84034666666666,13.0900125,"TCGA-55-8614","high"
4.19855,4.2501,3.83497142857143,4.999975,0.7999875,7.09282857142857,3.95752,5.99316,8.07088,11.1367625,"TCGA-95-7043","high"
7.48266428571428,7.4303,5.57365714285714,7.7483375,2.3074875,9.228,5.00838,5.80901333333333,7.15743,12.3745875,"TCGA-L9-A8F4","low"
5.20787142857143,7.7056,3.69742857142857,6.524475,1.37925,8.65108571428571,4.57258,6.53178666666667,8.23260666666667,11.19525,"TCGA-44-7670","high"
5.72769285714286,5.9805,3.87887142857143,5.54525,1.784425,7.82585714285714,5.65216,5.90634666666667,8.57734,12.319725,"TCGA-95-7039","high"
7.92772142857143,7.3798,6.74207142857143,6.6327,3.732975,10.3654428571429,7.24698,6.13079333333333,8.09194,13.1876,"TCGA-MP-A4TI","high"
6.13527857142857,4.542,4.07728571428571,4.75645,1.300075,9.36674285714286,8.91632,6.03947333333333,7.72227666666667,14.0454375,"TCGA-44-2665","low"
5.67839285714286,4.6394,3.37288571428571,4.4547,1.4519625,8.98405714285714,7.9282,6.27469333333333,7.32121666666667,11.005725,"TCGA-O1-A52J","low"
6.22106428571429,6.1673,5.1092,4.6904875,2.1764125,9.03257142857143,4.7175,5.69634666666667,7.31012,12.3737875,"TCGA-55-5899","high"
7.08918571428571,6.2447,5.0797,8.034125,2.9523875,10.4200571428571,8.19568,7.01936,6.99464333333333,10.4730375,"TCGA-55-7728","low"
7.43317857142857,7.327,5.62865714285714,7.2412875,2.1746,9.02358571428571,8.57918,6.60115333333333,9.08677,12.5017375,"TCGA-99-7458","low"
7.17747857142857,7.0436,5.20418571428571,6.6280375,2.4387375,8.92962857142857,8.22078,6.28598666666667,7.18361,10.7229625,"TCGA-97-A4M0","low"
6.55169285714286,6.5149,4.9599,6.15695,3.2076125,9.67962857142857,6.34212,5.82883333333333,9.12705666666667,13.43445,"TCGA-91-6848","high"
8.13209285714286,8.176,5.13018571428571,10.793825,2.3750625,9.23632857142857,9.22362,6.08092666666667,8.63988333333333,12.9807875,"TCGA-50-5055","low"
4.10906428571429,3.924,2.89844285714286,4.421175,1.09985,8.28178571428571,4.59172,6.54525333333333,8.56275,12.2049375,"TCGA-44-7671","high"
6.71310714285714,6.6211,4.66791428571428,6.65055,1.99485,9.55197142857143,8.91194,6.9742,7.56179,11.0431625,"TCGA-05-5423","low"
7.25963571428571,7.3886,5.4115,8.6772,2.814825,9.42072857142857,6.73882,8.12613333333333,9.17037666666667,11.821125,"TCGA-55-8619","low"
5.34501428571429,4.6817,3.46948571428571,4.703725,0.9931,7.19205714285714,5.26718,6.80394,7.12738333333333,10.207475,"TCGA-64-1680","low"
7.36039285714286,8.2236,5.80037142857143,7.604825,3.2292,10.0382714285714,5.47144,5.67308666666667,7.61309333333333,12.864125,"TCGA-49-AAR3","high"
5.58176428571429,3.3266,3.08907142857143,5.38625,1.3458,8.77527142857143,5.7543,6.3119,7.61756666666667,10.6189875,"TCGA-55-8514","low"
7.37217142857143,5.6623,4.50081428571429,9.1628375,2.5307375,8.77807142857143,8.00886,7.04667333333333,8.87543666666667,11.534375,"TCGA-91-8497","low"
4.08745,4.9027,3.56048571428571,2.46195,1.3405375,7.63998571428571,1.67548,5.13481333333333,6.41517333333333,11.4532375,"TCGA-49-AAR9","high"
5.91417857142857,4.2919,3.3561,5.808375,2.1765625,9.04678571428571,5.56908,6.54958,8.81726666666667,14.7281,"TCGA-44-6774","high"
7.32456428571429,7.4511,5.30987142857143,7.6316375,2.0507,9.60684285714286,7.89714,6.62622666666667,7.94917,12.28635,"TCGA-44-3919","low"
6.6026,5.9589,4.45161428571429,8.6727625,1.990625,8.34967142857143,6.02906,6.83733333333333,9.12356666666667,12.4914875,"TCGA-44-6147","low"
7.51975,7.6541,6.17352857142857,8.40955,3.8265625,9.5201,7.45528,5.80040666666667,7.81820333333333,12.6249,"TCGA-55-8301","low"
5.43762142857143,5.3074,3.96328571428571,4.4365875,1.3348625,8.30902857142857,4.54992,5.91230666666667,7.18174,11.7692375,"TCGA-95-7562","high"
7.07813571428571,6.5802,4.54944285714286,9.513025,1.9425625,8.44524285714286,7.58876,6.80946666666667,8.3006,12.6726625,"TCGA-55-6983","low"
6.14165714285714,7.5471,4.07805714285714,6.8483875,1.981475,7.5947,3.89068,5.9936,6.89984666666667,11.046125,"TCGA-53-7813","low"
4.42642142857143,2.8545,2.65092857142857,4.9706375,0.7969,7.19521428571429,5.0239,5.38508666666667,7.01517333333333,11.7322375,"TCGA-MN-A4N1","high"
6.04083571428571,7.743,3.78641428571429,7.2057875,4.8822625,7.63222857142857,3.48222,7.78826,8.59991,12.1091875,"TCGA-78-7159","high"
5.60985,3.4719,2.48058571428571,6.3906875,0.74345,8.4481,6.0982,6.93146666666667,8.47639,12.2499,"TCGA-50-6673","high"
6.78862857142857,6.1568,4.22497142857143,8.168575,1.4801,8.57024285714286,8.4861,6.81952666666667,8.27107333333333,12.2069375,"TCGA-75-7025","low"
4.8141,3.0177,3.3303,4.5303125,1.6637625,8.48682857142857,6.9972,6.31361333333333,7.66506333333333,13.7362625,"TCGA-55-7726","high"
7.63616428571429,7.2754,5.17212857142857,8.22055,2.44425,9.67787142857143,7.84218,7.14982666666667,8.70926333333333,13.1637375,"TCGA-L9-A743","low"
5.76184285714286,6.9886,4.80672857142857,5.8668625,2.61055,8.00591428571428,3.85594,5.98495333333333,7.38818666666667,11.900425,"TCGA-86-8358","high"
3.59526428571429,4.1798,3.2858,3.6117,1.0375375,6.15988571428571,3.94908,6.5503,6.92744333333333,7.548425,"TCGA-55-6972","low"
6.43455714285714,6.0474,4.01248571428571,8.1862,2.0787875,8.75141428571429,6.22606,6.00349333333333,7.45665,9.87875,"TCGA-55-7727","low"
5.77091428571429,7.9982,4.01352857142857,5.6283625,3.7389625,8.74567142857143,4.8126,6.70290666666667,7.63026333333333,13.0029375,"TCGA-91-6831","high"
5.46475714285714,5.6715,3.64137142857143,5.5523125,1.8650875,8.45408571428571,3.1588,5.90862666666667,8.05611333333333,13.61135,"TCGA-MN-A4N4","low"
5.92885714285714,5.6361,4.24301428571429,6.503375,2.2228375,8.83817142857143,5.38704,6.41009333333333,7.26326666666667,11.8971625,"TCGA-55-8302","high"
6.80007857142857,6.2903,4.60825714285714,7.960325,2.26835,9.10688571428572,7.49406,6.43207333333333,8.47167666666667,13.8244,"TCGA-MP-A4TK","low"
