patient	mutation_count
TCGA-05-4244	229
TCGA-05-4249	340
TCGA-05-4250	396
TCGA-05-4382	1824
TCGA-05-4384	141
TCGA-05-4389	246
TCGA-05-4390	597
TCGA-05-4395	284
TCGA-05-4396	257
TCGA-05-4397	909
TCGA-05-4398	761
TCGA-05-4402	128
TCGA-05-4403	144
TCGA-05-4405	398
TCGA-05-4410	1156
TCGA-05-4415	215
TCGA-05-4417	330
TCGA-05-4418	301
TCGA-05-4420	310
TCGA-05-4422	48
TCGA-05-4424	729
TCGA-05-4425	44
TCGA-05-4426	46
TCGA-05-4427	1074
TCGA-05-4430	279
TCGA-05-4432	623
TCGA-05-4433	41
TCGA-05-4434	50
TCGA-05-5420	90
TCGA-05-5423	157
TCGA-05-5425	602
TCGA-05-5428	407
TCGA-05-5429	36
TCGA-05-5715	130
TCGA-17-Z000	126
TCGA-17-Z001	214
TCGA-17-Z002	8
TCGA-17-Z003	256
TCGA-17-Z004	22
TCGA-17-Z005	95
TCGA-17-Z007	66
TCGA-17-Z009	40
TCGA-17-Z010	308
TCGA-17-Z011	112
TCGA-17-Z013	65
TCGA-17-Z015	533
TCGA-17-Z016	327
TCGA-17-Z017	234
TCGA-17-Z018	268
TCGA-17-Z019	2
TCGA-17-Z020	124
TCGA-17-Z021	135
TCGA-17-Z022	1340
TCGA-17-Z023	427
TCGA-17-Z025	260
TCGA-17-Z026	1031
TCGA-17-Z027	101
TCGA-17-Z028	507
TCGA-17-Z030	586
TCGA-17-Z031	2468
TCGA-17-Z032	115
TCGA-17-Z033	170
TCGA-17-Z036	80
TCGA-17-Z037	145
TCGA-17-Z041	51
TCGA-17-Z042	511
TCGA-17-Z043	220
TCGA-17-Z044	133
TCGA-17-Z045	738
TCGA-17-Z047	24
TCGA-17-Z048	33
TCGA-17-Z049	528
TCGA-17-Z050	179
TCGA-17-Z051	143
TCGA-17-Z052	119
TCGA-17-Z053	267
TCGA-17-Z054	4
TCGA-17-Z055	650
TCGA-17-Z056	485
TCGA-17-Z057	429
TCGA-17-Z058	82
TCGA-17-Z059	164
TCGA-17-Z061	194
TCGA-17-Z062	449
TCGA-35-4122	337
TCGA-35-4123	310
TCGA-35-5375	457
TCGA-38-4625	625
TCGA-38-4626	223
TCGA-38-4627	29
TCGA-38-4628	133
TCGA-38-4629	301
TCGA-38-4630	132
TCGA-38-4631	798
TCGA-38-4632	548
TCGA-38-6178	59
TCGA-38-7271	56
TCGA-38-A44F	14
TCGA-44-2655	202
TCGA-44-2656	895
TCGA-44-2657	425
TCGA-44-2661	46
TCGA-44-2662	222
TCGA-44-2665	48
TCGA-44-2666	32
TCGA-44-2668	376
TCGA-44-3396	200
TCGA-44-3398	194
TCGA-44-3917	244
TCGA-44-3918	961
TCGA-44-3919	38
TCGA-44-4112	469
TCGA-44-5643	142
TCGA-44-5644	1033
TCGA-44-5645	42
TCGA-44-6144	240
TCGA-44-6145	332
TCGA-44-6146	43
TCGA-44-6147	192
TCGA-44-6148	6
TCGA-44-6774	315
TCGA-44-6775	57
TCGA-44-6776	210
TCGA-44-6777	387
TCGA-44-6778	420
TCGA-44-6779	106
TCGA-44-7659	161
TCGA-44-7660	373
TCGA-44-7661	271
TCGA-44-7662	603
TCGA-44-7667	500
TCGA-44-7669	495
TCGA-44-7670	1178
TCGA-44-7671	253
TCGA-44-7672	167
TCGA-44-8117	838
TCGA-44-8119	688
TCGA-44-8120	673
TCGA-44-A479	306
TCGA-44-A47A	225
TCGA-44-A47B	49
TCGA-44-A47G	71
TCGA-44-A4SS	505
TCGA-44-A4SU	153
TCGA-49-4486	151
TCGA-49-4487	364
TCGA-49-4488	310
TCGA-49-4490	41
TCGA-49-4494	203
TCGA-49-4501	50
TCGA-49-4505	231
TCGA-49-4506	121
TCGA-49-4507	211
TCGA-49-4510	48
TCGA-49-4512	40
TCGA-49-4514	349
TCGA-49-6742	296
TCGA-49-6743	801
TCGA-49-6744	219
TCGA-49-6745	130
TCGA-49-6761	192
TCGA-49-6767	519
TCGA-49-AAQV	64
TCGA-49-AAR0	139
TCGA-49-AAR2	427
TCGA-49-AAR3	126
TCGA-49-AAR4	587
TCGA-49-AAR9	708
TCGA-49-AARE	1329
TCGA-49-AARN	811
TCGA-49-AARO	635
TCGA-49-AARQ	770
TCGA-49-AARR	1
TCGA-4B-A93V	148
TCGA-50-5044	131
TCGA-50-5045	296
TCGA-50-5049	819
TCGA-50-5051	123
TCGA-50-5055	10
TCGA-50-5066	279
TCGA-50-5068	96
TCGA-50-5072	175
TCGA-50-5930	1193
TCGA-50-5931	332
TCGA-50-5932	84
TCGA-50-5933	532
TCGA-50-5935	95
TCGA-50-5936	123
TCGA-50-5939	77
TCGA-50-5941	398
TCGA-50-5942	57
TCGA-50-5944	66
TCGA-50-5946	718
TCGA-50-6590	928
TCGA-50-6591	54
TCGA-50-6592	311
TCGA-50-6593	331
TCGA-50-6594	575
TCGA-50-6595	81
TCGA-50-6597	57
TCGA-50-6673	59
TCGA-50-7109	258
TCGA-50-8457	59
TCGA-50-8459	90
TCGA-50-8460	31
TCGA-53-7624	867
TCGA-53-7626	375
TCGA-53-7813	165
TCGA-53-A4EZ	566
TCGA-55-1592	562
TCGA-55-1594	166
TCGA-55-1595	341
TCGA-55-1596	205
TCGA-55-5899	485
TCGA-55-6543	24
TCGA-55-6642	133
TCGA-55-6712	145
TCGA-55-6968	539
TCGA-55-6969	428
TCGA-55-6970	184
TCGA-55-6971	87
TCGA-55-6972	287
TCGA-55-6975	76
TCGA-55-6978	30
TCGA-55-6979	118
TCGA-55-6980	13
TCGA-55-6981	53
TCGA-55-6982	228
TCGA-55-6983	114
TCGA-55-6984	23
TCGA-55-6985	472
TCGA-55-6986	21
TCGA-55-6987	186
TCGA-55-7227	176
TCGA-55-7281	482
TCGA-55-7283	234
TCGA-55-7284	43
TCGA-55-7570	410
TCGA-55-7573	56
TCGA-55-7574	235
TCGA-55-7576	406
TCGA-55-7724	213
TCGA-55-7725	154
TCGA-55-7726	118
TCGA-55-7727	270
TCGA-55-7728	96
TCGA-55-7815	158
TCGA-55-7903	168
TCGA-55-7907	1263
TCGA-55-7910	331
TCGA-55-7911	252
TCGA-55-7913	362
TCGA-55-7914	189
TCGA-55-7994	1704
TCGA-55-7995	719
TCGA-55-8085	290
TCGA-55-8087	31
TCGA-55-8089	1322
TCGA-55-8090	96
TCGA-55-8091	21
TCGA-55-8092	617
TCGA-55-8094	496
TCGA-55-8096	153
TCGA-55-8097	117
TCGA-55-8203	464
TCGA-55-8204	236
TCGA-55-8205	578
TCGA-55-8206	29
TCGA-55-8207	351
TCGA-55-8208	340
TCGA-55-8299	190
TCGA-55-8301	307
TCGA-55-8302	735
TCGA-55-8506	1922
TCGA-55-8507	1068
TCGA-55-8508	195
TCGA-55-8510	337
TCGA-55-8511	603
TCGA-55-8512	42
TCGA-55-8513	1
TCGA-55-8514	312
TCGA-55-8614	258
TCGA-55-8615	132
TCGA-55-8616	536
TCGA-55-8619	21
TCGA-55-8620	545
TCGA-55-8621	54
TCGA-55-A48X	395
TCGA-55-A48Y	373
TCGA-55-A48Z	58
TCGA-55-A490	1413
TCGA-55-A491	406
TCGA-55-A492	306
TCGA-55-A493	276
TCGA-55-A494	255
TCGA-55-A4DF	849
TCGA-55-A4DG	750
TCGA-55-A57B	41
TCGA-62-8394	138
TCGA-62-8395	79
TCGA-62-8397	30
TCGA-62-8398	87
TCGA-62-8399	560
TCGA-62-8402	58
TCGA-62-A46O	971
TCGA-62-A46P	292
TCGA-62-A46R	182
TCGA-62-A46S	129
TCGA-62-A46U	46
TCGA-62-A46V	60
TCGA-62-A46Y	36
TCGA-62-A470	130
TCGA-62-A471	125
TCGA-62-A472	63
TCGA-64-1676	619
TCGA-64-1677	222
TCGA-64-1678	454
TCGA-64-1679	545
TCGA-64-1680	55
TCGA-64-1681	69
TCGA-64-5774	152
TCGA-64-5775	535
TCGA-64-5778	505
TCGA-64-5779	391
TCGA-64-5781	1197
TCGA-64-5815	188
TCGA-67-3770	234
TCGA-67-3771	1183
TCGA-67-3773	106
TCGA-67-3774	121
TCGA-67-4679	307
TCGA-67-6215	110
TCGA-67-6216	29
TCGA-67-6217	195
TCGA-69-7760	76
TCGA-69-7761	34
TCGA-69-7763	77
TCGA-69-7764	93
TCGA-69-7765	653
TCGA-69-7973	279
TCGA-69-7974	544
TCGA-69-7978	625
TCGA-69-7979	1593
TCGA-69-7980	876
TCGA-69-8253	170
TCGA-69-8254	79
TCGA-69-8255	317
TCGA-69-A59K	520
TCGA-71-6725	60
TCGA-71-8520	96
TCGA-73-4658	338
TCGA-73-4659	232
TCGA-73-4662	222
TCGA-73-4666	406
TCGA-73-4668	464
TCGA-73-4670	389
TCGA-73-4675	77
TCGA-73-4676	103
TCGA-73-4677	270
TCGA-73-7498	124
TCGA-73-7499	66
TCGA-73-A9RS	1048
TCGA-75-5122	140
TCGA-75-5125	176
TCGA-75-5126	637
TCGA-75-5146	200
TCGA-75-5147	39
TCGA-75-6203	14
TCGA-75-6205	45
TCGA-75-6206	93
TCGA-75-6207	62
TCGA-75-6211	403
TCGA-75-6212	21
TCGA-75-6214	751
TCGA-75-7025	33
TCGA-75-7027	259
TCGA-75-7030	8
TCGA-75-7031	224
TCGA-78-7145	202
TCGA-78-7146	394
TCGA-78-7147	379
TCGA-78-7148	231
TCGA-78-7149	153
TCGA-78-7150	451
TCGA-78-7152	216
TCGA-78-7153	111
TCGA-78-7154	270
TCGA-78-7155	1646
TCGA-78-7156	323
TCGA-78-7158	258
TCGA-78-7159	329
TCGA-78-7160	44
TCGA-78-7161	204
TCGA-78-7162	90
TCGA-78-7163	20
TCGA-78-7166	249
TCGA-78-7167	104
TCGA-78-7220	914
TCGA-78-7535	188
TCGA-78-7536	673
TCGA-78-7537	147
TCGA-78-7539	527
TCGA-78-7540	31
TCGA-78-7542	398
TCGA-78-7633	114
TCGA-78-8640	781
TCGA-78-8648	7
TCGA-78-8655	113
TCGA-78-8660	267
TCGA-78-8662	1251
TCGA-80-5607	134
TCGA-80-5608	184
TCGA-80-5611	207
TCGA-83-5908	252
TCGA-86-6562	54
TCGA-86-6851	948
TCGA-86-7701	208
TCGA-86-7711	242
TCGA-86-7713	167
TCGA-86-7714	90
TCGA-86-7953	54
TCGA-86-7954	225
TCGA-86-7955	341
TCGA-86-8054	233
TCGA-86-8055	44
TCGA-86-8056	295
TCGA-86-8073	1588
TCGA-86-8074	76
TCGA-86-8075	46
TCGA-86-8076	67
TCGA-86-8278	101
TCGA-86-8279	559
TCGA-86-8280	49
TCGA-86-8281	275
TCGA-86-8359	182
TCGA-86-8585	620
TCGA-86-8668	33
TCGA-86-8669	153
TCGA-86-8671	33
TCGA-86-8672	329
TCGA-86-8673	512
TCGA-86-8674	314
TCGA-86-A456	374
TCGA-86-A4D0	287
TCGA-86-A4JF	1468
TCGA-86-A4P7	62
TCGA-91-6828	290
TCGA-91-6829	687
TCGA-91-6830	229
TCGA-91-6831	290
TCGA-91-6835	79
TCGA-91-6836	483
TCGA-91-6840	130
TCGA-91-6847	77
TCGA-91-6848	623
TCGA-91-6849	124
TCGA-91-7771	201
TCGA-91-8496	31
TCGA-91-8497	43
TCGA-91-8499	347
TCGA-91-A4BC	468
TCGA-91-A4BD	23
TCGA-93-7347	126
TCGA-93-7348	113
TCGA-93-8067	559
TCGA-93-A4JN	75
TCGA-93-A4JO	51
TCGA-93-A4JP	56
TCGA-93-A4JQ	137
TCGA-95-7039	1351
TCGA-95-7043	1193
TCGA-95-7562	439
TCGA-95-7567	1002
TCGA-95-7944	268
TCGA-95-7947	593
TCGA-95-7948	149
TCGA-95-8039	103
TCGA-95-8494	114
TCGA-95-A4VK	281
TCGA-95-A4VN	492
TCGA-95-A4VP	130
TCGA-97-7546	301
TCGA-97-7547	181
TCGA-97-7552	34
TCGA-97-7553	52
TCGA-97-7554	468
TCGA-97-7937	484
TCGA-97-7938	428
TCGA-97-7941	95
TCGA-97-8171	57
TCGA-97-8172	286
TCGA-97-8174	175
TCGA-97-8175	32
TCGA-97-8176	166
TCGA-97-8177	36
TCGA-97-8179	188
TCGA-97-8547	58
TCGA-97-8552	25
TCGA-97-A4LX	188
TCGA-97-A4M0	418
TCGA-97-A4M1	45
TCGA-97-A4M3	224
TCGA-97-A4M5	162
TCGA-97-A4M6	36
TCGA-97-A4M7	331
TCGA-99-7458	523
TCGA-99-8025	527
TCGA-99-8028	405
TCGA-99-8032	420
TCGA-99-8033	186
TCGA-99-AA5R	42
TCGA-J2-8192	78
TCGA-J2-8194	161
TCGA-J2-A4AD	356
TCGA-J2-A4AE	59
TCGA-J2-A4AG	86
TCGA-L4-A4E5	370
TCGA-L4-A4E6	8
TCGA-L9-A443	263
TCGA-L9-A444	610
TCGA-L9-A50W	33
TCGA-L9-A5IP	312
TCGA-L9-A743	122
TCGA-L9-A7SV	1766
TCGA-L9-A8F4	846
TCGA-MN-A4N1	490
TCGA-MN-A4N4	1570
TCGA-MN-A4N5	493
TCGA-MP-A4SV	362
TCGA-MP-A4SW	69
TCGA-MP-A4SY	157
TCGA-MP-A4T2	89
TCGA-MP-A4T4	413
TCGA-MP-A4T6	79
TCGA-MP-A4T7	143
TCGA-MP-A4T8	123
TCGA-MP-A4T9	36
TCGA-MP-A4TA	385
TCGA-MP-A4TC	281
TCGA-MP-A4TD	88
TCGA-MP-A4TE	153
TCGA-MP-A4TF	451
TCGA-MP-A4TH	119
TCGA-MP-A4TJ	103
TCGA-MP-A4TK	379
TCGA-MP-A5C7	79
TCGA-NJ-A4YF	666
TCGA-NJ-A4YG	164
TCGA-NJ-A4YI	502
TCGA-NJ-A4YP	597
TCGA-NJ-A4YQ	1185
TCGA-NJ-A55A	106
TCGA-NJ-A55O	150
TCGA-NJ-A55R	294
TCGA-NJ-A7XG	37
TCGA-O1-A52J	196
TCGA-S2-AA1A	131
