patient	TP53_mut	KRAS_mut
TCGA-05-4244	0	1
TCGA-05-4249	0	1
TCGA-05-4250	0	1
TCGA-05-4382	1	0
TCGA-05-4390	0	1
TCGA-05-4395	1	1
TCGA-05-4396	1	0
TCGA-05-4397	1	0
TCGA-05-4398	1	0
TCGA-05-4402	1	0
TCGA-05-4405	1	0
TCGA-05-4410	1	0
TCGA-05-4415	1	1
TCGA-05-4417	0	1
TCGA-05-4418	0	1
TCGA-05-4420	1	0
TCGA-05-4424	1	0
TCGA-05-4427	1	1
TCGA-05-4430	1	0
TCGA-05-4432	1	0
TCGA-05-4433	1	1
TCGA-05-5423	1	0
TCGA-05-5425	1	0
TCGA-05-5428	1	0
TCGA-17-Z001	1	0
TCGA-17-Z003	1	0
TCGA-17-Z005	1	0
TCGA-17-Z007	1	0
TCGA-17-Z010	0	1
TCGA-17-Z015	1	0
TCGA-17-Z017	1	1
TCGA-17-Z020	1	1
TCGA-17-Z021	1	0
TCGA-17-Z022	1	1
TCGA-17-Z023	1	0
TCGA-17-Z026	1	0
TCGA-17-Z027	1	0
TCGA-17-Z028	1	0
TCGA-17-Z030	1	0
TCGA-17-Z031	1	0
TCGA-17-Z033	0	1
TCGA-17-Z036	0	1
TCGA-17-Z037	1	1
TCGA-17-Z042	1	1
TCGA-17-Z043	1	0
TCGA-17-Z044	1	0
TCGA-17-Z045	1	0
TCGA-17-Z047	1	0
TCGA-17-Z049	1	0
TCGA-17-Z050	0	1
TCGA-17-Z052	1	0
TCGA-17-Z053	1	0
TCGA-17-Z055	1	0
TCGA-17-Z056	1	0
TCGA-17-Z057	1	0
TCGA-17-Z061	1	0
TCGA-17-Z062	1	0
TCGA-35-4122	1	0
TCGA-35-4123	1	0
TCGA-35-5375	1	0
TCGA-38-4629	1	0
TCGA-38-4630	1	0
TCGA-38-4632	1	0
TCGA-38-6178	1	0
TCGA-44-2656	1	0
TCGA-44-2662	1	0
TCGA-44-2668	1	0
TCGA-44-3396	1	0
TCGA-44-3917	1	1
TCGA-44-3918	1	0
TCGA-44-5644	1	0
TCGA-44-5645	1	0
TCGA-44-6144	1	0
TCGA-44-6145	1	1
TCGA-44-6146	0	1
TCGA-44-6147	1	0
TCGA-44-6774	1	0
TCGA-44-6776	0	1
TCGA-44-6777	1	0
TCGA-44-6778	1	0
TCGA-44-6779	1	0
TCGA-44-7660	1	0
TCGA-44-7661	1	1
TCGA-44-7662	1	0
TCGA-44-7669	1	0
TCGA-44-7670	1	0
TCGA-44-7671	0	1
TCGA-44-7672	0	1
TCGA-44-8117	1	1
TCGA-44-8120	1	0
TCGA-44-A479	1	0
TCGA-44-A47A	0	1
TCGA-44-A47G	1	0
TCGA-44-A4SS	1	0
TCGA-44-A4SU	1	0
TCGA-49-4487	1	0
TCGA-49-4488	1	0
TCGA-49-4490	1	0
TCGA-49-4505	1	1
TCGA-49-4510	0	1
TCGA-49-4514	1	0
TCGA-49-6767	1	0
TCGA-49-AAQV	1	0
TCGA-49-AAR0	1	0
TCGA-49-AAR3	1	0
TCGA-49-AAR4	1	0
TCGA-49-AAR9	1	0
TCGA-49-AARE	1	0
TCGA-49-AARN	1	0
TCGA-49-AARO	0	1
TCGA-49-AARQ	1	1
TCGA-4B-A93V	1	1
TCGA-50-5045	1	0
TCGA-50-5049	1	0
TCGA-50-5051	0	1
TCGA-50-5931	1	0
TCGA-50-5932	0	1
TCGA-50-5933	1	0
TCGA-50-5939	1	0
TCGA-50-5941	1	1
TCGA-50-5944	1	0
TCGA-50-5946	1	0
TCGA-50-6590	1	0
TCGA-50-6591	1	0
TCGA-50-6592	1	0
TCGA-50-6593	1	0
TCGA-50-6594	1	0
TCGA-50-6673	1	0
TCGA-50-8459	0	1
TCGA-50-8460	1	0
TCGA-53-7624	1	0
TCGA-53-7626	1	0
TCGA-53-7813	0	1
TCGA-53-A4EZ	1	0
TCGA-55-1592	1	0
TCGA-55-1594	1	0
TCGA-55-1595	0	1
TCGA-55-1596	1	0
TCGA-55-5899	1	0
TCGA-55-6642	0	1
TCGA-55-6712	1	0
TCGA-55-6968	1	0
TCGA-55-6969	1	0
TCGA-55-6970	0	1
TCGA-55-6975	1	1
TCGA-55-6980	1	0
TCGA-55-6981	1	0
TCGA-55-6983	0	1
TCGA-55-6984	0	1
TCGA-55-6985	1	0
TCGA-55-7227	1	0
TCGA-55-7281	0	1
TCGA-55-7283	1	1
TCGA-55-7284	0	1
TCGA-55-7570	1	0
TCGA-55-7573	1	0
TCGA-55-7574	1	0
TCGA-55-7576	1	1
TCGA-55-7725	0	1
TCGA-55-7726	1	1
TCGA-55-7727	1	0
TCGA-55-7728	0	1
TCGA-55-7815	0	1
TCGA-55-7903	1	0
TCGA-55-7907	1	1
TCGA-55-7910	1	1
TCGA-55-7911	1	1
TCGA-55-7913	1	0
TCGA-55-7914	1	1
TCGA-55-7994	1	0
TCGA-55-7995	1	0
TCGA-55-8085	1	0
TCGA-55-8089	1	0
TCGA-55-8090	0	1
TCGA-55-8092	1	0
TCGA-55-8094	1	1
TCGA-55-8096	1	0
TCGA-55-8097	0	1
TCGA-55-8203	0	1
TCGA-55-8204	1	0
TCGA-55-8205	1	0
TCGA-55-8207	0	1
TCGA-55-8208	1	0
TCGA-55-8301	1	0
TCGA-55-8302	1	1
TCGA-55-8506	1	0
TCGA-55-8507	1	0
TCGA-55-8508	0	1
TCGA-55-8510	1	0
TCGA-55-8511	1	0
TCGA-55-8512	0	1
TCGA-55-8514	1	1
TCGA-55-8614	1	0
TCGA-55-8615	0	1
TCGA-55-8616	1	1
TCGA-55-8620	1	0
TCGA-55-A48X	1	0
TCGA-55-A48Z	1	0
TCGA-55-A490	0	1
TCGA-55-A491	1	0
TCGA-55-A493	1	0
TCGA-55-A494	0	1
TCGA-55-A4DG	1	0
TCGA-55-A57B	1	0
TCGA-62-8398	0	1
TCGA-62-8399	1	0
TCGA-62-8402	1	0
TCGA-62-A46O	1	0
TCGA-62-A46R	1	1
TCGA-62-A46S	0	1
TCGA-62-A46U	1	0
TCGA-62-A46Y	1	0
TCGA-62-A471	1	0
TCGA-62-A472	1	0
TCGA-64-1676	1	0
TCGA-64-1677	1	0
TCGA-64-1678	1	0
TCGA-64-1679	1	0
TCGA-64-1681	1	0
TCGA-64-5774	0	1
TCGA-64-5775	0	1
TCGA-64-5778	1	1
TCGA-64-5815	0	1
TCGA-67-3770	1	0
TCGA-67-3771	1	0
TCGA-67-3773	0	1
TCGA-67-3774	0	1
TCGA-67-4679	0	1
TCGA-69-7760	1	0
TCGA-69-7765	1	0
TCGA-69-7973	0	1
TCGA-69-7974	1	1
TCGA-69-7978	1	1
TCGA-69-7979	1	0
TCGA-69-7980	1	1
TCGA-69-8253	0	1
TCGA-69-8254	0	1
TCGA-69-8255	1	0
TCGA-71-6725	1	0
TCGA-71-8520	1	0
TCGA-73-4662	0	1
TCGA-73-4666	1	0
TCGA-73-4670	1	1
TCGA-73-4676	1	0
TCGA-73-4677	0	1
TCGA-73-7498	0	1
TCGA-73-7499	1	0
TCGA-73-A9RS	1	0
TCGA-75-5125	1	0
TCGA-75-5126	0	1
TCGA-75-5147	1	0
TCGA-75-6206	0	1
TCGA-75-6207	1	0
TCGA-75-6211	1	0
TCGA-75-6214	1	0
TCGA-75-7027	0	1
TCGA-75-7031	1	0
TCGA-78-7145	1	1
TCGA-78-7146	1	0
TCGA-78-7147	1	0
TCGA-78-7148	0	1
TCGA-78-7150	1	0
TCGA-78-7154	1	0
TCGA-78-7155	1	0
TCGA-78-7160	0	1
TCGA-78-7161	0	1
TCGA-78-7166	0	1
TCGA-78-7167	0	1
TCGA-78-7220	1	0
TCGA-78-7535	1	0
TCGA-78-7536	1	0
TCGA-78-7539	0	1
TCGA-78-7540	1	1
TCGA-78-7542	1	0
TCGA-78-8640	1	0
TCGA-78-8655	0	1
TCGA-78-8660	1	0
TCGA-78-8662	1	0
TCGA-80-5608	0	1
TCGA-83-5908	1	1
TCGA-86-6851	1	0
TCGA-86-7701	1	0
TCGA-86-7711	1	0
TCGA-86-7713	0	1
TCGA-86-7953	1	1
TCGA-86-7954	1	0
TCGA-86-7955	1	0
TCGA-86-8054	0	1
TCGA-86-8055	1	0
TCGA-86-8056	1	1
TCGA-86-8073	1	0
TCGA-86-8074	1	0
TCGA-86-8075	1	0
TCGA-86-8076	0	1
TCGA-86-8279	1	0
TCGA-86-8280	1	0
TCGA-86-8359	0	1
TCGA-86-8585	1	0
TCGA-86-8672	1	0
TCGA-86-8673	1	0
TCGA-86-8674	0	1
TCGA-86-A456	0	1
TCGA-86-A4D0	1	0
TCGA-86-A4JF	1	1
TCGA-91-6828	0	1
TCGA-91-6831	1	0
TCGA-91-6836	1	1
TCGA-91-6840	1	0
TCGA-91-6847	1	0
TCGA-91-6848	1	0
TCGA-91-8499	1	0
TCGA-91-A4BC	1	0
TCGA-93-8067	1	1
TCGA-93-A4JN	1	0
TCGA-93-A4JO	1	1
TCGA-93-A4JP	1	0
TCGA-95-7039	1	1
TCGA-95-7043	1	0
TCGA-95-7562	1	1
TCGA-95-7567	1	1
TCGA-95-7944	1	0
TCGA-95-7947	1	0
TCGA-95-8039	1	0
TCGA-95-8494	1	0
TCGA-95-A4VN	0	1
TCGA-95-A4VP	0	1
TCGA-97-7553	1	0
TCGA-97-7554	1	1
TCGA-97-7937	1	0
TCGA-97-7938	1	1
TCGA-97-7941	0	1
TCGA-97-8175	1	0
TCGA-97-8176	0	1
TCGA-97-8179	1	1
TCGA-97-8547	1	0
TCGA-97-A4M0	0	1
TCGA-97-A4M1	1	0
TCGA-97-A4M5	0	1
TCGA-99-7458	1	0
TCGA-99-8025	1	1
TCGA-99-8028	1	1
TCGA-99-8032	0	1
TCGA-99-8033	1	0
TCGA-J2-8194	0	1
TCGA-J2-A4AD	1	0
TCGA-J2-A4AG	0	1
TCGA-L4-A4E5	1	0
TCGA-L9-A443	0	1
TCGA-L9-A444	1	0
TCGA-L9-A5IP	1	0
TCGA-L9-A743	1	0
TCGA-L9-A7SV	1	0
TCGA-L9-A8F4	1	0
TCGA-MN-A4N1	1	0
TCGA-MN-A4N5	1	1
TCGA-MP-A4SV	1	0
TCGA-MP-A4SY	0	1
TCGA-MP-A4T4	0	1
TCGA-MP-A4T7	0	1
TCGA-MP-A4T8	0	1
TCGA-MP-A4T9	1	0
TCGA-MP-A4TA	1	0
TCGA-MP-A4TC	1	0
TCGA-MP-A4TD	0	1
TCGA-MP-A4TE	0	1
TCGA-MP-A4TF	1	1
TCGA-MP-A4TJ	0	1
TCGA-MP-A4TK	1	0
TCGA-NJ-A4YF	1	0
TCGA-NJ-A4YG	0	1
TCGA-NJ-A4YI	0	1
TCGA-NJ-A4YP	0	1
TCGA-NJ-A55O	0	1
TCGA-NJ-A55R	0	1
TCGA-O1-A52J	1	0
