model	term	HR	lo	hi	P
M1 二分评分校正	grphigh	1.848	1.314	2.6	0.000422
M1 二分评分校正	age	1.011	0.995	1.027	0.176
M1 二分评分校正	stage4	2.456	1.786	3.377	3.21e-08
M1 二分评分校正	TMBlog	0.948	0.857	1.049	0.299
M1 二分评分校正	KEAP1_mut	0.947	0.644	1.392	0.78
M1 二分评分校正	TP53_mut	1.136	0.806	1.6	0.467
M2 连续评分校正	score	1.859	1.36	2.54	9.94e-05
M2 连续评分校正	age	1.01	0.995	1.027	0.195
M2 连续评分校正	stage4	2.34	1.7	3.221	1.84e-07
M2 连续评分校正	TMBlog	0.945	0.855	1.044	0.267
M2 连续评分校正	KEAP1_mut	0.822	0.547	1.236	0.346
M2 连续评分校正	TP53_mut	1.065	0.751	1.51	0.724
