"patient","grp","KEAP1","NFE2L2","TP53","KRAS","tmb"
"TCGA-69-7978","high",0,0,1,1,625
"TCGA-62-8399","low",0,0,1,0,560
"TCGA-78-7539","low",0,0,0,1,527
"TCGA-73-4658","low",0,1,0,0,338
"TCGA-44-6775","high",0,0,0,0,57
"TCGA-44-2655","high",1,0,0,0,202
"TCGA-44-3398","high",0,0,0,0,194
"TCGA-62-8397","low",0,0,0,0,30
"TCGA-53-A4EZ","high",1,0,1,0,566
"TCGA-50-7109","low",0,0,0,0,258
"TCGA-38-6178","high",0,0,1,0,59
"TCGA-86-8056","low",0,0,1,1,295
"TCGA-55-1592","low",0,0,1,0,562
"TCGA-86-A4JF","low",0,0,1,1,1468
"TCGA-69-7974","low",0,0,1,1,544
"TCGA-86-A456","high",0,0,0,1,374
"TCGA-97-8547","low",0,0,1,0,58
"TCGA-55-1595","low",0,0,0,1,341
"TCGA-NJ-A4YP","low",0,0,0,1,597
"TCGA-05-4424","high",0,0,1,0,729
"TCGA-97-A4M7","low",0,0,0,0,331
"TCGA-44-2668","high",0,0,1,0,376
"TCGA-NJ-A55A","low",0,0,0,0,106
"TCGA-05-5420","high",0,0,0,0,90
"TCGA-55-1594","high",0,0,1,0,166
"TCGA-44-2659","low",0,0,0,0,NA
"TCGA-78-7162","high",1,0,0,0,90
"TCGA-38-4632","high",0,0,1,0,548
"TCGA-49-6761","low",0,0,0,0,192
"TCGA-91-6828","low",0,0,0,1,290
"TCGA-05-4418","high",1,0,0,1,301
"TCGA-99-AA5R","low",0,0,0,0,42
"TCGA-55-7903","low",0,0,1,0,168
"TCGA-55-A492","high",1,0,0,0,306
"TCGA-55-8616","low",0,0,1,1,536
"TCGA-86-7954","high",0,0,1,0,225
"TCGA-05-4433","high",0,0,1,1,41
"TCGA-69-8253","high",1,0,0,1,170
"TCGA-86-8674","high",1,0,0,1,314
"TCGA-69-7765","low",0,0,1,0,653
"TCGA-86-8672","high",1,0,1,0,329
"TCGA-MP-A4T6","low",0,0,0,0,79
"TCGA-97-7547","low",0,0,0,0,181
"TCGA-55-7911","low",0,0,1,1,252
"TCGA-91-6835","low",0,0,0,0,79
"TCGA-55-A48Z","low",0,0,1,0,58
"TCGA-50-5045","low",0,0,1,0,296
"TCGA-55-7913","high",0,0,1,0,362
"TCGA-86-8075","high",0,0,1,0,46
"TCGA-97-8177","low",0,0,0,0,36
"TCGA-55-7907","low",0,0,1,1,1263
"TCGA-44-8117","low",0,0,1,1,838
"TCGA-86-8668","low",0,0,0,0,33
"TCGA-78-8660","high",0,1,1,0,267
"TCGA-05-4415","high",0,0,1,1,215
"TCGA-75-6212","low",0,0,0,0,21
"TCGA-67-6215","low",0,0,0,0,110
"TCGA-05-4430","high",0,0,1,0,279
"TCGA-49-6742","high",1,0,0,0,296
"TCGA-38-4627","high",0,0,0,0,29
"TCGA-69-7979","high",0,0,1,0,1593
"TCGA-69-7973","high",0,0,0,1,279
"TCGA-73-7499","high",0,0,1,0,66
"TCGA-44-A47A","low",0,0,0,1,225
"TCGA-78-8662","high",0,0,1,0,1251
"TCGA-55-8085","high",1,0,1,0,290
"TCGA-75-6206","low",1,0,0,1,93
"TCGA-50-5932","high",0,0,0,1,84
"TCGA-50-6594","high",0,0,1,0,575
"TCGA-49-AARQ","high",0,0,1,1,770
"TCGA-55-7574","low",0,0,1,0,235
"TCGA-50-5066","high",0,0,0,0,279
"TCGA-86-A4P7","low",0,0,0,0,62
"TCGA-64-5779","low",0,0,0,0,391
"TCGA-55-8096","low",0,0,1,0,153
"TCGA-97-8175","low",0,0,1,0,32
"TCGA-44-A4SS","high",1,0,1,0,505
"TCGA-91-7771","low",0,0,0,0,201
"TCGA-86-8278","low",0,0,0,0,101
"TCGA-55-8087","low",0,0,0,0,31
"TCGA-MP-A4T8","high",0,0,0,1,123
"TCGA-L9-A5IP","high",0,0,1,0,312
"TCGA-55-6979","low",0,0,0,0,118
"TCGA-69-7980","low",0,0,1,1,876
"TCGA-62-A472","low",0,0,1,0,63
"TCGA-49-4507","high",1,0,0,0,211
"TCGA-55-6642","low",0,0,0,1,133
"TCGA-86-7701","high",0,0,1,0,208
"TCGA-62-A46R","low",0,0,1,1,182
"TCGA-62-A46V","low",0,0,0,0,60
"TCGA-44-6146","low",0,0,0,1,43
"TCGA-49-4501","low",0,0,0,0,50
"TCGA-55-7914","low",0,0,1,1,189
"TCGA-73-4659","high",0,0,0,0,232
"TCGA-86-8669","high",0,0,0,0,153
"TCGA-49-AAQV","high",0,0,1,0,64
"TCGA-78-7149","low",1,0,0,0,153
"TCGA-86-8055","high",0,0,1,0,44
"TCGA-91-6829","high",0,0,0,0,687
"TCGA-78-7163","low",0,0,0,0,20
"TCGA-62-8398","high",1,0,0,1,87
"TCGA-38-A44F","low",0,0,0,0,14
"TCGA-38-4631","high",1,0,0,0,798
"TCGA-L9-A7SV","high",0,0,1,0,1766
"TCGA-49-AAR2","high",1,0,0,0,427
"TCGA-MP-A4SY","high",0,0,0,1,157
"TCGA-05-4432","high",0,0,1,0,623
"TCGA-05-4398","high",0,0,1,0,761
"TCGA-44-6778","high",1,0,1,0,420
"TCGA-55-8510","high",1,0,1,0,337
"TCGA-MP-A4TD","high",0,0,0,1,88
"TCGA-55-8205","high",0,0,1,0,578
"TCGA-55-7573","low",0,0,1,0,56
"TCGA-MP-A4T4","high",0,0,0,1,413
"TCGA-97-7941","high",0,1,0,1,95
"TCGA-55-7994","high",0,0,1,0,1704
"TCGA-05-4420","high",0,0,1,0,310
"TCGA-50-6591","high",0,0,1,0,54
"TCGA-38-4630","high",0,0,1,0,132
"TCGA-49-6743","high",1,0,0,0,801
"TCGA-55-8206","low",0,0,0,0,29
"TCGA-MP-A5C7","high",1,0,0,0,79
"TCGA-49-AARE","high",1,0,1,0,1329
"TCGA-86-7955","high",0,0,1,0,341
"TCGA-49-6744","low",0,0,0,0,219
"TCGA-95-A4VN","low",0,0,0,1,492
"TCGA-55-7576","high",0,0,1,1,406
"TCGA-53-7626","low",0,0,1,0,375
"TCGA-97-7546","low",0,0,0,0,301
"TCGA-44-7672","high",0,0,0,1,167
"TCGA-62-A46O","high",1,0,1,0,971
"TCGA-55-6984","high",0,0,0,1,23
"TCGA-97-8174","low",0,1,0,0,175
"TCGA-35-4123","high",0,0,1,0,310
"TCGA-93-A4JO","low",0,0,1,1,51
"TCGA-97-7937","low",0,0,1,0,484
"TCGA-50-6597","low",0,0,0,0,57
"TCGA-99-8033","high",1,0,1,0,186
"TCGA-55-7570","high",0,0,1,0,410
"TCGA-38-4626","low",0,0,0,0,223
"TCGA-69-7764","low",0,0,0,0,93
"TCGA-05-5715","low",0,0,0,0,130
"TCGA-50-6590","high",0,0,1,0,928
"TCGA-86-7713","low",0,0,0,1,167
"TCGA-S2-AA1A","low",0,0,0,0,131
"TCGA-75-7027","high",1,0,0,1,259
"TCGA-50-5049","low",0,0,1,0,819
"TCGA-55-8505","high",0,0,0,0,NA
"TCGA-49-AAR0","high",1,0,1,0,139
"TCGA-MP-A4T9","low",0,0,1,0,36
"TCGA-95-7567","low",0,0,1,1,1002
"TCGA-05-4422","high",0,1,0,0,48
"TCGA-86-8673","low",0,0,1,0,512
"TCGA-55-6543","low",0,0,0,0,24
"TCGA-NJ-A7XG","low",0,0,0,0,37
"TCGA-86-8280","low",0,0,1,0,49
"TCGA-99-8028","low",0,0,1,1,405
"TCGA-55-7725","low",0,0,0,1,154
"TCGA-64-5778","low",0,0,1,1,505
"TCGA-86-8671","low",0,0,0,0,33
"TCGA-05-4403","high",0,0,0,0,144
"TCGA-69-7763","low",0,0,0,0,77
"TCGA-49-4506","high",1,0,0,0,121
"TCGA-97-A4M1","low",0,0,1,0,45
"TCGA-86-8359","low",0,0,0,1,182
"TCGA-05-4405","low",0,0,1,0,398
"TCGA-62-A470","high",1,0,0,0,130
"TCGA-49-4487","high",0,0,1,0,364
"TCGA-44-6145","high",0,0,1,1,332
"TCGA-91-8499","low",0,0,1,0,347
"TCGA-95-8494","high",0,0,1,0,114
"TCGA-64-1681","high",0,0,1,0,69
"TCGA-55-A491","low",0,0,1,0,406
"TCGA-75-6214","high",0,0,1,0,751
"TCGA-86-6851","low",0,0,1,0,948
"TCGA-91-6849","high",1,0,0,0,124
"TCGA-62-8402","high",0,0,1,0,58
"TCGA-78-7156","high",1,0,0,0,323
"TCGA-50-5941","low",0,0,1,1,398
"TCGA-62-A46Y","low",0,0,1,0,36
"TCGA-44-7660","high",1,0,1,0,373
"TCGA-MP-A4TF","high",0,0,1,1,451
"TCGA-05-4402","high",0,0,1,0,128
"TCGA-62-A471","high",0,1,1,0,125
"TCGA-55-8513","low",0,0,0,0,1
"TCGA-05-4397","high",0,0,1,0,909
"TCGA-05-5429","high",0,0,0,0,36
"TCGA-78-7167","low",1,0,0,1,104
"TCGA-50-8459","low",0,0,0,1,90
"TCGA-93-8067","high",0,1,1,1,559
"TCGA-44-6776","high",1,0,0,1,210
"TCGA-44-7667","high",1,0,0,0,500
"TCGA-35-3615","high",0,0,0,0,NA
"TCGA-86-A4P8","low",0,0,0,0,NA
"TCGA-44-2666","low",0,0,0,0,32
"TCGA-44-5643","high",0,0,0,0,142
"TCGA-44-2661","low",0,0,0,0,46
"TCGA-69-8255","high",0,0,1,0,317
"TCGA-49-4514","high",1,0,1,0,349
"TCGA-78-7154","high",1,0,1,0,270
"TCGA-55-8507","low",0,0,1,0,1068
"TCGA-95-A4VP","low",0,0,0,1,130
"TCGA-50-6595","high",0,0,0,0,81
"TCGA-78-7155","high",0,0,1,0,1646
"TCGA-05-4382","high",0,0,1,0,1824
"TCGA-05-5428","high",0,0,1,0,407
"TCGA-44-5644","high",0,0,1,0,1033
"TCGA-55-6978","high",0,0,0,0,30
"TCGA-NJ-A55R","high",1,0,0,1,294
"TCGA-91-6840","high",0,0,1,0,130
"TCGA-55-8094","high",1,0,1,1,496
"TCGA-44-7661","high",0,0,1,1,271
"TCGA-NJ-A4YF","high",0,0,1,0,666
"TCGA-67-6217","low",0,0,0,0,195
"TCGA-86-A4D0","high",1,0,1,0,287
"TCGA-50-5939","high",1,0,1,0,77
"TCGA-55-7816","low",0,0,0,0,NA
"TCGA-50-5051","high",1,0,0,1,123
"TCGA-86-8279","low",0,0,1,0,559
"TCGA-55-6970","high",1,0,0,1,184
"TCGA-49-4488","high",1,0,1,0,310
"TCGA-97-7552","low",0,0,0,0,34
"TCGA-95-7947","low",1,0,1,0,593
"TCGA-05-4425","low",0,0,0,0,44
"TCGA-78-7633","low",1,0,0,0,114
"TCGA-64-1678","high",0,0,1,0,454
"TCGA-80-5608","low",0,0,0,1,184
"TCGA-64-5775","high",0,0,0,1,535
"TCGA-55-8508","low",0,0,0,1,195
"TCGA-44-2656","high",0,0,1,0,895
"TCGA-55-7281","low",0,0,0,1,482
"TCGA-J2-8194","high",1,0,0,1,161
"TCGA-78-7150","high",0,0,1,0,451
"TCGA-44-A47G","low",0,0,1,0,71
"TCGA-99-8025","low",0,0,1,1,527
"TCGA-50-6592","high",0,0,1,0,311
"TCGA-05-4249","low",0,0,0,1,340
"TCGA-97-7553","high",0,0,1,0,52
"TCGA-75-5125","high",0,0,1,0,176
"TCGA-67-3772","low",0,0,0,0,NA
"TCGA-78-7147","low",0,0,1,0,379
"TCGA-38-4628","low",0,0,0,0,133
"TCGA-99-8032","high",0,0,0,1,420
"TCGA-78-8648","low",0,0,0,0,7
"TCGA-62-A46S","low",0,0,0,1,129
"TCGA-NJ-A55O","low",0,0,0,1,150
"TCGA-44-6779","high",1,0,1,0,106
"TCGA-97-7938","low",0,0,1,1,428
"TCGA-MP-A4SW","low",0,0,0,0,69
"TCGA-49-AARN","low",0,0,1,0,811
"TCGA-55-8097","low",0,0,0,1,117
"TCGA-93-A4JQ","high",0,0,0,0,137
"TCGA-55-8299","low",0,0,0,0,190
"TCGA-4B-A93V","high",1,0,1,1,148
"TCGA-05-4417","low",0,0,0,1,330
"TCGA-78-7143","low",0,0,0,0,NA
"TCGA-44-3396","low",0,0,1,0,200
"TCGA-53-7624","high",1,0,1,0,867
"TCGA-75-5147","high",0,0,1,0,39
"TCGA-55-1596","high",0,0,1,0,205
"TCGA-44-5645","low",0,0,1,0,42
"TCGA-55-6971","low",0,0,0,0,87
"TCGA-73-7498","low",1,0,0,1,124
"TCGA-49-AARO","low",0,0,0,1,635
"TCGA-05-4396","high",0,0,1,0,257
"TCGA-69-8254","low",0,0,0,1,79
"TCGA-J2-A4AG","low",0,0,0,1,86
"TCGA-78-7146","high",1,0,1,0,394
"TCGA-73-4677","high",1,0,0,1,270
"TCGA-97-7554","low",0,0,1,1,468
"TCGA-L9-A443","low",0,0,0,1,263
"TCGA-55-6987","high",1,0,0,0,186
"TCGA-78-7220","high",1,0,1,0,914
"TCGA-64-1677","high",0,0,1,0,222
"TCGA-73-4666","high",1,0,1,0,406
"TCGA-49-4486","high",1,0,0,0,151
"TCGA-MN-A4N5","low",0,0,1,1,493
"TCGA-78-7152","low",0,0,0,0,216
"TCGA-83-5908","high",0,0,1,1,252
"TCGA-50-6593","low",0,0,1,0,331
"TCGA-MP-A4TC","high",0,0,1,0,281
"TCGA-78-7542","high",0,0,1,0,398
"TCGA-55-8615","high",0,0,0,1,132
"TCGA-55-A493","high",0,0,1,0,276
"TCGA-71-6725","low",0,0,1,0,60
"TCGA-73-4668","high",0,0,0,0,464
"TCGA-78-7158","low",1,0,0,0,258
"TCGA-44-7659","low",0,0,0,0,161
"TCGA-05-5425","high",0,0,1,0,602
"TCGA-64-1679","low",0,0,1,0,545
"TCGA-55-8506","low",1,0,1,0,1922
"TCGA-78-7166","high",1,0,0,1,249
"TCGA-91-8496","low",0,0,0,0,31
"TCGA-55-7283","low",0,0,1,1,234
"TCGA-55-A4DG","low",0,0,1,0,750
"TCGA-44-8119","high",0,0,0,0,688
"TCGA-71-8520","low",0,0,1,0,96
"TCGA-44-A47B","low",0,0,0,0,49
"TCGA-73-4670","high",1,0,1,1,389
"TCGA-MP-A4T7","high",1,0,0,1,143
"TCGA-55-8203","low",0,0,0,1,464
"TCGA-64-5774","low",0,0,0,1,152
"TCGA-50-5933","high",0,0,1,0,532
"TCGA-50-5946","low",0,0,1,0,718
"TCGA-50-8460","low",0,0,1,0,31
"TCGA-05-4250","high",0,0,0,1,396
"TCGA-L9-A50W","low",0,0,0,0,33
"TCGA-44-7662","high",0,0,1,0,603
"TCGA-97-A4M6","low",0,0,0,0,36
"TCGA-44-7669","high",1,0,1,0,495
"TCGA-78-8640","high",0,0,1,0,781
"TCGA-50-5931","high",0,0,1,0,332
"TCGA-44-3918","low",0,0,1,0,961
"TCGA-93-7347","low",0,0,0,0,126
"TCGA-38-7271","low",0,0,0,0,56
"TCGA-55-7724","high",0,0,0,0,213
"TCGA-73-A9RS","high",0,0,1,0,1048
"TCGA-49-4494","high",0,0,0,0,203
"TCGA-49-4512","low",0,0,0,0,40
"TCGA-62-8395","low",0,1,0,0,79
"TCGA-55-A57B","high",0,0,1,0,41
"TCGA-97-A4M5","high",0,0,0,1,162
"TCGA-67-3774","low",0,0,0,1,121
"TCGA-J2-8192","high",0,0,0,0,78
"TCGA-78-7535","low",0,0,1,0,188
"TCGA-95-A4VK","low",0,0,0,0,281
"TCGA-38-4629","high",0,0,1,0,301
"TCGA-35-5375","high",1,0,1,0,457
"TCGA-38-4625","high",0,0,0,0,625
"TCGA-91-6836","high",0,0,1,1,483
"TCGA-73-4675","high",0,0,0,0,77
"TCGA-62-8394","low",0,0,0,0,138
"TCGA-86-7711","high",0,0,1,0,242
"TCGA-78-7160","high",1,0,0,1,44
"TCGA-55-6982","high",0,1,0,0,228
"TCGA-55-6712","high",0,0,1,0,145
"TCGA-55-7995","high",1,0,1,0,719
"TCGA-69-A59K","high",0,0,0,0,520
"TCGA-50-5936","high",1,0,0,0,123
"TCGA-73-4676","high",0,0,1,0,103
"TCGA-86-6562","low",0,0,0,0,54
"TCGA-35-4122","high",0,0,1,0,337
"TCGA-80-5611","high",0,0,0,0,207
"TCGA-93-A4JP","low",0,0,1,0,56
"TCGA-50-5935","low",0,0,0,0,95
"TCGA-05-4389","high",1,0,0,0,246
"TCGA-44-A479","high",0,0,1,0,306
"TCGA-67-4679","low",0,0,0,1,307
"TCGA-44-8120","low",0,0,1,0,673
"TCGA-55-8089","high",0,0,1,0,1322
"TCGA-67-3773","low",0,0,0,1,106
"TCGA-MP-A4TA","high",0,0,1,0,385
"TCGA-50-5072","high",0,0,0,0,175
"TCGA-55-8091","high",0,0,0,0,21
"TCGA-97-A4LX","low",0,0,0,0,188
"TCGA-55-6968","high",0,0,1,0,539
"TCGA-MP-A4TH","low",0,0,0,0,119
"TCGA-NJ-A4YQ","low",1,0,0,0,1185
"TCGA-44-A4SU","low",0,0,1,0,153
"TCGA-49-4490","high",0,0,1,0,41
"TCGA-97-A4M3","high",1,0,0,0,224
"TCGA-J2-A4AD","high",0,1,1,0,356
"TCGA-55-7227","low",0,0,1,0,176
"TCGA-49-4505","low",0,0,1,1,231
"TCGA-78-7153","low",1,0,0,0,111
"TCGA-50-5944","low",0,0,1,0,66
"TCGA-97-8172","low",0,0,0,0,286
"TCGA-97-8171","low",0,0,0,0,57
"TCGA-69-7761","high",0,0,0,0,34
"TCGA-49-AARR","low",0,0,0,0,1
"TCGA-L4-A4E6","low",0,0,0,0,8
"TCGA-55-A48Y","high",0,1,0,0,373
"TCGA-93-7348","low",0,0,0,0,113
"TCGA-91-6847","low",0,0,1,0,77
"TCGA-55-6980","low",0,0,1,0,13
"TCGA-86-7953","high",0,0,1,1,54
"TCGA-86-7714","low",0,0,0,0,90
"TCGA-86-8585","high",0,0,1,0,620
"TCGA-55-8511","high",0,0,1,0,603
"TCGA-55-8092","low",0,0,1,0,617
"TCGA-62-A46U","high",0,0,1,0,46
"TCGA-55-8208","high",0,0,1,0,340
"TCGA-64-1676","high",0,0,1,0,619
"TCGA-91-A4BD","low",0,0,0,0,23
"TCGA-78-7145","high",0,0,1,1,202
"TCGA-97-8179","high",0,0,1,1,188
"TCGA-44-2662","high",0,0,1,0,222
"TCGA-86-8074","high",0,0,1,0,76
"TCGA-78-7540","high",0,0,1,1,31
"TCGA-05-4426","low",0,0,0,0,46
"TCGA-50-8457","low",0,0,0,0,59
"TCGA-55-6975","high",0,1,1,1,76
"TCGA-86-8073","high",0,0,1,0,1588
"TCGA-86-8076","low",0,0,0,1,67
"TCGA-62-A46P","low",0,0,0,0,292
"TCGA-J2-A4AE","low",0,0,0,0,59
"TCGA-67-3770","low",0,0,1,0,234
"TCGA-55-A490","low",0,0,0,1,1413
"TCGA-44-4112","low",0,0,0,0,469
"TCGA-49-6745","high",0,0,0,0,130
"TCGA-93-A4JN","low",0,0,1,0,75
"TCGA-86-8054","high",0,0,0,1,233
"TCGA-55-A4DF","high",1,0,0,0,849
"TCGA-75-5146","low",0,0,0,0,200
"TCGA-05-4384","high",1,0,0,0,141
"TCGA-55-8207","low",0,0,0,1,351
"TCGA-69-7760","high",0,0,1,0,76
"TCGA-49-4510","low",0,0,0,1,48
"TCGA-64-5815","low",0,0,0,1,188
"TCGA-55-8620","high",1,0,1,0,545
"TCGA-73-4662","low",0,0,0,1,222
"TCGA-49-AAR4","low",0,0,1,0,587
"TCGA-55-7910","high",0,0,1,1,331
"TCGA-55-8621","low",0,0,0,0,54
"TCGA-55-6981","high",0,0,1,0,53
"TCGA-MP-A4TJ","low",0,0,0,1,103
"TCGA-50-5942","low",0,0,0,0,57
"TCGA-05-4434","high",0,0,0,0,50
"TCGA-78-7148","high",0,0,0,1,231
"TCGA-69-8453","high",0,0,0,0,NA
"TCGA-97-8176","high",1,0,0,1,166
"TCGA-67-3771","high",1,0,1,0,1183
"TCGA-78-8655","low",0,0,0,1,113
"TCGA-95-7948","low",0,0,0,0,149
"TCGA-78-7161","low",0,0,0,1,204
"TCGA-05-4427","low",0,0,1,1,1074
"TCGA-97-A4M2","low",0,0,0,0,NA
"TCGA-50-5068","low",0,0,0,0,96
"TCGA-44-6148","low",0,0,0,0,6
"TCGA-78-7536","high",0,0,1,0,673
"TCGA-50-5044","low",0,0,0,0,131
"TCGA-55-A48X","low",0,0,1,0,395
"TCGA-55-A494","low",0,0,0,1,255
"TCGA-91-A4BC","low",0,0,1,0,468
"TCGA-55-6986","low",0,0,0,0,21
"TCGA-44-2657","low",0,0,0,0,425
"TCGA-49-6767","high",0,0,1,0,519
"TCGA-67-6216","low",0,0,0,0,29
"TCGA-50-5930","high",0,1,0,0,1193
"TCGA-97-8552","low",0,0,0,0,25
"TCGA-95-8039","low",0,0,1,0,103
"TCGA-55-8204","high",0,0,1,0,236
"TCGA-64-5781","high",1,0,0,0,1197
"TCGA-NJ-A4YI","low",0,0,0,1,502
"TCGA-L9-A444","low",0,0,1,0,610
"TCGA-MP-A4SV","high",0,0,1,0,362
"TCGA-55-8090","low",0,0,0,1,96
"TCGA-95-7944","low",0,0,1,0,268
"TCGA-NJ-A4YG","low",0,0,0,1,164
"TCGA-91-6830","high",0,0,0,0,229
"TCGA-55-8512","high",0,0,0,1,42
"TCGA-44-6777","low",0,0,1,0,387
"TCGA-55-6985","low",0,0,1,0,472
"TCGA-MP-A4TE","high",1,0,0,1,153
"TCGA-L4-A4E5","low",0,0,1,0,370
"TCGA-55-6969","high",0,0,1,0,428
"TCGA-55-7815","high",1,0,0,1,158
"TCGA-05-4390","high",0,0,0,1,597
"TCGA-78-7537","low",0,0,0,0,147
"TCGA-55-7284","high",0,0,0,1,43
"TCGA-55-8614","high",0,0,1,0,258
"TCGA-95-7043","high",1,0,1,0,1193
"TCGA-L9-A8F4","low",0,0,1,0,846
"TCGA-44-7670","high",0,0,1,0,1178
"TCGA-95-7039","high",0,0,1,1,1351
"TCGA-MP-A4TI","high",0,0,0,0,NA
"TCGA-44-2665","low",0,0,0,0,48
"TCGA-O1-A52J","low",0,0,1,0,196
"TCGA-55-5899","high",1,0,1,0,485
"TCGA-55-7728","low",0,0,0,1,96
"TCGA-99-7458","low",0,0,1,0,523
"TCGA-97-A4M0","low",0,0,0,1,418
"TCGA-91-6848","high",1,0,1,0,623
"TCGA-50-5055","low",0,0,0,0,10
"TCGA-44-7671","high",1,0,0,1,253
"TCGA-05-5423","low",0,0,1,0,157
"TCGA-55-8619","low",0,0,0,0,21
"TCGA-64-1680","low",0,0,0,0,55
"TCGA-49-AAR3","high",1,0,1,0,126
"TCGA-55-8514","low",0,0,1,1,312
"TCGA-91-8497","low",0,0,0,0,43
"TCGA-49-AAR9","high",1,0,1,0,708
"TCGA-44-6774","high",0,0,1,0,315
"TCGA-44-3919","low",0,0,0,0,38
"TCGA-44-6147","low",0,0,1,0,192
"TCGA-55-8301","low",0,0,1,0,307
"TCGA-95-7562","high",0,0,1,1,439
"TCGA-55-6983","low",0,0,0,1,114
"TCGA-53-7813","low",0,0,0,1,165
"TCGA-MN-A4N1","high",0,0,1,0,490
"TCGA-78-7159","high",0,0,0,0,329
"TCGA-50-6673","high",0,0,1,0,59
"TCGA-75-7025","low",0,0,0,0,33
"TCGA-55-7726","high",0,0,1,1,118
"TCGA-L9-A743","low",0,0,1,0,122
"TCGA-86-8358","high",0,0,0,0,NA
"TCGA-55-6972","low",1,0,0,0,287
"TCGA-55-7727","low",0,0,1,0,270
"TCGA-91-6831","high",0,0,1,0,290
"TCGA-MN-A4N4","low",0,0,0,0,1570
"TCGA-55-8302","high",1,0,1,1,735
"TCGA-MP-A4TK","low",0,0,1,0,379
