"pathway","NES","p","padj","size"
"HALLMARK_MYOGENESIS",-1.70029710368426,0.000162654521795706,0.00098330241187384,79
"HALLMARK_REACTIVE_OXYGEN_SPECIES_PATHWAY",2.11552069054806,0.000227169468423444,0.00098330241187384,18
"HALLMARK_MYC_TARGETS_V2",2.98415596348421,0.000231803430690774,0.00098330241187384,42
"HALLMARK_UNFOLDED_PROTEIN_RESPONSE",2.58679154028753,0.000240326844508532,0.00098330241187384,46
"REACTOME_KEAP1_NFE2L2_PATHWAY",3.03040443062461,0.000241196333815726,0.00098330241187384,64
"HALLMARK_DNA_REPAIR",2.31301049571366,0.00024265954865324,0.00098330241187384,65
"HALLMARK_SPERMATOGENESIS",2.03949267667172,0.000246305418719212,0.00098330241187384,35
"HALLMARK_OXIDATIVE_PHOSPHORYLATION",2.94653135989958,0.000255427841634738,0.00098330241187384,108
"HALLMARK_G2M_CHECKPOINT",3.66670541490224,0.000257466529351184,0.00098330241187384,126
"HALLMARK_MTORC1_SIGNALING",3.32477781467117,0.000258131130614352,0.00098330241187384,112
"HALLMARK_E2F_TARGETS",4.00910213330039,0.000258665287118469,0.00098330241187384,140
"HALLMARK_MYC_TARGETS_V1",3.90483003451226,0.000258665287118469,0.00098330241187384,136
"HALLMARK_GLYCOLYSIS",2.25837865695679,0.00025974025974026,0.00098330241187384,72
"HALLMARK_MITOTIC_SPINDLE",2.13314750465727,0.00025974025974026,0.00098330241187384,48
"IBRAHIM_NRF2_UP",3.50888774896386,0.000294724432655467,0.00104135966204932,257
"HALLMARK_ALLOGRAFT_REJECTION",-1.67067058883188,0.000325097529258778,0.0010768855656697,97
"HALLMARK_UV_RESPONSE_UP",1.70734009580093,0.000735835172921266,0.00229407436263689,56
"HALLMARK_INFLAMMATORY_RESPONSE",-1.53161327836703,0.00130123617436565,0.00383141762452107,95
"HALLMARK_PI3K_AKT_MTOR_SIGNALING",1.66211810337999,0.00143300692620014,0.00399733510992672,31
"HALLMARK_PROTEIN_SECRETION",1.6325996683544,0.00168269230769231,0.00445913461538462,35
"HALLMARK_UV_RESPONSE_DN",-1.57204196800804,0.00220115137148662,0.00555528679470434,47
"HALLMARK_FATTY_ACID_METABOLISM",1.55803355131469,0.00295785062854326,0.0071257310596724,52
"HALLMARK_KRAS_SIGNALING_UP",-1.49053899457533,0.00325785958625183,0.00737056054771074,85
"HALLMARK_ADIPOGENESIS",1.50004674668706,0.00333761232349166,0.00737056054771074,45
"HALLMARK_NOTCH_SIGNALING",-1.72445780636345,0.00830774787791223,0.0176124255011739,14
"HALLMARK_ANDROGEN_RESPONSE",1.50087705019511,0.00964320154291225,0.0196572954528596,26
"HALLMARK_IL2_STAT5_SIGNALING",-1.3956836460363,0.011565401531194,0.022702454857529,74
"HALLMARK_APICAL_JUNCTION",-1.392604262048,0.0125407166123779,0.0237377850162866,70
"HALLMARK_XENOBIOTIC_METABOLISM",1.37901639923056,0.0137841352405722,0.0243446839784419,53
"HALLMARK_HYPOXIA",1.37809989598502,0.014178912090745,0.0243446839784419,67
"HALLMARK_IL6_JAK_STAT3_SIGNALING",-1.48282182316298,0.014622398073284,0.0243446839784419,42
"HALLMARK_P53_PATHWAY",-1.37982308406269,0.0146986771190593,0.0243446839784419,50
"HALLMARK_INTERFERON_GAMMA_RESPONSE",-1.33079323562285,0.0271677240930535,0.0436330114221769,85
"HALLMARK_INTERFERON_ALPHA_RESPONSE",-1.37439240036779,0.0404335856847901,0.061253121060048,35
"HALLMARK_KRAS_SIGNALING_DN",-1.29564969831326,0.0407662082514735,0.061253121060048,80
"HALLMARK_COAGULATION",-1.3164597782297,0.0431764307483915,0.061253121060048,47
"HALLMARK_ESTROGEN_RESPONSE_LATE",1.27083144731501,0.0434895159202692,0.061253121060048,42
"HALLMARK_CHOLESTEROL_HOMEOSTASIS",1.36178841308159,0.0439173320807891,0.061253121060048,34
"GOBP_FERROPTOSIS",1.46163291648018,0.0459513718492081,0.06244673610277,11
"HALLMARK_BILE_ACID_METABOLISM",-1.29284959518715,0.0660875489695112,0.0875660023846023,31
"HALLMARK_HEDGEHOG_SIGNALING",-1.39414050078569,0.0696964253637507,0.0900953791287509,13
"HALLMARK_TGF_BETA_SIGNALING",-1.08444728051874,0.323352232459249,0.408039721912862,20
"HALLMARK_HEME_METABOLISM",-1.04348004701947,0.344765637759268,0.424943693052121,56
"HALLMARK_APICAL_SURFACE",-1.04648542111689,0.377927608232789,0.455230982644042,13
"HALLMARK_ESTROGEN_RESPONSE_EARLY",-1.01144724875913,0.423158582394251,0.498386774819896,71
"HALLMARK_TNFA_SIGNALING_VIA_NFKB",-0.972253590009452,0.52541822316063,0.601589519409014,74
"HALLMARK_COMPLEMENT",-0.969584902486296,0.533485045513654,0.601589519409014,62
"HALLMARK_APOPTOSIS",-0.907463060789723,0.686382623224729,0.757880813143971,65
"HALLMARK_ANGIOGENESIS",-0.846692078499693,0.710322464420825,0.768307971720484,8
"HALLMARK_WNT_BETA_CATENIN_SIGNALING",-0.802869768887526,0.791570745528599,0.839064990260315,21
"HALLMARK_PANCREAS_BETA_CELLS",0.692135611405421,0.937642239417387,0.959492435334309,15
"HALLMARK_PEROXISOME",-0.740062664717011,0.950119576358046,0.959492435334309,16
"HALLMARK_EPITHELIAL_MESENCHYMAL_TRANSITION",-0.78196804635097,0.959492435334309,0.959492435334309,63
